fecha_contacto,cliente,forma_pago,ubicacion,distancia_km,m2_referencia,tipologia,sistema_constructivo,tipo_entrega,revestimiento,estado_lead,precio_cotizado
2024-04-12,Elena Garcia,FINANCIACION PROPIA,CÓRDOBA CAPITAL,91.0,33.9,AMERICANA,S.F,OBRA GRIS,PIEDRA NATURAL,NO LE INTERESA,12314000.0
2025-03-11,Luis Romero,,CÓRDOBA CAPITAL,5.0,76.2,CABAÑA,W.F,LLAVE EN MANO,MADERA,NO LE INTERESA,35271000.0
2024-09-27,Luis Martinez,CONTADO,MENDIOLAZA,106.0,59.1,AMERICANA,W.F,OBRA GRIS,PIEDRA NATURAL,POTABLE,20144000.0
2024-04-16,Lucia Rodriguez,CONTADO,BUENOS AIRES,15.0,49.3,MINIMALISTA,E.E,LLAVE EN MANO,PIEDRA NATURAL,NO LE INTERESA,18653000.0
2024-03-12,Ana Garcia,NO SABE,ALTA GRACIA,45.0,46.2,AMERICANA,E.E,LLAVE EN MANO,LADRILLO,NO LE INTERESA,17976000.0
2025-12-01,Diego Sanchez,FINANCIACION PROPIA,ALTA GRACIA,137.0,57.8,MINIMALISTA,S.F,OBRA GRIS,MADERA,NO LE INTERESA,20703000.0
2024-01-21,Pedro Martinez,CONTADO,MENDIOLAZA,57.0,63.2,CABAÑA,S.F,OBRA GRIS,LADRILLO,NO LE INTERESA,22406000.0
2025-09-06,Diego Lopez,CONTADO,LA PLATA,27.0,52.5,CABAÑA,S.F,OBRA GRIS,LADRILLO,NO LE INTERESA,18932000.0
2024-05-01,Luis Martinez,PLAN 36-60,SANTIAGO DEL ESTERO,58.0,20.0,AMERICANA,E.E,LLAVE EN MANO,LADRILLO,VENDIDO,7568000.0
2025-04-11,Pedro Garcia,CONTADO,CARLOS PAZ,21.0,55.3,AMERICANA,W.F,OBRA GRIS,MADERA,POTABLE,18204000.0
2024-08-02,Diego Perez,PLAN 36-60,CARLOS PAZ,16.0,26.2,CABAÑA,W.F,OBRA GRIS,MADERA,POTABLE,8662000.0
2024-11-26,Elena Sanchez,NO SABE,MENDIOLAZA,285.0,50.8,CABAÑA,E.E,OBRA GRIS,PIEDRA NATURAL,POTABLE,14008000.0
2025-04-03,Diego Sanchez,CONTADO,BUENOS AIRES,69.0,26.9,AMERICANA,W.F,OBRA GRIS,MADERA,VENDIDO,8799000.0
2024-03-28,Maria Gonzalez,CONTADO,CARLOS PAZ,52.0,26.7,CABAÑA,W.F,LLAVE EN MANO,LADRILLO,POTABLE,11805000.0
2025-01-07,Ana Rodriguez,FINANCIACION PROPIA,CÓRDOBA CAPITAL,22.0,79.7,MINIMALISTA,W.F,OBRA GRIS,MADERA,NO LE INTERESA,26471000.0
2024-04-09,Lucia Sanchez,CONTADO,BUENOS AIRES,5.0,48.6,MINIMALISTA,E.E,LLAVE EN MANO,PIEDRA NATURAL,POTABLE,18200000.0
2025-10-25,Juan Rodriguez,NO SABE,BUENOS AIRES,5.0,47.1,AMERICANA,S.F,LLAVE EN MANO,LADRILLO,POTABLE,22270000.0
2024-05-10,Maria Martinez,PLAN 36-60,CÓRDOBA CAPITAL,40.0,64.7,AMERICANA,W.F,OBRA GRIS,PIEDRA NATURAL,NO LE INTERESA,20067000.0
2025-10-23,Pedro Garcia,NO SABE,LA PLATA,72.0,47.6,CABAÑA,W.F,OBRA GRIS,MADERA,NO LE INTERESA,14764000.0
2024-11-04,Maria Romero,CONTADO,MENDIOLAZA,39.0,97.1,CABAÑA,S.F,LLAVE EN MANO,PIEDRA NATURAL,POTABLE,48114000.0
2026-02-08,Jorge Gonzalez,CONTADO,CÓRDOBA CAPITAL,92.0,49.5,MINIMALISTA,W.F,OBRA GRIS,PIEDRA NATURAL,NO LE INTERESA,16670000.0
2024-12-09,Juan Garcia,PLAN 36-60,MENDIOLAZA,5.0,62.3,AMERICANA,W.F,LLAVE EN MANO,,POTABLE,28123000.0
2025-05-06,Diego Rodriguez,,MENDIOLAZA,23.0,74.4,AMERICANA,S.F,LLAVE EN MANO,PIEDRA NATURAL,NO LE INTERESA,35434000.0
2025-02-17,Maria Gonzalez,CONTADO,BUENOS AIRES,14.0,87.0,AMERICANA,E.E,OBRA GRIS,MADERA,POTABLE,24000000.0
2025-01-20,Luis Martinez,NO SABE,ALTA GRACIA,30.0,40.2,AMERICANA,E.E,OBRA GRIS,LADRILLO,NO LE INTERESA,11143000.0
2024-07-10,Elena Rodriguez,FINANCIACION PROPIA,SANTIAGO DEL ESTERO,5.0,46.6,MINIMALISTA,W.F,OBRA GRIS,PIEDRA NATURAL,POTABLE,14940000.0
2024-10-03,Pedro Martinez,PLAN 36-60,SANTIAGO DEL ESTERO,154.0,80.5,MINIMALISTA,W.F,LLAVE EN MANO,LADRILLO,NO LE INTERESA,36230000.0
2024-06-09,Elena Martinez,CONTADO,MENDIOLAZA,13.0,71.2,AMERICANA,S.F,LLAVE EN MANO,MADERA,POTABLE,35505000.0
2025-04-04,Maria Gonzalez,FINANCIACION PROPIA,SANTIAGO DEL ESTERO,128.0,,MINIMALISTA,S.F,OBRA GRIS,MADERA,NO LE INTERESA,26535000.0
2024-11-09,Luis Gonzalez,FINANCIACION PROPIA,SANTIAGO DEL ESTERO,28.0,27.6,AMERICANA,W.F,OBRA GRIS,PIEDRA NATURAL,POTABLE,9075000.0
2024-01-22,Elena Garcia,PLAN 36-60,CARLOS PAZ,212.0,86.0,MINIMALISTA,W.F,LLAVE EN MANO,PIEDRA NATURAL,NO LE INTERESA,39270000.0
2024-09-09,Carla Lopez,,BUENOS AIRES,40.0,39.8,CABAÑA,E.E,LLAVE EN MANO,MADERA,NO LE INTERESA,14954000.0
2026-01-17,Maria Sanchez,CONTADO,CARLOS PAZ,134.0,58.8,MINIMALISTA,E.E,OBRA GRIS,MADERA,VENDIDO,17364000.0
2025-07-14,Ana Sanchez,CONTADO,ALTA GRACIA,5.0,52.0,AMERICANA,E.E,LLAVE EN MANO,LADRILLO,VENDIDO,19735000.0
2025-04-19,Luis Gonzalez,CONTADO,LA PLATA,69.0,37.4,CABAÑA,E.E,OBRA GRIS,LADRILLO,NO LE INTERESA,10524000.0
2024-02-28,Luis Rodriguez,FINANCIACION PROPIA,BUENOS AIRES,117.0,26.7,AMERICANA,S.F,LLAVE EN MANO,PIEDRA NATURAL,NO LE INTERESA,13852000.0
2025-05-25,Luis Lopez,PLAN 36-60,CÓRDOBA CAPITAL,8.0,20.1,CABAÑA,E.E,OBRA GRIS,PIEDRA NATURAL,NO LE INTERESA,5497000.0
2025-11-12,Ana Gonzalez,CONTADO,CÓRDOBA CAPITAL,5.0,57.4,CABAÑA,E.E,OBRA GRIS,PIEDRA NATURAL,NO LE INTERESA,15311000.0
2025-04-20,Maria Martinez,CONTADO,CARLOS PAZ,28.0,24.5,MINIMALISTA,W.F,LLAVE EN MANO,PIEDRA NATURAL,NO LE INTERESA,11076000.0
2025-11-30,Jorge Romero,CONTADO,MENDIOLAZA,136.0,32.3,MINIMALISTA,E.E,LLAVE EN MANO,PIEDRA NATURAL,POTABLE,12510000.0
2026-02-21,Pedro Garcia,CONTADO,SANTIAGO DEL ESTERO,39.0,50.6,CABAÑA,W.F,OBRA GRIS,PIEDRA NATURAL,POTABLE,16486000.0
2024-07-08,Juan Perez,PLAN 36-60,ALTA GRACIA,37.0,20.0,CABAÑA,W.F,OBRA GRIS,,NO LE INTERESA,6701000.0
2025-11-17,Pedro Martinez,CONTADO,LA PLATA,8.0,70.6,CABAÑA,E.E,OBRA GRIS,PIEDRA NATURAL,NO LE INTERESA,19802000.0
2025-07-16,Juan Romero,CONTADO,CARLOS PAZ,5.0,20.0,AMERICANA,E.E,OBRA GRIS,LADRILLO,NO LE INTERESA,5689000.0
2025-07-20,Juan Gonzalez,FINANCIACION PROPIA,MENDIOLAZA,83.0,53.5,MINIMALISTA,W.F,LLAVE EN MANO,MADERA,POTABLE,24645000.0
2024-08-31,Carla Sanchez,PLAN 36-60,ALTA GRACIA,5.0,55.3,AMERICANA,S.F,OBRA GRIS,MADERA,NO LE INTERESA,19983000.0
2025-05-19,Maria Sanchez,FINANCIACION PROPIA,MENDIOLAZA,50.0,65.8,MINIMALISTA,W.F,LLAVE EN MANO,PIEDRA NATURAL,VENDIDO,30296000.0
2024-05-10,Diego Romero,CONTADO,ALTA GRACIA,123.0,54.2,AMERICANA,S.F,LLAVE EN MANO,MADERA,POTABLE,28016000.0
2025-04-29,Juan Martinez,CONTADO,CARLOS PAZ,12.0,95.4,MINIMALISTA,S.F,OBRA GRIS,PIEDRA NATURAL,NO LE INTERESA,33262000.0
2025-10-08,Ana Gonzalez,PLAN 36-60,ALTA GRACIA,55.0,59.3,CABAÑA,E.E,LLAVE EN MANO,LADRILLO,VENDIDO,22279000.0
2024-01-21,Juan Garcia,CONTADO,BUENOS AIRES,5.0,76.1,CABAÑA,E.E,LLAVE EN MANO,PIEDRA NATURAL,POTABLE,29522000.0
2024-06-15,Diego Garcia,CONTADO,SANTIAGO DEL ESTERO,46.0,40.5,MINIMALISTA,E.E,OBRA GRIS,LADRILLO,NO LE INTERESA,11797000.0
2024-09-30,Juan Romero,FINANCIACION PROPIA,ALTA GRACIA,9.0,57.4,CABAÑA,E.E,OBRA GRIS,LADRILLO,NO LE INTERESA,15495000.0
2025-01-22,Maria Perez,NO SABE,LA PLATA,67.0,86.0,CABAÑA,W.F,OBRA GRIS,LADRILLO,POTABLE,28448000.0
2025-08-23,Carla Rodriguez,CONTADO,ALTA GRACIA,18.0,50.2,AMERICANA,S.F,OBRA GRIS,PIEDRA NATURAL,POTABLE,17660000.0
2024-11-11,Jorge Martinez,CONTADO,BUENOS AIRES,31.0,58.8,MINIMALISTA,W.F,OBRA GRIS,,POTABLE,19741000.0
2024-01-14,Diego Perez,NO SABE,CÓRDOBA CAPITAL,46.0,74.6,CABAÑA,S.F,LLAVE EN MANO,PIEDRA NATURAL,POTABLE,37470000.0
2024-08-29,Pedro Romero,CONTADO,BUENOS AIRES,9.0,40.2,MINIMALISTA,W.F,OBRA GRIS,LADRILLO,VENDIDO,13166000.0
2026-02-15,Diego Garcia,PLAN 36-60,ALTA GRACIA,68.0,20.0,AMERICANA,S.F,OBRA GRIS,LADRILLO,POTABLE,7377000.0
2024-12-11,Pedro Garcia,NO SABE,MENDIOLAZA,18.0,60.1,MINIMALISTA,E.E,LLAVE EN MANO,MADERA,VENDIDO,24549000.0
2025-07-18,Maria Martinez,NO SABE,CARLOS PAZ,54.0,74.8,AMERICANA,S.F,OBRA GRIS,PIEDRA NATURAL,POTABLE,25959000.0
2024-12-05,Juan Lopez,PLAN 36-60,CÓRDOBA CAPITAL,9.0,28.0,AMERICANA,E.E,OBRA GRIS,MADERA,VENDIDO,8190000.0
2024-04-01,Luis Romero,CONTADO,CARLOS PAZ,58.0,68.4,AMERICANA,S.F,OBRA GRIS,LADRILLO,POTABLE,22957000.0
2025-01-01,Elena Perez,CONTADO,MENDIOLAZA,7.0,68.5,CABAÑA,W.F,LLAVE EN MANO,MADERA,NO LE INTERESA,31701000.0
2025-03-30,Maria Romero,FINANCIACION PROPIA,LA PLATA,28.0,20.0,AMERICANA,S.F,OBRA GRIS,LADRILLO,POTABLE,6927000.0
2025-03-03,Pedro Romero,NO SABE,SANTIAGO DEL ESTERO,14.0,36.3,MINIMALISTA,W.F,OBRA GRIS,MADERA,POTABLE,11695000.0
2025-05-23,Elena Perez,PLAN 36-60,LA PLATA,69.0,47.1,MINIMALISTA,W.F,OBRA GRIS,MADERA,POTABLE,15782000.0
2026-02-14,Luis Martinez,FINANCIACION PROPIA,CÓRDOBA CAPITAL,15.0,51.4,CABAÑA,E.E,OBRA GRIS,PIEDRA NATURAL,POTABLE,14612000.0
2024-02-04,Luis Rodriguez,FINANCIACION PROPIA,MENDIOLAZA,107.0,40.1,CABAÑA,S.F,OBRA GRIS,PIEDRA NATURAL,POTABLE,14135000.0
2024-07-24,Carla Martinez,PLAN 36-60,MENDIOLAZA,111.0,39.1,AMERICANA,W.F,LLAVE EN MANO,MADERA,NO LE INTERESA,17195000.0
2024-03-21,Diego Perez,FINANCIACION PROPIA,SANTIAGO DEL ESTERO,11.0,88.4,AMERICANA,S.F,OBRA GRIS,MADERA,POTABLE,32316000.0
2025-07-15,Jorge Garcia,PLAN 36-60,ALTA GRACIA,48.0,52.8,AMERICANA,E.E,OBRA GRIS,PIEDRA NATURAL,NO LE INTERESA,14607000.0
2025-01-22,Ana Romero,PLAN 36-60,CÓRDOBA CAPITAL,5.0,41.1,CABAÑA,E.E,OBRA GRIS,LADRILLO,NO LE INTERESA,11056000.0
2024-01-02,Jorge Gonzalez,CONTADO,SANTIAGO DEL ESTERO,25.0,54.2,CABAÑA,S.F,OBRA GRIS,LADRILLO,NO LE INTERESA,19129000.0
2025-01-24,Lucia Martinez,FINANCIACION PROPIA,BUENOS AIRES,62.0,65.7,MINIMALISTA,W.F,OBRA GRIS,LADRILLO,NO LE INTERESA,21049000.0
2025-07-19,Juan Martinez,PLAN 36-60,BUENOS AIRES,54.0,56.0,AMERICANA,W.F,LLAVE EN MANO,LADRILLO,NO LE INTERESA,25555000.0
2024-04-15,Jorge Gonzalez,CONTADO,CARLOS PAZ,49.0,50.9,AMERICANA,W.F,LLAVE EN MANO,MADERA,NO LE INTERESA,22406000.0
2026-02-10,Juan Garcia,FINANCIACION PROPIA,SANTIAGO DEL ESTERO,17.0,42.0,MINIMALISTA,S.F,OBRA GRIS,LADRILLO,POTABLE,14547000.0
2025-04-21,Ana Perez,PLAN 36-60,CARLOS PAZ,24.0,41.8,MINIMALISTA,W.F,OBRA GRIS,MADERA,NO LE INTERESA,14133000.0
2025-12-03,Pedro Sanchez,NO SABE,BUENOS AIRES,5.0,43.0,MINIMALISTA,W.F,LLAVE EN MANO,MADERA,NO LE INTERESA,20238000.0
2025-02-05,Pedro Garcia,CONTADO,BUENOS AIRES,63.0,61.8,MINIMALISTA,W.F,LLAVE EN MANO,LADRILLO,POTABLE,28973000.0
2025-12-30,Elena Rodriguez,PLAN 36-60,CARLOS PAZ,35.0,35.1,AMERICANA,E.E,LLAVE EN MANO,LADRILLO,NO LE INTERESA,14197000.0
2025-07-09,Elena Gonzalez,CONTADO,MENDIOLAZA,62.0,62.9,CABAÑA,W.F,OBRA GRIS,LADRILLO,POTABLE,19648000.0
2024-06-10,Ana Garcia,NO SABE,SANTIAGO DEL ESTERO,14.0,83.3,AMERICANA,S.F,LLAVE EN MANO,PIEDRA NATURAL,POTABLE,40703000.0
2024-07-20,Juan Martinez,CONTADO,MENDIOLAZA,20.0,,MINIMALISTA,S.F,OBRA GRIS,MADERA,NO LE INTERESA,22046000.0
2024-09-26,Lucia Sanchez,PLAN 36-60,BUENOS AIRES,20.0,47.6,CABAÑA,W.F,OBRA GRIS,,POTABLE,14991000.0
2024-09-27,Lucia Gonzalez,FINANCIACION PROPIA,MENDIOLAZA,5.0,29.0,AMERICANA,S.F,LLAVE EN MANO,PIEDRA NATURAL,POTABLE,13554000.0
2025-03-31,Ana Perez,CONTADO,LA PLATA,21.0,86.6,MINIMALISTA,S.F,OBRA GRIS,MADERA,POTABLE,30093000.0
2025-04-06,Pedro Lopez,NO SABE,LA PLATA,81.0,31.6,CABAÑA,W.F,OBRA GRIS,MADERA,POTABLE,10220000.0
2025-12-27,Lucia Martinez,FINANCIACION PROPIA,MENDIOLAZA,114.0,72.0,CABAÑA,E.E,LLAVE EN MANO,MADERA,POTABLE,27160000.0
2024-09-08,Pedro Martinez,CONTADO,MENDIOLAZA,37.0,67.8,CABAÑA,W.F,OBRA GRIS,LADRILLO,POTABLE,21494000.0
2025-12-02,Carla Lopez,CONTADO,CARLOS PAZ,30.0,50.3,AMERICANA,S.F,LLAVE EN MANO,LADRILLO,POTABLE,25722000.0
2024-10-22,Diego Sanchez,,MENDIOLAZA,5.0,49.7,MINIMALISTA,S.F,LLAVE EN MANO,MADERA,POTABLE,23752000.0
2025-12-25,Ana Romero,CONTADO,CÓRDOBA CAPITAL,106.0,20.0,AMERICANA,W.F,LLAVE EN MANO,MADERA,POTABLE,9238000.0
2025-12-20,Diego Rodriguez,FINANCIACION PROPIA,SANTIAGO DEL ESTERO,5.0,61.6,AMERICANA,S.F,OBRA GRIS,PIEDRA NATURAL,NO LE INTERESA,21541000.0
2026-01-18,Lucia Garcia,NO SABE,CÓRDOBA CAPITAL,145.0,67.4,AMERICANA,E.E,LLAVE EN MANO,PIEDRA NATURAL,POTABLE,27603000.0
2024-12-03,Luis Sanchez,CONTADO,LA PLATA,34.0,33.2,CABAÑA,W.F,LLAVE EN MANO,MADERA,NO LE INTERESA,15248000.0
2024-02-22,Ana Romero,PLAN 36-60,CÓRDOBA CAPITAL,21.0,51.9,MINIMALISTA,S.F,OBRA GRIS,PIEDRA NATURAL,NO LE INTERESA,17575000.0
2024-08-04,Ana Gonzalez,PLAN 36-60,ALTA GRACIA,129.0,55.8,AMERICANA,E.E,LLAVE EN MANO,MADERA,NO LE INTERESA,21279000.0
2026-02-02,Ana Perez,CONTADO,ALTA GRACIA,5.0,66.7,MINIMALISTA,S.F,OBRA GRIS,PIEDRA NATURAL,NO LE INTERESA,23487000.0
2024-07-06,Ana Romero,CONTADO,LA PLATA,44.0,55.1,CABAÑA,E.E,OBRA GRIS,,POTABLE,14791000.0
2025-01-14,Diego Sanchez,CONTADO,CÓRDOBA CAPITAL,40.0,22.5,AMERICANA,S.F,LLAVE EN MANO,LADRILLO,VENDIDO,10967000.0
2025-05-07,Luis Gonzalez,PLAN 36-60,SANTIAGO DEL ESTERO,12.0,44.4,MINIMALISTA,W.F,LLAVE EN MANO,MADERA,POTABLE,19831000.0
2024-02-10,Luis Sanchez,PLAN 36-60,LA PLATA,28.0,59.5,CABAÑA,S.F,OBRA GRIS,LADRILLO,POTABLE,20233000.0
2024-06-05,Elena Romero,FINANCIACION PROPIA,ALTA GRACIA,53.0,71.8,AMERICANA,W.F,LLAVE EN MANO,MADERA,POTABLE,31801000.0
2024-01-15,Diego Perez,CONTADO,LA PLATA,65.0,,AMERICANA,E.E,OBRA GRIS,LADRILLO,NO LE INTERESA,11821000.0
2024-03-05,Diego Perez,FINANCIACION PROPIA,CÓRDOBA CAPITAL,5.0,98.8,MINIMALISTA,E.E,LLAVE EN MANO,PIEDRA NATURAL,VENDIDO,36846000.0
2025-06-04,Diego Sanchez,PLAN 36-60,CÓRDOBA CAPITAL,138.0,20.0,MINIMALISTA,S.F,OBRA GRIS,LADRILLO,NO LE INTERESA,7427000.0
2024-12-09,Elena Perez,FINANCIACION PROPIA,CÓRDOBA CAPITAL,9.0,43.7,AMERICANA,W.F,LLAVE EN MANO,PIEDRA NATURAL,NO LE INTERESA,20615000.0
2024-05-08,Maria Perez,PLAN 36-60,CARLOS PAZ,13.0,53.3,AMERICANA,W.F,LLAVE EN MANO,MADERA,VENDIDO,23540000.0
2025-10-09,Elena Rodriguez,FINANCIACION PROPIA,CÓRDOBA CAPITAL,15.0,51.0,CABAÑA,E.E,OBRA GRIS,PIEDRA NATURAL,POTABLE,13748000.0
2025-04-16,Elena Sanchez,FINANCIACION PROPIA,MENDIOLAZA,5.0,30.4,CABAÑA,E.E,LLAVE EN MANO,PIEDRA NATURAL,NO LE INTERESA,12465000.0
2024-03-03,Elena Sanchez,PLAN 36-60,ALTA GRACIA,7.0,64.0,AMERICANA,S.F,LLAVE EN MANO,PIEDRA NATURAL,VENDIDO,32125000.0
2024-05-18,Diego Gonzalez,CONTADO,BUENOS AIRES,215.0,62.4,MINIMALISTA,E.E,OBRA GRIS,MADERA,NO LE INTERESA,18491000.0
2025-05-13,Juan Perez,NO SABE,ALTA GRACIA,19.0,56.0,MINIMALISTA,E.E,OBRA GRIS,LADRILLO,POTABLE,15490000.0
2025-08-15,Maria Gonzalez,FINANCIACION PROPIA,CARLOS PAZ,6.0,61.6,AMERICANA,W.F,OBRA GRIS,PIEDRA NATURAL,NO LE INTERESA,19813000.0
2025-01-26,Jorge Romero,NO SABE,ALTA GRACIA,6.0,46.5,CABAÑA,W.F,LLAVE EN MANO,MADERA,POTABLE,21873000.0
2025-11-05,Lucia Rodriguez,FINANCIACION PROPIA,ALTA GRACIA,64.0,22.7,AMERICANA,W.F,LLAVE EN MANO,PIEDRA NATURAL,POTABLE,10287000.0
2025-02-22,Juan Perez,PLAN 36-60,LA PLATA,96.0,40.7,MINIMALISTA,E.E,OBRA GRIS,LADRILLO,NO LE INTERESA,11739000.0
2024-10-15,Jorge Romero,CONTADO,BUENOS AIRES,15.0,58.1,AMERICANA,S.F,OBRA GRIS,PIEDRA NATURAL,POTABLE,20774000.0
2025-01-13,Lucia Lopez,CONTADO,BUENOS AIRES,5.0,58.3,AMERICANA,S.F,LLAVE EN MANO,PIEDRA NATURAL,POTABLE,29538000.0
2026-02-11,Ana Sanchez,NO SABE,CÓRDOBA CAPITAL,13.0,55.8,CABAÑA,E.E,OBRA GRIS,PIEDRA NATURAL,NO LE INTERESA,16387000.0
2025-05-04,Pedro Perez,CONTADO,MENDIOLAZA,5.0,66.0,MINIMALISTA,S.F,OBRA GRIS,LADRILLO,NO LE INTERESA,22726000.0
2024-08-18,Jorge Sanchez,CONTADO,MENDIOLAZA,5.0,43.4,MINIMALISTA,E.E,OBRA GRIS,LADRILLO,POTABLE,11852000.0
2024-02-10,Lucia Sanchez,,LA PLATA,28.0,55.5,AMERICANA,S.F,LLAVE EN MANO,MADERA,POTABLE,26087000.0
2024-01-28,Elena Martinez,,MENDIOLAZA,13.0,66.4,MINIMALISTA,E.E,LLAVE EN MANO,PIEDRA NATURAL,NO LE INTERESA,26977000.0
2024-05-14,Maria Gonzalez,CONTADO,LA PLATA,36.0,53.3,MINIMALISTA,W.F,OBRA GRIS,PIEDRA NATURAL,POTABLE,16860000.0
2024-07-19,Lucia Romero,CONTADO,BUENOS AIRES,15.0,30.1,MINIMALISTA,S.F,LLAVE EN MANO,PIEDRA NATURAL,NO LE INTERESA,14106000.0
2026-02-18,Carla Perez,PLAN 36-60,BUENOS AIRES,141.0,35.8,MINIMALISTA,W.F,LLAVE EN MANO,PIEDRA NATURAL,VENDIDO,16947000.0
2024-02-02,Lucia Garcia,CONTADO,BUENOS AIRES,118.0,71.6,CABAÑA,W.F,OBRA GRIS,LADRILLO,NO LE INTERESA,23255000.0
2024-02-17,Juan Garcia,FINANCIACION PROPIA,MENDIOLAZA,42.0,82.8,CABAÑA,S.F,LLAVE EN MANO,LADRILLO,POTABLE,42010000.0
2025-05-17,Maria Perez,CONTADO,ALTA GRACIA,22.0,78.5,CABAÑA,E.E,OBRA GRIS,PIEDRA NATURAL,POTABLE,22133000.0
2025-02-10,Juan Romero,FINANCIACION PROPIA,BUENOS AIRES,24.0,59.6,CABAÑA,W.F,LLAVE EN MANO,PIEDRA NATURAL,NO LE INTERESA,26403000.0
2025-07-27,Lucia Romero,FINANCIACION PROPIA,SANTIAGO DEL ESTERO,27.0,30.9,CABAÑA,W.F,OBRA GRIS,PIEDRA NATURAL,NO LE INTERESA,9620000.0
2025-12-28,Ana Romero,PLAN 36-60,CÓRDOBA CAPITAL,65.0,54.9,MINIMALISTA,E.E,OBRA GRIS,PIEDRA NATURAL,NO LE INTERESA,15372000.0
2024-04-08,Diego Gonzalez,,SANTIAGO DEL ESTERO,30.0,86.2,AMERICANA,E.E,OBRA GRIS,MADERA,POTABLE,23036000.0
2025-11-14,Maria Gonzalez,PLAN 36-60,ALTA GRACIA,97.0,67.4,AMERICANA,S.F,LLAVE EN MANO,,POTABLE,33511000.0
2025-12-26,Elena Martinez,PLAN 36-60,CARLOS PAZ,144.0,50.9,CABAÑA,S.F,OBRA GRIS,PIEDRA NATURAL,POTABLE,17901000.0
2025-06-30,Pedro Garcia,CONTADO,LA PLATA,20.0,67.6,MINIMALISTA,E.E,LLAVE EN MANO,PIEDRA NATURAL,NO LE INTERESA,25578000.0
2026-01-08,Luis Rodriguez,FINANCIACION PROPIA,MENDIOLAZA,41.0,29.6,CABAÑA,W.F,OBRA GRIS,PIEDRA NATURAL,NO LE INTERESA,9622000.0
2025-09-04,Lucia Martinez,PLAN 36-60,MENDIOLAZA,5.0,41.1,AMERICANA,E.E,LLAVE EN MANO,MADERA,POTABLE,16604000.0
2025-04-06,Jorge Sanchez,FINANCIACION PROPIA,ALTA GRACIA,11.0,33.3,MINIMALISTA,S.F,OBRA GRIS,LADRILLO,NO LE INTERESA,12226000.0
2025-10-04,Juan Garcia,CONTADO,MENDIOLAZA,27.0,64.4,MINIMALISTA,W.F,OBRA GRIS,MADERA,NO LE INTERESA,20834000.0
2026-02-07,Juan Rodriguez,CONTADO,ALTA GRACIA,12.0,69.3,MINIMALISTA,W.F,LLAVE EN MANO,MADERA,NO LE INTERESA,30100000.0
2024-01-05,Juan Martinez,NO SABE,SANTIAGO DEL ESTERO,105.0,51.9,AMERICANA,S.F,OBRA GRIS,PIEDRA NATURAL,NO LE INTERESA,18892000.0
2024-08-05,Elena Garcia,PLAN 36-60,CARLOS PAZ,9.0,37.5,AMERICANA,W.F,OBRA GRIS,PIEDRA NATURAL,NO LE INTERESA,12325000.0
2025-05-17,Ana Gonzalez,PLAN 36-60,LA PLATA,30.0,54.6,CABAÑA,E.E,LLAVE EN MANO,LADRILLO,NO LE INTERESA,22422000.0
2026-02-05,Ana Sanchez,PLAN 36-60,MENDIOLAZA,47.0,45.3,CABAÑA,S.F,LLAVE EN MANO,PIEDRA NATURAL,NO LE INTERESA,22346000.0
2025-02-01,Jorge Sanchez,CONTADO,CARLOS PAZ,59.0,,AMERICANA,W.F,OBRA GRIS,PIEDRA NATURAL,NO LE INTERESA,12498000.0
2025-01-27,Juan Garcia,FINANCIACION PROPIA,CARLOS PAZ,24.0,61.8,CABAÑA,S.F,OBRA GRIS,LADRILLO,NO LE INTERESA,22669000.0
2024-07-25,Ana Martinez,CONTADO,CARLOS PAZ,102.0,39.8,AMERICANA,W.F,LLAVE EN MANO,PIEDRA NATURAL,POTABLE,18164000.0
2024-01-15,Juan Perez,PLAN 36-60,CÓRDOBA CAPITAL,42.0,23.7,MINIMALISTA,E.E,OBRA GRIS,PIEDRA NATURAL,NO LE INTERESA,6375000.0
2025-07-07,Elena Rodriguez,PLAN 36-60,CARLOS PAZ,29.0,28.1,CABAÑA,S.F,OBRA GRIS,PIEDRA NATURAL,POTABLE,9852000.0
2025-04-05,Luis Romero,NO SABE,BUENOS AIRES,5.0,22.9,AMERICANA,W.F,LLAVE EN MANO,MADERA,NO LE INTERESA,9817000.0
2025-11-21,Pedro Romero,PLAN 36-60,ALTA GRACIA,31.0,60.0,AMERICANA,E.E,OBRA GRIS,PIEDRA NATURAL,POTABLE,17247000.0
2025-07-28,Jorge Sanchez,CONTADO,CÓRDOBA CAPITAL,86.0,58.0,AMERICANA,E.E,OBRA GRIS,MADERA,POTABLE,16477000.0
2026-01-12,Jorge Garcia,PLAN 36-60,BUENOS AIRES,48.0,57.0,CABAÑA,E.E,LLAVE EN MANO,PIEDRA NATURAL,POTABLE,21541000.0
2024-08-28,Luis Martinez,CONTADO,CÓRDOBA CAPITAL,89.0,66.8,CABAÑA,W.F,OBRA GRIS,PIEDRA NATURAL,POTABLE,22321000.0
2025-07-17,Pedro Martinez,CONTADO,CARLOS PAZ,34.0,78.8,MINIMALISTA,W.F,OBRA GRIS,MADERA,POTABLE,25517000.0
2024-04-05,Ana Lopez,CONTADO,MENDIOLAZA,6.0,43.2,CABAÑA,E.E,OBRA GRIS,MADERA,POTABLE,11638000.0
2026-01-03,Diego Rodriguez,PLAN 36-60,MENDIOLAZA,5.0,63.1,CABAÑA,E.E,OBRA GRIS,PIEDRA NATURAL,POTABLE,17075000.0
2025-04-29,Lucia Lopez,CONTADO,MENDIOLAZA,18.0,23.4,CABAÑA,E.E,OBRA GRIS,LADRILLO,POTABLE,6791000.0
2025-02-10,Elena Gonzalez,PLAN 36-60,MENDIOLAZA,60.0,82.6,MINIMALISTA,E.E,LLAVE EN MANO,PIEDRA NATURAL,NO LE INTERESA,32000000.0
2024-08-18,Elena Sanchez,NO SABE,ALTA GRACIA,78.0,30.1,MINIMALISTA,E.E,OBRA GRIS,MADERA,POTABLE,8819000.0
2026-01-18,Pedro Lopez,FINANCIACION PROPIA,MENDIOLAZA,18.0,40.8,MINIMALISTA,W.F,OBRA GRIS,PIEDRA NATURAL,VENDIDO,12598000.0
2025-10-16,Pedro Martinez,CONTADO,LA PLATA,34.0,43.0,CABAÑA,S.F,LLAVE EN MANO,PIEDRA NATURAL,NO LE INTERESA,20580000.0
2024-06-19,Ana Perez,CONTADO,CARLOS PAZ,27.0,24.5,AMERICANA,S.F,OBRA GRIS,MADERA,POTABLE,8843000.0
2025-06-24,Luis Romero,PLAN 36-60,CÓRDOBA CAPITAL,26.0,55.7,CABAÑA,S.F,OBRA GRIS,LADRILLO,POTABLE,19811000.0
2024-02-05,Luis Lopez,FINANCIACION PROPIA,LA PLATA,13.0,59.3,MINIMALISTA,W.F,OBRA GRIS,LADRILLO,POTABLE,18745000.0
2025-06-08,Luis Romero,CONTADO,MENDIOLAZA,7.0,51.2,CABAÑA,S.F,LLAVE EN MANO,MADERA,NO LE INTERESA,26193000.0
2024-06-08,Elena Rodriguez,FINANCIACION PROPIA,LA PLATA,11.0,24.2,CABAÑA,S.F,OBRA GRIS,MADERA,NO LE INTERESA,8241000.0
2025-11-29,Luis Romero,PLAN 36-60,CÓRDOBA CAPITAL,5.0,94.7,AMERICANA,S.F,LLAVE EN MANO,PIEDRA NATURAL,POTABLE,48034000.0
2024-08-30,Diego Rodriguez,PLAN 36-60,MENDIOLAZA,11.0,,AMERICANA,S.F,LLAVE EN MANO,MADERA,POTABLE,32990000.0
2024-03-26,Carla Sanchez,NO SABE,LA PLATA,5.0,107.7,CABAÑA,E.E,OBRA GRIS,MADERA,NO LE INTERESA,29021000.0
2025-07-31,Luis Garcia,FINANCIACION PROPIA,ALTA GRACIA,49.0,38.9,MINIMALISTA,W.F,LLAVE EN MANO,PIEDRA NATURAL,POTABLE,17707000.0
2025-11-12,Ana Perez,FINANCIACION PROPIA,ALTA GRACIA,19.0,74.2,CABAÑA,S.F,LLAVE EN MANO,PIEDRA NATURAL,VENDIDO,37951000.0
2025-07-10,Elena Sanchez,CONTADO,CARLOS PAZ,181.0,70.6,CABAÑA,E.E,LLAVE EN MANO,PIEDRA NATURAL,POTABLE,28279000.0
2025-07-27,Juan Perez,PLAN 36-60,CARLOS PAZ,11.0,49.2,CABAÑA,S.F,LLAVE EN MANO,LADRILLO,POTABLE,24194000.0
2025-10-07,Lucia Sanchez,PLAN 36-60,BUENOS AIRES,21.0,83.2,MINIMALISTA,S.F,OBRA GRIS,LADRILLO,POTABLE,28762000.0
2024-01-28,Lucia Sanchez,CONTADO,LA PLATA,22.0,46.9,MINIMALISTA,S.F,OBRA GRIS,MADERA,NO LE INTERESA,16923000.0
2025-09-11,Lucia Rodriguez,PLAN 36-60,CÓRDOBA CAPITAL,5.0,,MINIMALISTA,S.F,OBRA GRIS,PIEDRA NATURAL,POTABLE,17429000.0
2025-07-09,Pedro Garcia,CONTADO,ALTA GRACIA,91.0,,MINIMALISTA,S.F,OBRA GRIS,MADERA,POTABLE,7317000.0
2024-12-05,Juan Romero,CONTADO,SANTIAGO DEL ESTERO,5.0,63.2,MINIMALISTA,E.E,LLAVE EN MANO,MADERA,POTABLE,25340000.0
2024-11-26,Lucia Romero,CONTADO,CARLOS PAZ,141.0,28.5,CABAÑA,S.F,OBRA GRIS,LADRILLO,POTABLE,9873000.0
2025-10-01,Diego Gonzalez,FINANCIACION PROPIA,BUENOS AIRES,111.0,44.0,MINIMALISTA,E.E,OBRA GRIS,LADRILLO,NO LE INTERESA,12904000.0
2025-05-20,Luis Martinez,NO SABE,ALTA GRACIA,38.0,34.5,CABAÑA,S.F,LLAVE EN MANO,,POTABLE,16183000.0
2024-12-13,Elena Rodriguez,PLAN 36-60,BUENOS AIRES,39.0,,CABAÑA,W.F,OBRA GRIS,PIEDRA NATURAL,NO LE INTERESA,15815000.0
2025-04-17,Elena Perez,PLAN 36-60,MENDIOLAZA,53.0,63.9,CABAÑA,E.E,LLAVE EN MANO,LADRILLO,POTABLE,24402000.0
2024-08-18,Elena Perez,CONTADO,LA PLATA,24.0,55.2,AMERICANA,S.F,OBRA GRIS,LADRILLO,NO LE INTERESA,19331000.0
2024-07-08,Juan Gonzalez,NO SABE,BUENOS AIRES,52.0,69.2,MINIMALISTA,E.E,OBRA GRIS,LADRILLO,NO LE INTERESA,19834000.0
2024-08-12,Luis Perez,PLAN 36-60,ALTA GRACIA,5.0,80.3,MINIMALISTA,S.F,OBRA GRIS,MADERA,NO LE INTERESA,28841000.0
2025-01-19,Ana Martinez,FINANCIACION PROPIA,ALTA GRACIA,5.0,47.6,CABAÑA,S.F,LLAVE EN MANO,LADRILLO,NO LE INTERESA,24237000.0
2025-01-11,Diego Garcia,FINANCIACION PROPIA,LA PLATA,31.0,45.4,AMERICANA,E.E,OBRA GRIS,PIEDRA NATURAL,POTABLE,12481000.0
2024-10-09,Lucia Lopez,CONTADO,CARLOS PAZ,40.0,74.2,MINIMALISTA,S.F,OBRA GRIS,LADRILLO,VENDIDO,25312000.0
2025-09-24,Lucia Gonzalez,PLAN 36-60,CARLOS PAZ,109.0,75.7,CABAÑA,S.F,LLAVE EN MANO,MADERA,NO LE INTERESA,39105000.0
2025-09-19,Carla Rodriguez,NO SABE,SANTIAGO DEL ESTERO,6.0,69.8,AMERICANA,S.F,OBRA GRIS,MADERA,POTABLE,23724000.0
2026-01-14,Pedro Gonzalez,CONTADO,SANTIAGO DEL ESTERO,86.0,36.0,CABAÑA,S.F,OBRA GRIS,MADERA,POTABLE,12940000.0
2024-09-15,Maria Lopez,PLAN 36-60,CARLOS PAZ,12.0,63.5,AMERICANA,S.F,LLAVE EN MANO,MADERA,POTABLE,32543000.0
2024-12-24,Ana Perez,NO SABE,CARLOS PAZ,25.0,57.2,CABAÑA,S.F,LLAVE EN MANO,PIEDRA NATURAL,NO LE INTERESA,29178000.0
2025-12-10,Luis Rodriguez,CONTADO,BUENOS AIRES,19.0,76.1,MINIMALISTA,E.E,OBRA GRIS,MADERA,POTABLE,21215000.0
2025-03-31,Ana Gonzalez,FINANCIACION PROPIA,CARLOS PAZ,26.0,43.5,CABAÑA,W.F,LLAVE EN MANO,LADRILLO,VENDIDO,19919000.0
2025-02-14,Maria Martinez,NO SABE,CARLOS PAZ,8.0,21.7,CABAÑA,S.F,LLAVE EN MANO,PIEDRA NATURAL,POTABLE,10676000.0
2025-10-10,Luis Gonzalez,FINANCIACION PROPIA,ALTA GRACIA,35.0,68.8,AMERICANA,E.E,LLAVE EN MANO,MADERA,NO LE INTERESA,26608000.0
2024-11-13,Diego Garcia,CONTADO,SANTIAGO DEL ESTERO,81.0,20.0,AMERICANA,W.F,OBRA GRIS,MADERA,NO LE INTERESA,6328000.0
2025-11-07,Ana Lopez,CONTADO,LA PLATA,29.0,40.4,MINIMALISTA,E.E,OBRA GRIS,PIEDRA NATURAL,NO LE INTERESA,11700000.0
2024-08-12,Luis Romero,CONTADO,CÓRDOBA CAPITAL,34.0,34.5,CABAÑA,W.F,LLAVE EN MANO,LADRILLO,POTABLE,14965000.0
2024-08-21,Lucia Garcia,FINANCIACION PROPIA,LA PLATA,94.0,34.4,AMERICANA,W.F,LLAVE EN MANO,PIEDRA NATURAL,VENDIDO,15820000.0
2025-11-14,Luis Rodriguez,FINANCIACION PROPIA,MENDIOLAZA,61.0,40.0,MINIMALISTA,W.F,OBRA GRIS,LADRILLO,VENDIDO,13094000.0
2025-10-25,Juan Garcia,PLAN 36-60,CÓRDOBA CAPITAL,34.0,79.3,MINIMALISTA,E.E,LLAVE EN MANO,LADRILLO,VENDIDO,30622000.0
2025-01-08,Maria Rodriguez,CONTADO,ALTA GRACIA,15.0,71.4,AMERICANA,W.F,LLAVE EN MANO,MADERA,NO LE INTERESA,31035000.0
2025-11-02,Jorge Martinez,CONTADO,MENDIOLAZA,108.0,50.0,AMERICANA,S.F,OBRA GRIS,PIEDRA NATURAL,NO LE INTERESA,18191000.0
2025-08-30,Pedro Lopez,FINANCIACION PROPIA,SANTIAGO DEL ESTERO,43.0,77.7,CABAÑA,S.F,OBRA GRIS,PIEDRA NATURAL,NO LE INTERESA,27156000.0
2025-04-16,Juan Martinez,FINANCIACION PROPIA,CÓRDOBA CAPITAL,12.0,33.8,MINIMALISTA,W.F,OBRA GRIS,MADERA,NO LE INTERESA,11147000.0
2024-08-20,Maria Perez,NO SABE,CARLOS PAZ,16.0,31.0,AMERICANA,W.F,LLAVE EN MANO,MADERA,NO LE INTERESA,13322000.0
2025-11-22,Jorge Gonzalez,FINANCIACION PROPIA,MENDIOLAZA,81.0,72.3,MINIMALISTA,S.F,LLAVE EN MANO,LADRILLO,NO LE INTERESA,34036000.0
2024-04-22,Ana Gonzalez,FINANCIACION PROPIA,ALTA GRACIA,5.0,66.6,CABAÑA,E.E,LLAVE EN MANO,MADERA,NO LE INTERESA,25268000.0
2025-05-11,Luis Garcia,FINANCIACION PROPIA,CÓRDOBA CAPITAL,242.0,45.8,AMERICANA,E.E,OBRA GRIS,PIEDRA NATURAL,VENDIDO,12678000.0
2025-03-17,Diego Romero,PLAN 36-60,CARLOS PAZ,7.0,32.3,MINIMALISTA,S.F,LLAVE EN MANO,MADERA,POTABLE,15349000.0
2025-07-17,Ana Lopez,PLAN 36-60,MENDIOLAZA,79.0,84.2,AMERICANA,E.E,OBRA GRIS,MADERA,NO LE INTERESA,24136000.0
2024-09-24,Lucia Perez,NO SABE,ALTA GRACIA,25.0,20.6,CABAÑA,E.E,OBRA GRIS,MADERA,POTABLE,5543000.0
2025-05-24,Luis Gonzalez,PLAN 36-60,MENDIOLAZA,34.0,43.0,CABAÑA,W.F,LLAVE EN MANO,MADERA,POTABLE,18537000.0
2025-01-20,Diego Perez,CONTADO,CÓRDOBA CAPITAL,106.0,59.6,CABAÑA,E.E,OBRA GRIS,MADERA,POTABLE,16058000.0
2025-01-21,Pedro Gonzalez,CONTADO,CARLOS PAZ,27.0,91.0,CABAÑA,S.F,LLAVE EN MANO,LADRILLO,POTABLE,45513000.0
2024-04-22,Jorge Sanchez,CONTADO,SANTIAGO DEL ESTERO,39.0,62.7,AMERICANA,E.E,LLAVE EN MANO,MADERA,VENDIDO,24726000.0
2025-09-04,Ana Sanchez,PLAN 36-60,BUENOS AIRES,5.0,64.6,AMERICANA,W.F,OBRA GRIS,MADERA,POTABLE,20539000.0
2025-09-16,Luis Lopez,CONTADO,ALTA GRACIA,5.0,43.6,MINIMALISTA,S.F,LLAVE EN MANO,PIEDRA NATURAL,NO LE INTERESA,21747000.0
2024-03-21,Maria Gonzalez,CONTADO,CÓRDOBA CAPITAL,14.0,66.4,MINIMALISTA,S.F,OBRA GRIS,,POTABLE,23386000.0
2025-11-29,Carla Romero,PLAN 36-60,CARLOS PAZ,57.0,57.1,AMERICANA,S.F,OBRA GRIS,PIEDRA NATURAL,VENDIDO,19082000.0
2024-04-22,Diego Romero,CONTADO,SANTIAGO DEL ESTERO,6.0,23.2,AMERICANA,W.F,OBRA GRIS,PIEDRA NATURAL,NO LE INTERESA,7733000.0
2024-01-02,Carla Romero,FINANCIACION PROPIA,MENDIOLAZA,6.0,70.9,MINIMALISTA,S.F,LLAVE EN MANO,PIEDRA NATURAL,POTABLE,34229000.0
2025-10-03,Diego Rodriguez,PLAN 36-60,CARLOS PAZ,26.0,74.4,AMERICANA,W.F,LLAVE EN MANO,PIEDRA NATURAL,POTABLE,33241000.0
2024-08-07,Carla Garcia,PLAN 36-60,BUENOS AIRES,52.0,71.1,CABAÑA,W.F,LLAVE EN MANO,LADRILLO,NO LE INTERESA,33037000.0
2025-07-19,Carla Martinez,CONTADO,SANTIAGO DEL ESTERO,62.0,55.7,CABAÑA,E.E,OBRA GRIS,LADRILLO,NO LE INTERESA,15198000.0
2026-01-05,Diego Lopez,CONTADO,CÓRDOBA CAPITAL,10.0,35.9,CABAÑA,S.F,OBRA GRIS,PIEDRA NATURAL,POTABLE,11964000.0
2024-08-12,Luis Garcia,PLAN 36-60,CARLOS PAZ,5.0,20.0,MINIMALISTA,E.E,LLAVE EN MANO,LADRILLO,VENDIDO,8168000.0
2025-01-19,Elena Lopez,FINANCIACION PROPIA,BUENOS AIRES,141.0,58.1,AMERICANA,E.E,OBRA GRIS,LADRILLO,NO LE INTERESA,16489000.0
2025-02-06,Lucia Garcia,FINANCIACION PROPIA,CARLOS PAZ,15.0,,MINIMALISTA,W.F,LLAVE EN MANO,MADERA,POTABLE,34034000.0
2025-09-29,Jorge Sanchez,CONTADO,LA PLATA,96.0,74.9,MINIMALISTA,E.E,LLAVE EN MANO,LADRILLO,VENDIDO,30446000.0
2024-05-09,Elena Rodriguez,PLAN 36-60,ALTA GRACIA,100.0,71.3,AMERICANA,E.E,LLAVE EN MANO,PIEDRA NATURAL,POTABLE,26769000.0
2024-02-22,Ana Gonzalez,CONTADO,CARLOS PAZ,74.0,53.5,MINIMALISTA,E.E,LLAVE EN MANO,PIEDRA NATURAL,NO LE INTERESA,20455000.0
2025-11-14,Pedro Gonzalez,NO SABE,BUENOS AIRES,9.0,76.7,CABAÑA,S.F,OBRA GRIS,PIEDRA NATURAL,NO LE INTERESA,25933000.0
2025-12-30,Juan Perez,NO SABE,SANTIAGO DEL ESTERO,86.0,73.5,AMERICANA,E.E,LLAVE EN MANO,PIEDRA NATURAL,POTABLE,29629000.0
2025-11-02,Elena Rodriguez,PLAN 36-60,ALTA GRACIA,73.0,46.5,CABAÑA,W.F,OBRA GRIS,MADERA,POTABLE,14799000.0
2025-12-10,Jorge Garcia,PLAN 36-60,CÓRDOBA CAPITAL,45.0,68.5,CABAÑA,S.F,OBRA GRIS,,POTABLE,24699000.0
2025-02-19,Jorge Romero,FINANCIACION PROPIA,BUENOS AIRES,21.0,44.3,AMERICANA,W.F,LLAVE EN MANO,PIEDRA NATURAL,NO LE INTERESA,19085000.0
2024-09-03,Diego Lopez,FINANCIACION PROPIA,ALTA GRACIA,15.0,65.8,CABAÑA,S.F,LLAVE EN MANO,MADERA,VENDIDO,32613000.0
2025-03-14,Elena Rodriguez,PLAN 36-60,LA PLATA,6.0,29.0,CABAÑA,S.F,OBRA GRIS,PIEDRA NATURAL,NO LE INTERESA,9974000.0
2024-07-21,Carla Romero,NO SABE,CÓRDOBA CAPITAL,36.0,30.6,CABAÑA,S.F,LLAVE EN MANO,LADRILLO,NO LE INTERESA,14577000.0
2024-07-02,Maria Romero,PLAN 36-60,CARLOS PAZ,44.0,76.2,AMERICANA,W.F,OBRA GRIS,MADERA,NO LE INTERESA,25382000.0
2024-05-02,Luis Gonzalez,PLAN 36-60,BUENOS AIRES,22.0,73.8,AMERICANA,E.E,OBRA GRIS,LADRILLO,POTABLE,20515000.0
2025-02-04,Carla Lopez,FINANCIACION PROPIA,MENDIOLAZA,32.0,67.7,AMERICANA,S.F,OBRA GRIS,MADERA,NO LE INTERESA,23913000.0
2026-02-05,Maria Romero,PLAN 36-60,CÓRDOBA CAPITAL,23.0,56.8,MINIMALISTA,W.F,OBRA GRIS,PIEDRA NATURAL,NO LE INTERESA,17469000.0
2024-10-20,Carla Lopez,FINANCIACION PROPIA,BUENOS AIRES,51.0,20.0,CABAÑA,S.F,LLAVE EN MANO,PIEDRA NATURAL,POTABLE,10165000.0
2024-10-06,Maria Sanchez,CONTADO,CÓRDOBA CAPITAL,116.0,53.5,MINIMALISTA,E.E,LLAVE EN MANO,LADRILLO,POTABLE,20695000.0
2025-09-01,Juan Perez,CONTADO,LA PLATA,9.0,64.1,MINIMALISTA,S.F,LLAVE EN MANO,LADRILLO,VENDIDO,32030000.0
2024-07-16,Lucia Garcia,CONTADO,SANTIAGO DEL ESTERO,24.0,44.3,CABAÑA,W.F,OBRA GRIS,MADERA,POTABLE,14673000.0
2025-05-25,Luis Lopez,PLAN 36-60,CÓRDOBA CAPITAL,8.0,40.8,AMERICANA,S.F,LLAVE EN MANO,LADRILLO,VENDIDO,19238000.0
2026-01-21,Carla Romero,PLAN 36-60,BUENOS AIRES,49.0,83.9,MINIMALISTA,W.F,OBRA GRIS,LADRILLO,POTABLE,26536000.0
2024-05-23,Pedro Perez,NO SABE,SANTIAGO DEL ESTERO,65.0,53.8,AMERICANA,E.E,OBRA GRIS,PIEDRA NATURAL,NO LE INTERESA,15500000.0
2025-08-31,Diego Rodriguez,,ALTA GRACIA,134.0,64.1,AMERICANA,E.E,OBRA GRIS,PIEDRA NATURAL,POTABLE,17663000.0
2024-07-19,Diego Rodriguez,FINANCIACION PROPIA,MENDIOLAZA,16.0,70.5,CABAÑA,S.F,LLAVE EN MANO,PIEDRA NATURAL,NO LE INTERESA,35773000.0
2024-05-03,Luis Sanchez,CONTADO,LA PLATA,150.0,35.0,MINIMALISTA,E.E,LLAVE EN MANO,PIEDRA NATURAL,NO LE INTERESA,13683000.0
2024-07-05,Pedro Perez,FINANCIACION PROPIA,CARLOS PAZ,5.0,58.9,MINIMALISTA,W.F,OBRA GRIS,PIEDRA NATURAL,POTABLE,18788000.0
2024-11-21,Ana Garcia,PLAN 36-60,BUENOS AIRES,46.0,81.4,AMERICANA,S.F,LLAVE EN MANO,,POTABLE,38356000.0
2025-04-08,Pedro Garcia,PLAN 36-60,BUENOS AIRES,5.0,91.4,CABAÑA,W.F,OBRA GRIS,PIEDRA NATURAL,POTABLE,28401000.0
2024-12-14,Elena Gonzalez,CONTADO,BUENOS AIRES,112.0,55.8,MINIMALISTA,S.F,LLAVE EN MANO,MADERA,NO LE INTERESA,26892000.0
2026-02-09,Lucia Rodriguez,PLAN 36-60,CÓRDOBA CAPITAL,38.0,50.2,AMERICANA,W.F,LLAVE EN MANO,PIEDRA NATURAL,NO LE INTERESA,21664000.0
2025-10-21,Pedro Sanchez,,MENDIOLAZA,55.0,60.4,AMERICANA,S.F,LLAVE EN MANO,PIEDRA NATURAL,NO LE INTERESA,28767000.0
2026-02-02,Elena Martinez,PLAN 36-60,MENDIOLAZA,89.0,59.9,AMERICANA,W.F,OBRA GRIS,PIEDRA NATURAL,POTABLE,19244000.0
2025-02-06,Jorge Perez,NO SABE,SANTIAGO DEL ESTERO,8.0,82.7,CABAÑA,W.F,LLAVE EN MANO,PIEDRA NATURAL,NO LE INTERESA,36846000.0
2024-12-11,Diego Perez,FINANCIACION PROPIA,CÓRDOBA CAPITAL,5.0,35.1,CABAÑA,S.F,LLAVE EN MANO,,VENDIDO,16688000.0
2025-05-25,Juan Martinez,NO SABE,BUENOS AIRES,106.0,49.4,AMERICANA,W.F,OBRA GRIS,LADRILLO,NO LE INTERESA,15392000.0
2024-05-26,Elena Lopez,PLAN 36-60,MENDIOLAZA,19.0,32.7,AMERICANA,E.E,LLAVE EN MANO,LADRILLO,POTABLE,12613000.0
2024-05-27,Carla Perez,NO SABE,BUENOS AIRES,7.0,34.8,CABAÑA,W.F,OBRA GRIS,PIEDRA NATURAL,NO LE INTERESA,11491000.0
2025-12-11,Elena Perez,FINANCIACION PROPIA,BUENOS AIRES,32.0,62.5,AMERICANA,S.F,LLAVE EN MANO,PIEDRA NATURAL,NO LE INTERESA,30704000.0
2025-05-03,Luis Lopez,CONTADO,BUENOS AIRES,46.0,71.2,AMERICANA,E.E,OBRA GRIS,PIEDRA NATURAL,NO LE INTERESA,20899000.0
2025-10-01,Maria Lopez,PLAN 36-60,LA PLATA,5.0,42.0,CABAÑA,E.E,OBRA GRIS,MADERA,POTABLE,11344000.0
2025-07-04,Jorge Lopez,CONTADO,CARLOS PAZ,16.0,70.4,AMERICANA,W.F,LLAVE EN MANO,PIEDRA NATURAL,POTABLE,30831000.0
2024-12-03,Pedro Garcia,CONTADO,ALTA GRACIA,5.0,77.2,AMERICANA,W.F,OBRA GRIS,MADERA,VENDIDO,24320000.0
2025-10-02,Maria Lopez,CONTADO,ALTA GRACIA,27.0,93.7,AMERICANA,W.F,OBRA GRIS,MADERA,POTABLE,28741000.0
2026-02-17,Pedro Rodriguez,CONTADO,SANTIAGO DEL ESTERO,113.0,56.4,CABAÑA,E.E,LLAVE EN MANO,PIEDRA NATURAL,POTABLE,23266000.0
2025-04-17,Lucia Perez,FINANCIACION PROPIA,MENDIOLAZA,203.0,42.2,CABAÑA,E.E,LLAVE EN MANO,LADRILLO,NO LE INTERESA,16755000.0
2024-05-30,Diego Garcia,,ALTA GRACIA,51.0,,CABAÑA,E.E,LLAVE EN MANO,PIEDRA NATURAL,NO LE INTERESA,13771000.0
2025-02-18,Carla Rodriguez,CONTADO,SANTIAGO DEL ESTERO,9.0,33.0,MINIMALISTA,S.F,LLAVE EN MANO,PIEDRA NATURAL,VENDIDO,15630000.0
2024-10-24,Carla Lopez,,CARLOS PAZ,118.0,80.0,MINIMALISTA,S.F,OBRA GRIS,LADRILLO,POTABLE,29227000.0
2025-09-02,Diego Lopez,FINANCIACION PROPIA,BUENOS AIRES,36.0,24.7,MINIMALISTA,W.F,OBRA GRIS,LADRILLO,NO LE INTERESA,8162000.0
2024-09-19,Jorge Lopez,NO SABE,CÓRDOBA CAPITAL,8.0,79.4,MINIMALISTA,S.F,LLAVE EN MANO,PIEDRA NATURAL,POTABLE,38651000.0
2026-02-02,Diego Martinez,PLAN 36-60,LA PLATA,127.0,37.6,CABAÑA,S.F,LLAVE EN MANO,PIEDRA NATURAL,POTABLE,19318000.0
2024-05-23,Ana Romero,PLAN 36-60,CARLOS PAZ,71.0,41.3,AMERICANA,W.F,LLAVE EN MANO,MADERA,POTABLE,19484000.0
2024-12-11,Maria Romero,CONTADO,CARLOS PAZ,66.0,52.0,CABAÑA,W.F,LLAVE EN MANO,LADRILLO,NO LE INTERESA,22480000.0
2025-09-15,Jorge Gonzalez,CONTADO,ALTA GRACIA,62.0,40.9,MINIMALISTA,E.E,OBRA GRIS,MADERA,NO LE INTERESA,11106000.0
2025-07-25,Lucia Perez,CONTADO,ALTA GRACIA,11.0,73.6,CABAÑA,E.E,OBRA GRIS,MADERA,NO LE INTERESA,19650000.0
2024-01-02,Elena Garcia,PLAN 36-60,LA PLATA,12.0,91.3,AMERICANA,W.F,OBRA GRIS,MADERA,POTABLE,29657000.0
2024-10-30,Diego Garcia,NO SABE,CÓRDOBA CAPITAL,58.0,41.9,MINIMALISTA,W.F,OBRA GRIS,MADERA,NO LE INTERESA,13196000.0
2024-09-10,Diego Perez,CONTADO,CARLOS PAZ,12.0,46.4,AMERICANA,S.F,OBRA GRIS,LADRILLO,POTABLE,16819000.0
2025-10-13,Maria Romero,CONTADO,MENDIOLAZA,29.0,51.7,AMERICANA,S.F,LLAVE EN MANO,LADRILLO,POTABLE,25290000.0
2025-03-28,Maria Lopez,CONTADO,ALTA GRACIA,76.0,65.8,AMERICANA,S.F,LLAVE EN MANO,LADRILLO,NO LE INTERESA,33449000.0
2024-02-06,Pedro Garcia,FINANCIACION PROPIA,CARLOS PAZ,77.0,,MINIMALISTA,W.F,OBRA GRIS,PIEDRA NATURAL,POTABLE,16921000.0
2024-06-08,Luis Gonzalez,CONTADO,CÓRDOBA CAPITAL,30.0,82.7,CABAÑA,W.F,OBRA GRIS,MADERA,NO LE INTERESA,27464000.0
2024-01-09,Elena Gonzalez,PLAN 36-60,SANTIAGO DEL ESTERO,79.0,77.9,MINIMALISTA,E.E,LLAVE EN MANO,PIEDRA NATURAL,NO LE INTERESA,30262000.0
2024-08-20,Jorge Perez,CONTADO,CÓRDOBA CAPITAL,91.0,,MINIMALISTA,S.F,OBRA GRIS,LADRILLO,POTABLE,11586000.0
2024-04-08,Carla Lopez,PLAN 36-60,CARLOS PAZ,53.0,65.4,CABAÑA,E.E,OBRA GRIS,LADRILLO,NO LE INTERESA,18699000.0
2025-10-20,Luis Rodriguez,CONTADO,CARLOS PAZ,13.0,85.4,CABAÑA,W.F,OBRA GRIS,PIEDRA NATURAL,NO LE INTERESA,27781000.0
2024-07-26,Diego Lopez,PLAN 36-60,LA PLATA,16.0,45.1,CABAÑA,S.F,OBRA GRIS,MADERA,POTABLE,15576000.0
2024-05-10,Maria Gonzalez,CONTADO,CARLOS PAZ,19.0,49.1,CABAÑA,E.E,LLAVE EN MANO,LADRILLO,NO LE INTERESA,20118000.0
2025-02-07,Pedro Gonzalez,FINANCIACION PROPIA,ALTA GRACIA,6.0,44.4,AMERICANA,W.F,OBRA GRIS,MADERA,NO LE INTERESA,14074000.0
2024-05-31,Jorge Lopez,PLAN 36-60,MENDIOLAZA,16.0,44.9,MINIMALISTA,E.E,OBRA GRIS,MADERA,NO LE INTERESA,13019000.0
2024-02-23,Elena Garcia,FINANCIACION PROPIA,LA PLATA,12.0,21.6,MINIMALISTA,S.F,OBRA GRIS,LADRILLO,NO LE INTERESA,7505000.0
2024-04-29,Ana Rodriguez,PLAN 36-60,CARLOS PAZ,30.0,28.4,MINIMALISTA,E.E,OBRA GRIS,PIEDRA NATURAL,VENDIDO,8211000.0
2025-11-03,Luis Rodriguez,CONTADO,CÓRDOBA CAPITAL,120.0,,CABAÑA,E.E,OBRA GRIS,MADERA,VENDIDO,16659000.0
2025-09-19,Maria Garcia,CONTADO,CARLOS PAZ,6.0,85.3,MINIMALISTA,W.F,LLAVE EN MANO,PIEDRA NATURAL,NO LE INTERESA,38330000.0
2025-08-09,Lucia Rodriguez,PLAN 36-60,CÓRDOBA CAPITAL,64.0,42.7,AMERICANA,S.F,LLAVE EN MANO,MADERA,NO LE INTERESA,21074000.0
2025-09-16,Pedro Sanchez,PLAN 36-60,CÓRDOBA CAPITAL,58.0,42.1,MINIMALISTA,E.E,LLAVE EN MANO,MADERA,POTABLE,16309000.0
2025-02-23,Maria Martinez,PLAN 36-60,CARLOS PAZ,5.0,89.0,MINIMALISTA,W.F,OBRA GRIS,LADRILLO,NO LE INTERESA,27389000.0
2025-02-25,Juan Lopez,FINANCIACION PROPIA,CÓRDOBA CAPITAL,128.0,32.8,AMERICANA,S.F,OBRA GRIS,PIEDRA NATURAL,POTABLE,11850000.0
2024-04-13,Luis Rodriguez,FINANCIACION PROPIA,MENDIOLAZA,42.0,21.8,AMERICANA,W.F,LLAVE EN MANO,MADERA,NO LE INTERESA,9514000.0
2024-09-10,Juan Romero,FINANCIACION PROPIA,SANTIAGO DEL ESTERO,23.0,,MINIMALISTA,S.F,LLAVE EN MANO,PIEDRA NATURAL,POTABLE,18575000.0
2024-08-14,Ana Perez,CONTADO,LA PLATA,71.0,41.7,CABAÑA,W.F,OBRA GRIS,MADERA,POTABLE,13330000.0
2024-04-21,Ana Sanchez,PLAN 36-60,CARLOS PAZ,15.0,20.1,CABAÑA,W.F,OBRA GRIS,PIEDRA NATURAL,POTABLE,6268000.0
2025-05-24,Diego Perez,CONTADO,BUENOS AIRES,59.0,52.4,MINIMALISTA,W.F,LLAVE EN MANO,PIEDRA NATURAL,POTABLE,24106000.0
2025-04-17,Jorge Rodriguez,PLAN 36-60,SANTIAGO DEL ESTERO,5.0,74.0,MINIMALISTA,E.E,OBRA GRIS,LADRILLO,POTABLE,20053000.0
2024-04-08,Elena Romero,CONTADO,CÓRDOBA CAPITAL,91.0,29.3,MINIMALISTA,E.E,OBRA GRIS,MADERA,POTABLE,8573000.0
2024-06-01,Lucia Lopez,CONTADO,CÓRDOBA CAPITAL,30.0,,MINIMALISTA,W.F,LLAVE EN MANO,MADERA,NO LE INTERESA,25007000.0
2024-12-03,Elena Perez,FINANCIACION PROPIA,LA PLATA,51.0,62.9,CABAÑA,S.F,OBRA GRIS,MADERA,NO LE INTERESA,21622000.0
2025-12-06,Ana Perez,PLAN 36-60,SANTIAGO DEL ESTERO,13.0,53.3,MINIMALISTA,W.F,OBRA GRIS,MADERA,NO LE INTERESA,16914000.0
2024-06-11,Carla Gonzalez,CONTADO,SANTIAGO DEL ESTERO,57.0,58.7,AMERICANA,E.E,OBRA GRIS,LADRILLO,NO LE INTERESA,15948000.0
2025-12-20,Juan Lopez,,CARLOS PAZ,74.0,58.9,CABAÑA,S.F,LLAVE EN MANO,LADRILLO,NO LE INTERESA,28782000.0
2025-11-11,Diego Romero,PLAN 36-60,CÓRDOBA CAPITAL,32.0,38.7,CABAÑA,E.E,OBRA GRIS,MADERA,NO LE INTERESA,10427000.0
2024-06-09,Maria Lopez,NO SABE,BUENOS AIRES,48.0,85.0,AMERICANA,W.F,OBRA GRIS,PIEDRA NATURAL,POTABLE,27242000.0
2025-08-02,Ana Perez,PLAN 36-60,ALTA GRACIA,30.0,80.0,MINIMALISTA,E.E,LLAVE EN MANO,LADRILLO,POTABLE,30902000.0
2025-02-01,Luis Lopez,NO SABE,BUENOS AIRES,112.0,78.8,MINIMALISTA,E.E,OBRA GRIS,PIEDRA NATURAL,POTABLE,21872000.0
2024-10-03,Luis Romero,CONTADO,CARLOS PAZ,34.0,75.3,MINIMALISTA,E.E,OBRA GRIS,PIEDRA NATURAL,VENDIDO,21475000.0
2025-05-18,Lucia Perez,PLAN 36-60,CARLOS PAZ,92.0,,MINIMALISTA,W.F,OBRA GRIS,PIEDRA NATURAL,POTABLE,7912000.0
2025-01-26,Maria Perez,FINANCIACION PROPIA,CARLOS PAZ,81.0,,MINIMALISTA,E.E,LLAVE EN MANO,MADERA,NO LE INTERESA,28517000.0
2024-05-14,Ana Garcia,PLAN 36-60,LA PLATA,26.0,68.1,AMERICANA,W.F,LLAVE EN MANO,LADRILLO,POTABLE,30007000.0
2024-07-13,Elena Rodriguez,CONTADO,LA PLATA,13.0,24.3,MINIMALISTA,W.F,OBRA GRIS,MADERA,POTABLE,7840000.0
2025-02-04,Lucia Garcia,,CARLOS PAZ,26.0,50.7,AMERICANA,E.E,LLAVE EN MANO,PIEDRA NATURAL,NO LE INTERESA,20486000.0
2025-10-01,Carla Lopez,PLAN 36-60,MENDIOLAZA,87.0,60.5,AMERICANA,S.F,LLAVE EN MANO,MADERA,POTABLE,30206000.0
2024-02-02,Elena Gonzalez,FINANCIACION PROPIA,ALTA GRACIA,13.0,88.3,AMERICANA,E.E,LLAVE EN MANO,PIEDRA NATURAL,NO LE INTERESA,33033000.0
2025-11-18,Juan Rodriguez,FINANCIACION PROPIA,SANTIAGO DEL ESTERO,37.0,69.5,MINIMALISTA,E.E,LLAVE EN MANO,MADERA,VENDIDO,27245000.0
2025-04-04,Pedro Garcia,FINANCIACION PROPIA,SANTIAGO DEL ESTERO,82.0,37.7,MINIMALISTA,E.E,LLAVE EN MANO,MADERA,POTABLE,15633000.0
2025-04-14,Luis Rodriguez,PLAN 36-60,CÓRDOBA CAPITAL,22.0,88.9,CABAÑA,S.F,LLAVE EN MANO,LADRILLO,NO LE INTERESA,42954000.0
2025-01-09,Elena Martinez,CONTADO,SANTIAGO DEL ESTERO,51.0,55.9,CABAÑA,S.F,LLAVE EN MANO,LADRILLO,POTABLE,27305000.0
2024-01-22,Maria Rodriguez,PLAN 36-60,BUENOS AIRES,14.0,49.9,AMERICANA,W.F,LLAVE EN MANO,PIEDRA NATURAL,VENDIDO,22037000.0
2026-01-19,Luis Gonzalez,FINANCIACION PROPIA,SANTIAGO DEL ESTERO,6.0,48.5,CABAÑA,S.F,LLAVE EN MANO,PIEDRA NATURAL,NO LE INTERESA,23769000.0
2025-10-31,Juan Lopez,NO SABE,ALTA GRACIA,79.0,22.5,AMERICANA,S.F,OBRA GRIS,PIEDRA NATURAL,POTABLE,7722000.0
2024-02-07,Luis Garcia,CONTADO,SANTIAGO DEL ESTERO,5.0,52.8,CABAÑA,E.E,LLAVE EN MANO,MADERA,VENDIDO,20181000.0
2024-08-17,Elena Romero,PLAN 36-60,BUENOS AIRES,16.0,64.9,MINIMALISTA,W.F,LLAVE EN MANO,PIEDRA NATURAL,POTABLE,29901000.0
2024-12-30,Juan Romero,CONTADO,ALTA GRACIA,97.0,47.3,MINIMALISTA,W.F,OBRA GRIS,LADRILLO,POTABLE,14820000.0
2025-07-16,Juan Garcia,CONTADO,LA PLATA,21.0,63.4,AMERICANA,S.F,OBRA GRIS,PIEDRA NATURAL,NO LE INTERESA,23168000.0
2025-03-13,Carla Garcia,PLAN 36-60,ALTA GRACIA,181.0,37.7,AMERICANA,S.F,OBRA GRIS,PIEDRA NATURAL,NO LE INTERESA,13208000.0
2026-02-14,Lucia Gonzalez,,LA PLATA,195.0,52.2,MINIMALISTA,E.E,OBRA GRIS,MADERA,NO LE INTERESA,15020000.0
2024-10-09,Diego Sanchez,CONTADO,ALTA GRACIA,16.0,61.3,MINIMALISTA,S.F,LLAVE EN MANO,LADRILLO,NO LE INTERESA,29525000.0
2024-01-27,Diego Perez,FINANCIACION PROPIA,CARLOS PAZ,5.0,58.8,MINIMALISTA,S.F,LLAVE EN MANO,PIEDRA NATURAL,NO LE INTERESA,28756000.0
2024-08-13,Lucia Garcia,FINANCIACION PROPIA,BUENOS AIRES,61.0,22.9,CABAÑA,W.F,LLAVE EN MANO,LADRILLO,VENDIDO,10835000.0
2024-10-03,Maria Sanchez,NO SABE,MENDIOLAZA,30.0,46.2,CABAÑA,S.F,OBRA GRIS,PIEDRA NATURAL,NO LE INTERESA,15515000.0
2025-08-31,Maria Perez,CONTADO,LA PLATA,5.0,88.5,CABAÑA,E.E,LLAVE EN MANO,LADRILLO,NO LE INTERESA,35936000.0
2024-10-10,Maria Rodriguez,PLAN 36-60,LA PLATA,61.0,45.2,CABAÑA,W.F,LLAVE EN MANO,PIEDRA NATURAL,POTABLE,20585000.0
2025-04-25,Carla Rodriguez,PLAN 36-60,SANTIAGO DEL ESTERO,5.0,55.3,AMERICANA,W.F,OBRA GRIS,PIEDRA NATURAL,NO LE INTERESA,18108000.0
2025-03-28,Juan Sanchez,CONTADO,LA PLATA,102.0,53.3,AMERICANA,S.F,OBRA GRIS,MADERA,NO LE INTERESA,17973000.0
2025-10-20,Pedro Perez,PLAN 36-60,ALTA GRACIA,7.0,86.4,CABAÑA,E.E,OBRA GRIS,MADERA,VENDIDO,24835000.0
2025-05-30,Ana Gonzalez,FINANCIACION PROPIA,CARLOS PAZ,7.0,80.8,AMERICANA,W.F,OBRA GRIS,LADRILLO,POTABLE,25059000.0
2025-06-30,Carla Gonzalez,CONTADO,CARLOS PAZ,10.0,71.2,CABAÑA,E.E,OBRA GRIS,LADRILLO,NO LE INTERESA,20878000.0
2024-07-10,Ana Garcia,NO SABE,SANTIAGO DEL ESTERO,161.0,35.5,CABAÑA,E.E,LLAVE EN MANO,LADRILLO,VENDIDO,14581000.0
2024-02-18,Carla Perez,FINANCIACION PROPIA,ALTA GRACIA,59.0,62.2,MINIMALISTA,S.F,OBRA GRIS,LADRILLO,NO LE INTERESA,21843000.0
2025-05-26,Maria Perez,FINANCIACION PROPIA,ALTA GRACIA,81.0,66.4,CABAÑA,E.E,OBRA GRIS,MADERA,NO LE INTERESA,19507000.0
2024-01-17,Diego Romero,FINANCIACION PROPIA,CÓRDOBA CAPITAL,25.0,41.0,AMERICANA,W.F,LLAVE EN MANO,LADRILLO,VENDIDO,17907000.0
2024-06-20,Lucia Romero,CONTADO,LA PLATA,20.0,37.6,CABAÑA,S.F,LLAVE EN MANO,PIEDRA NATURAL,NO LE INTERESA,19361000.0
2024-08-07,Jorge Rodriguez,FINANCIACION PROPIA,SANTIAGO DEL ESTERO,13.0,89.1,MINIMALISTA,W.F,LLAVE EN MANO,PIEDRA NATURAL,NO LE INTERESA,41057000.0
2024-06-06,Pedro Rodriguez,CONTADO,CARLOS PAZ,33.0,49.0,AMERICANA,E.E,OBRA GRIS,PIEDRA NATURAL,POTABLE,13216000.0
2025-04-21,Diego Sanchez,FINANCIACION PROPIA,BUENOS AIRES,40.0,,MINIMALISTA,E.E,OBRA GRIS,MADERA,NO LE INTERESA,24594000.0
2024-02-15,Juan Romero,CONTADO,MENDIOLAZA,50.0,74.9,CABAÑA,S.F,LLAVE EN MANO,LADRILLO,POTABLE,37552000.0
2025-01-07,Ana Gonzalez,CONTADO,CÓRDOBA CAPITAL,15.0,63.2,CABAÑA,S.F,LLAVE EN MANO,PIEDRA NATURAL,POTABLE,31341000.0
2025-06-01,Carla Lopez,PLAN 36-60,ALTA GRACIA,148.0,64.1,CABAÑA,W.F,OBRA GRIS,PIEDRA NATURAL,NO LE INTERESA,20704000.0
2024-04-08,Luis Rodriguez,CONTADO,LA PLATA,9.0,27.0,CABAÑA,W.F,LLAVE EN MANO,MADERA,POTABLE,11878000.0
2026-01-14,Luis Garcia,PLAN 36-60,CARLOS PAZ,169.0,59.1,AMERICANA,E.E,LLAVE EN MANO,MADERA,VENDIDO,22808000.0
2024-02-06,Pedro Lopez,PLAN 36-60,BUENOS AIRES,5.0,83.3,CABAÑA,S.F,LLAVE EN MANO,MADERA,NO LE INTERESA,42568000.0
2024-10-06,Juan Gonzalez,FINANCIACION PROPIA,CÓRDOBA CAPITAL,33.0,68.6,MINIMALISTA,E.E,LLAVE EN MANO,PIEDRA NATURAL,NO LE INTERESA,26226000.0
2024-12-14,Diego Garcia,PLAN 36-60,ALTA GRACIA,20.0,58.1,AMERICANA,E.E,OBRA GRIS,MADERA,POTABLE,17052000.0
2025-05-11,Diego Martinez,CONTADO,CARLOS PAZ,30.0,89.2,AMERICANA,W.F,OBRA GRIS,PIEDRA NATURAL,POTABLE,27934000.0
2024-10-28,Jorge Sanchez,CONTADO,CARLOS PAZ,42.0,51.3,AMERICANA,W.F,OBRA GRIS,LADRILLO,POTABLE,16390000.0
2024-06-29,Luis Sanchez,PLAN 36-60,ALTA GRACIA,29.0,42.6,MINIMALISTA,W.F,LLAVE EN MANO,PIEDRA NATURAL,POTABLE,18309000.0
2025-08-29,Jorge Rodriguez,PLAN 36-60,ALTA GRACIA,27.0,58.1,MINIMALISTA,S.F,OBRA GRIS,LADRILLO,NO LE INTERESA,21197000.0
2024-04-08,Carla Garcia,FINANCIACION PROPIA,SANTIAGO DEL ESTERO,66.0,70.3,MINIMALISTA,W.F,OBRA GRIS,PIEDRA NATURAL,NO LE INTERESA,21836000.0
2025-11-30,Carla Garcia,CONTADO,CARLOS PAZ,58.0,20.6,MINIMALISTA,S.F,LLAVE EN MANO,LADRILLO,NO LE INTERESA,10036000.0
2024-04-25,Ana Perez,CONTADO,ALTA GRACIA,90.0,60.7,CABAÑA,E.E,LLAVE EN MANO,PIEDRA NATURAL,NO LE INTERESA,24749000.0
2024-07-09,Lucia Romero,CONTADO,MENDIOLAZA,14.0,71.2,CABAÑA,S.F,OBRA GRIS,PIEDRA NATURAL,NO LE INTERESA,25669000.0
2024-09-09,Luis Sanchez,CONTADO,BUENOS AIRES,47.0,49.6,MINIMALISTA,W.F,LLAVE EN MANO,PIEDRA NATURAL,NO LE INTERESA,23196000.0
2024-06-09,Luis Romero,CONTADO,BUENOS AIRES,44.0,77.1,MINIMALISTA,S.F,LLAVE EN MANO,PIEDRA NATURAL,POTABLE,39412000.0
2024-09-12,Elena Lopez,FINANCIACION PROPIA,MENDIOLAZA,23.0,67.8,CABAÑA,S.F,OBRA GRIS,MADERA,NO LE INTERESA,24741000.0
2024-11-18,Lucia Romero,CONTADO,BUENOS AIRES,33.0,97.8,CABAÑA,W.F,OBRA GRIS,PIEDRA NATURAL,POTABLE,32394000.0
2024-05-07,Juan Gonzalez,PLAN 36-60,CÓRDOBA CAPITAL,19.0,40.0,MINIMALISTA,W.F,OBRA GRIS,PIEDRA NATURAL,NO LE INTERESA,13015000.0
2024-01-18,Luis Martinez,PLAN 36-60,BUENOS AIRES,8.0,71.6,AMERICANA,E.E,LLAVE EN MANO,MADERA,POTABLE,28252000.0
2026-01-04,Luis Romero,CONTADO,LA PLATA,12.0,34.7,AMERICANA,S.F,LLAVE EN MANO,MADERA,NO LE INTERESA,16192000.0
2025-07-19,Juan Sanchez,FINANCIACION PROPIA,BUENOS AIRES,6.0,22.7,MINIMALISTA,E.E,LLAVE EN MANO,MADERA,POTABLE,9106000.0
2025-07-23,Diego Gonzalez,PLAN 36-60,MENDIOLAZA,57.0,,AMERICANA,E.E,LLAVE EN MANO,MADERA,POTABLE,7709000.0
2024-11-18,Jorge Rodriguez,PLAN 36-60,SANTIAGO DEL ESTERO,54.0,65.8,CABAÑA,S.F,LLAVE EN MANO,MADERA,NO LE INTERESA,33385000.0
2025-11-16,Pedro Martinez,FINANCIACION PROPIA,ALTA GRACIA,150.0,58.7,AMERICANA,E.E,LLAVE EN MANO,MADERA,POTABLE,23360000.0
2025-09-17,Juan Sanchez,CONTADO,LA PLATA,65.0,45.4,MINIMALISTA,S.F,OBRA GRIS,MADERA,POTABLE,16766000.0
2024-10-14,Diego Perez,FINANCIACION PROPIA,SANTIAGO DEL ESTERO,5.0,20.0,AMERICANA,E.E,OBRA GRIS,MADERA,POTABLE,5445000.0
2025-10-24,Elena Lopez,PLAN 36-60,CARLOS PAZ,108.0,41.2,AMERICANA,E.E,LLAVE EN MANO,MADERA,POTABLE,16677000.0
2025-09-30,Pedro Lopez,PLAN 36-60,LA PLATA,99.0,55.1,AMERICANA,S.F,OBRA GRIS,MADERA,NO LE INTERESA,19526000.0
2024-06-03,Lucia Garcia,FINANCIACION PROPIA,MENDIOLAZA,29.0,70.9,CABAÑA,W.F,OBRA GRIS,MADERA,NO LE INTERESA,23861000.0
2025-05-04,Elena Gonzalez,FINANCIACION PROPIA,SANTIAGO DEL ESTERO,44.0,54.7,CABAÑA,S.F,OBRA GRIS,LADRILLO,NO LE INTERESA,18761000.0
2025-01-20,Maria Rodriguez,PLAN 36-60,ALTA GRACIA,187.0,60.0,CABAÑA,W.F,LLAVE EN MANO,PIEDRA NATURAL,POTABLE,26125000.0
2026-02-23,Elena Garcia,FINANCIACION PROPIA,ALTA GRACIA,38.0,47.5,MINIMALISTA,S.F,OBRA GRIS,PIEDRA NATURAL,POTABLE,16755000.0
2024-04-13,Jorge Perez,PLAN 36-60,BUENOS AIRES,118.0,90.0,AMERICANA,S.F,OBRA GRIS,MADERA,NO LE INTERESA,31745000.0
2025-01-27,Jorge Perez,PLAN 36-60,SANTIAGO DEL ESTERO,5.0,34.6,CABAÑA,W.F,LLAVE EN MANO,MADERA,POTABLE,15311000.0
2024-09-02,Maria Garcia,CONTADO,CARLOS PAZ,11.0,41.0,CABAÑA,W.F,LLAVE EN MANO,LADRILLO,POTABLE,19399000.0
2024-06-24,Lucia Lopez,CONTADO,BUENOS AIRES,29.0,45.2,AMERICANA,S.F,LLAVE EN MANO,MADERA,NO LE INTERESA,21237000.0
2024-02-08,Juan Sanchez,FINANCIACION PROPIA,MENDIOLAZA,44.0,65.9,MINIMALISTA,S.F,OBRA GRIS,LADRILLO,NO LE INTERESA,23292000.0
2025-04-21,Lucia Martinez,CONTADO,SANTIAGO DEL ESTERO,85.0,34.2,AMERICANA,S.F,OBRA GRIS,PIEDRA NATURAL,POTABLE,11807000.0
2025-11-12,Juan Romero,CONTADO,CÓRDOBA CAPITAL,222.0,57.7,MINIMALISTA,W.F,OBRA GRIS,PIEDRA NATURAL,POTABLE,17970000.0
2026-01-28,Juan Garcia,FINANCIACION PROPIA,SANTIAGO DEL ESTERO,25.0,58.3,AMERICANA,S.F,LLAVE EN MANO,MADERA,NO LE INTERESA,30000000.0
2025-06-21,Jorge Martinez,CONTADO,SANTIAGO DEL ESTERO,5.0,41.1,CABAÑA,W.F,LLAVE EN MANO,LADRILLO,POTABLE,18501000.0
2025-02-11,Jorge Lopez,CONTADO,MENDIOLAZA,81.0,61.6,CABAÑA,E.E,LLAVE EN MANO,LADRILLO,VENDIDO,25136000.0
2025-06-08,Ana Gonzalez,PLAN 36-60,ALTA GRACIA,46.0,34.8,CABAÑA,W.F,OBRA GRIS,PIEDRA NATURAL,VENDIDO,11658000.0
2025-05-20,Carla Garcia,PLAN 36-60,BUENOS AIRES,11.0,32.7,MINIMALISTA,E.E,OBRA GRIS,PIEDRA NATURAL,NO LE INTERESA,9459000.0
2024-02-05,Ana Perez,FINANCIACION PROPIA,CARLOS PAZ,34.0,57.0,AMERICANA,S.F,OBRA GRIS,LADRILLO,POTABLE,19919000.0
2025-11-15,Carla Gonzalez,PLAN 36-60,BUENOS AIRES,68.0,,MINIMALISTA,S.F,LLAVE EN MANO,LADRILLO,POTABLE,11211000.0
2024-01-20,Juan Rodriguez,PLAN 36-60,SANTIAGO DEL ESTERO,74.0,,CABAÑA,W.F,LLAVE EN MANO,PIEDRA NATURAL,VENDIDO,9006000.0
2024-11-16,Lucia Martinez,FINANCIACION PROPIA,LA PLATA,35.0,65.7,MINIMALISTA,E.E,OBRA GRIS,LADRILLO,POTABLE,18279000.0
2026-02-14,Elena Sanchez,PLAN 36-60,ALTA GRACIA,18.0,76.0,MINIMALISTA,S.F,OBRA GRIS,PIEDRA NATURAL,POTABLE,25977000.0
2025-05-26,Ana Romero,PLAN 36-60,ALTA GRACIA,182.0,45.7,MINIMALISTA,S.F,OBRA GRIS,LADRILLO,POTABLE,16184000.0
2025-02-03,Jorge Garcia,FINANCIACION PROPIA,SANTIAGO DEL ESTERO,54.0,41.6,AMERICANA,E.E,LLAVE EN MANO,MADERA,POTABLE,17185000.0
2025-10-15,Ana Gonzalez,PLAN 36-60,MENDIOLAZA,26.0,75.1,MINIMALISTA,S.F,OBRA GRIS,PIEDRA NATURAL,NO LE INTERESA,26517000.0
2025-04-15,Lucia Perez,CONTADO,LA PLATA,16.0,32.1,MINIMALISTA,S.F,LLAVE EN MANO,LADRILLO,VENDIDO,16275000.0
2024-05-22,Juan Sanchez,CONTADO,SANTIAGO DEL ESTERO,66.0,27.7,MINIMALISTA,W.F,OBRA GRIS,PIEDRA NATURAL,NO LE INTERESA,8805000.0
2024-04-01,Diego Garcia,PLAN 36-60,LA PLATA,14.0,69.2,CABAÑA,S.F,OBRA GRIS,LADRILLO,NO LE INTERESA,25346000.0
2024-12-19,Pedro Romero,CONTADO,ALTA GRACIA,9.0,55.2,CABAÑA,E.E,OBRA GRIS,,POTABLE,14716000.0
2025-12-27,Jorge Lopez,PLAN 36-60,LA PLATA,38.0,76.3,AMERICANA,S.F,OBRA GRIS,MADERA,NO LE INTERESA,27913000.0
2024-02-20,Juan Garcia,FINANCIACION PROPIA,BUENOS AIRES,17.0,20.0,CABAÑA,W.F,OBRA GRIS,MADERA,POTABLE,6723000.0
2025-10-26,Diego Gonzalez,PLAN 36-60,SANTIAGO DEL ESTERO,50.0,27.0,AMERICANA,S.F,OBRA GRIS,PIEDRA NATURAL,POTABLE,9113000.0
2025-11-28,Juan Romero,CONTADO,CÓRDOBA CAPITAL,6.0,55.3,CABAÑA,E.E,OBRA GRIS,MADERA,POTABLE,15655000.0
2025-07-28,Carla Perez,FINANCIACION PROPIA,CÓRDOBA CAPITAL,53.0,63.4,AMERICANA,S.F,OBRA GRIS,PIEDRA NATURAL,NO LE INTERESA,22905000.0
2024-07-08,Carla Perez,CONTADO,LA PLATA,17.0,71.9,AMERICANA,E.E,OBRA GRIS,MADERA,POTABLE,19964000.0
2024-05-04,Ana Sanchez,,MENDIOLAZA,5.0,58.5,AMERICANA,W.F,OBRA GRIS,PIEDRA NATURAL,VENDIDO,18075000.0
2024-05-29,Diego Martinez,PLAN 36-60,SANTIAGO DEL ESTERO,7.0,58.3,CABAÑA,S.F,LLAVE EN MANO,MADERA,VENDIDO,29519000.0
2024-11-09,Jorge Martinez,CONTADO,CARLOS PAZ,136.0,47.2,MINIMALISTA,S.F,LLAVE EN MANO,LADRILLO,POTABLE,23254000.0
2025-07-23,Juan Gonzalez,NO SABE,CÓRDOBA CAPITAL,101.0,86.8,CABAÑA,W.F,OBRA GRIS,LADRILLO,NO LE INTERESA,27436000.0
2024-12-07,Elena Lopez,CONTADO,ALTA GRACIA,13.0,32.9,MINIMALISTA,E.E,OBRA GRIS,PIEDRA NATURAL,NO LE INTERESA,8835000.0
2024-10-31,Diego Martinez,NO SABE,BUENOS AIRES,75.0,62.2,CABAÑA,E.E,LLAVE EN MANO,MADERA,VENDIDO,24838000.0
2025-11-22,Ana Gonzalez,CONTADO,SANTIAGO DEL ESTERO,47.0,35.2,MINIMALISTA,S.F,LLAVE EN MANO,MADERA,NO LE INTERESA,16526000.0
2025-11-12,Juan Garcia,CONTADO,SANTIAGO DEL ESTERO,177.0,65.7,CABAÑA,E.E,LLAVE EN MANO,LADRILLO,POTABLE,26777000.0
2026-02-21,Elena Rodriguez,CONTADO,BUENOS AIRES,23.0,34.3,AMERICANA,E.E,OBRA GRIS,MADERA,POTABLE,9899000.0
2024-02-23,Maria Garcia,CONTADO,CÓRDOBA CAPITAL,57.0,69.9,AMERICANA,S.F,OBRA GRIS,MADERA,POTABLE,24116000.0
2025-03-19,Lucia Perez,FINANCIACION PROPIA,BUENOS AIRES,5.0,57.2,AMERICANA,E.E,OBRA GRIS,PIEDRA NATURAL,NO LE INTERESA,15979000.0
2025-09-04,Carla Rodriguez,PLAN 36-60,BUENOS AIRES,25.0,89.9,MINIMALISTA,E.E,OBRA GRIS,LADRILLO,POTABLE,25636000.0
2024-09-20,Elena Garcia,FINANCIACION PROPIA,CARLOS PAZ,166.0,49.4,MINIMALISTA,S.F,LLAVE EN MANO,MADERA,NO LE INTERESA,25578000.0
2024-02-22,Luis Sanchez,CONTADO,BUENOS AIRES,39.0,63.5,AMERICANA,S.F,LLAVE EN MANO,MADERA,POTABLE,31236000.0
2025-07-25,Ana Sanchez,PLAN 36-60,ALTA GRACIA,17.0,39.4,MINIMALISTA,E.E,LLAVE EN MANO,PIEDRA NATURAL,NO LE INTERESA,16239000.0
2025-09-11,Carla Romero,PLAN 36-60,CARLOS PAZ,6.0,49.2,AMERICANA,S.F,LLAVE EN MANO,,POTABLE,23695000.0
2024-01-05,Juan Sanchez,PLAN 36-60,ALTA GRACIA,61.0,57.1,CABAÑA,E.E,OBRA GRIS,PIEDRA NATURAL,POTABLE,16122000.0
2024-04-12,Lucia Garcia,PLAN 36-60,CÓRDOBA CAPITAL,52.0,24.5,MINIMALISTA,E.E,LLAVE EN MANO,PIEDRA NATURAL,NO LE INTERESA,9310000.0
2024-07-14,Lucia Sanchez,PLAN 36-60,SANTIAGO DEL ESTERO,23.0,26.6,MINIMALISTA,E.E,LLAVE EN MANO,MADERA,POTABLE,10521000.0
2026-02-12,Pedro Rodriguez,CONTADO,ALTA GRACIA,151.0,67.0,CABAÑA,E.E,OBRA GRIS,MADERA,NO LE INTERESA,19055000.0
2024-12-15,Pedro Martinez,FINANCIACION PROPIA,SANTIAGO DEL ESTERO,5.0,52.1,MINIMALISTA,S.F,OBRA GRIS,MADERA,NO LE INTERESA,18879000.0
2024-02-16,Ana Perez,FINANCIACION PROPIA,LA PLATA,18.0,43.1,MINIMALISTA,S.F,OBRA GRIS,PIEDRA NATURAL,NO LE INTERESA,15862000.0
2025-10-17,Diego Martinez,PLAN 36-60,LA PLATA,127.0,40.3,MINIMALISTA,W.F,LLAVE EN MANO,MADERA,VENDIDO,19250000.0
2024-09-25,Ana Romero,,CÓRDOBA CAPITAL,19.0,41.0,CABAÑA,S.F,LLAVE EN MANO,LADRILLO,NO LE INTERESA,19588000.0
2025-01-04,Elena Perez,CONTADO,CÓRDOBA CAPITAL,15.0,57.3,AMERICANA,W.F,OBRA GRIS,LADRILLO,NO LE INTERESA,18175000.0
2025-09-27,Jorge Perez,CONTADO,MENDIOLAZA,38.0,63.9,AMERICANA,E.E,OBRA GRIS,MADERA,NO LE INTERESA,17545000.0
2024-04-15,Carla Perez,CONTADO,CÓRDOBA CAPITAL,87.0,20.0,CABAÑA,S.F,OBRA GRIS,PIEDRA NATURAL,POTABLE,6916000.0
2025-10-31,Pedro Garcia,CONTADO,LA PLATA,5.0,83.3,CABAÑA,E.E,OBRA GRIS,LADRILLO,NO LE INTERESA,22515000.0
2025-10-20,Elena Rodriguez,FINANCIACION PROPIA,ALTA GRACIA,143.0,81.8,CABAÑA,W.F,LLAVE EN MANO,MADERA,VENDIDO,37133000.0
2025-10-18,Luis Romero,PLAN 36-60,BUENOS AIRES,79.0,20.0,AMERICANA,S.F,OBRA GRIS,LADRILLO,POTABLE,7384000.0
2024-04-29,Elena Rodriguez,PLAN 36-60,BUENOS AIRES,10.0,76.7,CABAÑA,S.F,LLAVE EN MANO,LADRILLO,NO LE INTERESA,37936000.0
2026-02-25,Pedro Romero,CONTADO,BUENOS AIRES,62.0,76.1,AMERICANA,S.F,OBRA GRIS,LADRILLO,NO LE INTERESA,27724000.0
2025-08-26,Elena Sanchez,,CARLOS PAZ,24.0,55.0,CABAÑA,S.F,OBRA GRIS,LADRILLO,VENDIDO,20172000.0
2024-02-27,Juan Lopez,CONTADO,BUENOS AIRES,26.0,29.1,MINIMALISTA,E.E,LLAVE EN MANO,MADERA,POTABLE,11312000.0
2024-12-11,Maria Lopez,FINANCIACION PROPIA,CÓRDOBA CAPITAL,76.0,,AMERICANA,S.F,OBRA GRIS,LADRILLO,POTABLE,27357000.0
2026-01-10,Pedro Martinez,NO SABE,BUENOS AIRES,165.0,50.2,AMERICANA,W.F,OBRA GRIS,MADERA,POTABLE,15677000.0
2025-04-18,Lucia Gonzalez,FINANCIACION PROPIA,CARLOS PAZ,7.0,66.0,CABAÑA,S.F,OBRA GRIS,LADRILLO,NO LE INTERESA,23067000.0
2024-04-26,Lucia Lopez,NO SABE,CARLOS PAZ,27.0,99.4,MINIMALISTA,W.F,LLAVE EN MANO,,POTABLE,44259000.0
2024-05-06,Carla Sanchez,PLAN 36-60,LA PLATA,33.0,60.0,AMERICANA,W.F,LLAVE EN MANO,LADRILLO,POTABLE,26298000.0
2025-01-27,Maria Lopez,CONTADO,MENDIOLAZA,24.0,36.7,CABAÑA,E.E,OBRA GRIS,MADERA,POTABLE,10248000.0
2025-10-02,Ana Romero,CONTADO,ALTA GRACIA,23.0,48.3,MINIMALISTA,S.F,OBRA GRIS,LADRILLO,POTABLE,16844000.0
2024-02-27,Jorge Romero,CONTADO,LA PLATA,5.0,39.2,AMERICANA,W.F,LLAVE EN MANO,LADRILLO,NO LE INTERESA,18224000.0
2025-09-25,Ana Gonzalez,,CÓRDOBA CAPITAL,58.0,63.7,CABAÑA,S.F,LLAVE EN MANO,PIEDRA NATURAL,NO LE INTERESA,32455000.0
2025-05-27,Luis Rodriguez,PLAN 36-60,LA PLATA,29.0,38.9,MINIMALISTA,E.E,LLAVE EN MANO,LADRILLO,VENDIDO,15532000.0
2026-01-20,Lucia Perez,CONTADO,LA PLATA,11.0,45.5,AMERICANA,E.E,OBRA GRIS,PIEDRA NATURAL,POTABLE,12927000.0
2024-04-05,Elena Sanchez,,LA PLATA,85.0,29.3,AMERICANA,S.F,OBRA GRIS,MADERA,NO LE INTERESA,9978000.0
2025-09-29,Carla Perez,,CÓRDOBA CAPITAL,81.0,52.4,MINIMALISTA,W.F,OBRA GRIS,LADRILLO,NO LE INTERESA,17122000.0
2024-04-27,Luis Romero,,CÓRDOBA CAPITAL,33.0,58.5,CABAÑA,E.E,OBRA GRIS,LADRILLO,POTABLE,16059000.0
2025-07-13,Luis Lopez,NO SABE,LA PLATA,18.0,20.0,CABAÑA,W.F,LLAVE EN MANO,PIEDRA NATURAL,NO LE INTERESA,8857000.0
2025-08-23,Diego Gonzalez,CONTADO,LA PLATA,51.0,60.2,MINIMALISTA,W.F,LLAVE EN MANO,PIEDRA NATURAL,POTABLE,26112000.0
2025-05-02,Elena Gonzalez,FINANCIACION PROPIA,CARLOS PAZ,17.0,54.1,AMERICANA,S.F,LLAVE EN MANO,LADRILLO,NO LE INTERESA,26895000.0
2024-08-24,Diego Sanchez,FINANCIACION PROPIA,ALTA GRACIA,13.0,39.7,MINIMALISTA,E.E,OBRA GRIS,MADERA,NO LE INTERESA,11229000.0
2024-09-28,Maria Garcia,CONTADO,CARLOS PAZ,66.0,95.6,MINIMALISTA,S.F,LLAVE EN MANO,PIEDRA NATURAL,NO LE INTERESA,45630000.0
2024-07-07,Lucia Sanchez,PLAN 36-60,MENDIOLAZA,5.0,74.2,MINIMALISTA,S.F,OBRA GRIS,LADRILLO,POTABLE,25362000.0
2025-12-04,Luis Rodriguez,CONTADO,ALTA GRACIA,5.0,33.1,AMERICANA,S.F,LLAVE EN MANO,PIEDRA NATURAL,NO LE INTERESA,16669000.0
2025-03-22,Carla Romero,FINANCIACION PROPIA,MENDIOLAZA,5.0,71.8,MINIMALISTA,W.F,OBRA GRIS,MADERA,NO LE INTERESA,23805000.0
2025-08-03,Diego Romero,PLAN 36-60,ALTA GRACIA,8.0,79.9,MINIMALISTA,S.F,OBRA GRIS,PIEDRA NATURAL,NO LE INTERESA,27958000.0
2026-02-28,Lucia Martinez,PLAN 36-60,LA PLATA,5.0,57.6,AMERICANA,E.E,LLAVE EN MANO,LADRILLO,NO LE INTERESA,21794000.0
2024-09-03,Pedro Romero,,CARLOS PAZ,274.0,62.2,AMERICANA,W.F,LLAVE EN MANO,,NO LE INTERESA,27186000.0
2024-03-16,Diego Rodriguez,CONTADO,ALTA GRACIA,17.0,61.8,MINIMALISTA,S.F,LLAVE EN MANO,MADERA,POTABLE,29615000.0
2024-06-02,Luis Gonzalez,FINANCIACION PROPIA,MENDIOLAZA,8.0,20.0,CABAÑA,E.E,LLAVE EN MANO,LADRILLO,POTABLE,8034000.0
2025-10-17,Diego Garcia,FINANCIACION PROPIA,ALTA GRACIA,14.0,51.3,MINIMALISTA,S.F,LLAVE EN MANO,LADRILLO,NO LE INTERESA,25412000.0
2025-03-10,Ana Sanchez,FINANCIACION PROPIA,CÓRDOBA CAPITAL,138.0,,AMERICANA,S.F,LLAVE EN MANO,LADRILLO,NO LE INTERESA,25346000.0
2024-03-26,Maria Perez,FINANCIACION PROPIA,ALTA GRACIA,37.0,83.6,AMERICANA,S.F,OBRA GRIS,LADRILLO,POTABLE,29233000.0
2025-11-27,Juan Sanchez,PLAN 36-60,BUENOS AIRES,23.0,61.7,AMERICANA,W.F,LLAVE EN MANO,MADERA,POTABLE,28558000.0
2024-10-11,Pedro Martinez,NO SABE,LA PLATA,103.0,49.0,CABAÑA,S.F,OBRA GRIS,LADRILLO,POTABLE,17271000.0
2024-08-07,Juan Sanchez,CONTADO,SANTIAGO DEL ESTERO,25.0,53.2,AMERICANA,E.E,OBRA GRIS,MADERA,NO LE INTERESA,14312000.0
2024-03-09,Lucia Sanchez,PLAN 36-60,CÓRDOBA CAPITAL,20.0,75.5,CABAÑA,S.F,OBRA GRIS,MADERA,NO LE INTERESA,25344000.0
2024-02-16,Maria Sanchez,CONTADO,SANTIAGO DEL ESTERO,12.0,51.3,AMERICANA,S.F,LLAVE EN MANO,PIEDRA NATURAL,NO LE INTERESA,25989000.0
2024-04-03,Pedro Sanchez,NO SABE,LA PLATA,24.0,41.0,AMERICANA,W.F,LLAVE EN MANO,PIEDRA NATURAL,POTABLE,18759000.0
2026-01-19,Jorge Romero,FINANCIACION PROPIA,BUENOS AIRES,19.0,49.5,MINIMALISTA,S.F,LLAVE EN MANO,LADRILLO,NO LE INTERESA,23747000.0
2025-03-28,Luis Sanchez,FINANCIACION PROPIA,SANTIAGO DEL ESTERO,57.0,73.8,CABAÑA,E.E,LLAVE EN MANO,LADRILLO,NO LE INTERESA,29761000.0
2024-07-22,Pedro Garcia,CONTADO,ALTA GRACIA,17.0,64.9,MINIMALISTA,E.E,LLAVE EN MANO,MADERA,POTABLE,24539000.0
2024-08-05,Juan Sanchez,FINANCIACION PROPIA,SANTIAGO DEL ESTERO,43.0,55.9,CABAÑA,S.F,LLAVE EN MANO,PIEDRA NATURAL,POTABLE,27854000.0
2025-04-18,Maria Romero,FINANCIACION PROPIA,CARLOS PAZ,5.0,58.8,AMERICANA,E.E,OBRA GRIS,LADRILLO,NO LE INTERESA,17278000.0
2025-03-07,Juan Romero,PLAN 36-60,LA PLATA,11.0,43.8,AMERICANA,E.E,OBRA GRIS,LADRILLO,NO LE INTERESA,11851000.0
2024-12-06,Luis Garcia,CONTADO,CARLOS PAZ,26.0,51.1,CABAÑA,S.F,OBRA GRIS,MADERA,POTABLE,17282000.0
2025-07-04,Jorge Rodriguez,PLAN 36-60,SANTIAGO DEL ESTERO,138.0,41.7,MINIMALISTA,E.E,OBRA GRIS,PIEDRA NATURAL,VENDIDO,11845000.0
2025-09-03,Diego Lopez,CONTADO,BUENOS AIRES,24.0,49.1,CABAÑA,E.E,OBRA GRIS,LADRILLO,POTABLE,13981000.0
2024-10-15,Juan Lopez,PLAN 36-60,CARLOS PAZ,55.0,81.9,CABAÑA,S.F,LLAVE EN MANO,LADRILLO,POTABLE,38310000.0
2024-09-10,Carla Garcia,CONTADO,CÓRDOBA CAPITAL,15.0,33.4,CABAÑA,W.F,LLAVE EN MANO,LADRILLO,NO LE INTERESA,15079000.0
2026-01-03,Elena Rodriguez,CONTADO,SANTIAGO DEL ESTERO,7.0,41.2,AMERICANA,W.F,OBRA GRIS,LADRILLO,NO LE INTERESA,12723000.0
2024-12-22,Diego Sanchez,CONTADO,MENDIOLAZA,5.0,29.9,CABAÑA,S.F,OBRA GRIS,LADRILLO,POTABLE,10202000.0
2024-01-23,Ana Rodriguez,CONTADO,CARLOS PAZ,18.0,25.6,AMERICANA,W.F,OBRA GRIS,LADRILLO,NO LE INTERESA,8446000.0
2026-01-31,Pedro Perez,CONTADO,ALTA GRACIA,9.0,51.3,MINIMALISTA,W.F,LLAVE EN MANO,PIEDRA NATURAL,POTABLE,23692000.0
2025-06-05,Elena Garcia,NO SABE,SANTIAGO DEL ESTERO,10.0,42.6,AMERICANA,W.F,LLAVE EN MANO,MADERA,NO LE INTERESA,19661000.0
2026-01-27,Lucia Rodriguez,PLAN 36-60,BUENOS AIRES,72.0,90.2,MINIMALISTA,W.F,LLAVE EN MANO,MADERA,POTABLE,38997000.0
2024-04-09,Jorge Martinez,CONTADO,MENDIOLAZA,5.0,49.3,MINIMALISTA,S.F,LLAVE EN MANO,MADERA,NO LE INTERESA,24857000.0
2024-06-28,Ana Sanchez,PLAN 36-60,BUENOS AIRES,41.0,80.8,MINIMALISTA,W.F,LLAVE EN MANO,LADRILLO,NO LE INTERESA,36239000.0
2024-08-10,Jorge Romero,PLAN 36-60,CÓRDOBA CAPITAL,24.0,74.4,AMERICANA,W.F,LLAVE EN MANO,MADERA,NO LE INTERESA,33493000.0
2026-01-31,Maria Romero,NO SABE,ALTA GRACIA,35.0,50.8,CABAÑA,S.F,LLAVE EN MANO,PIEDRA NATURAL,NO LE INTERESA,24744000.0
2025-10-20,Juan Garcia,CONTADO,SANTIAGO DEL ESTERO,41.0,97.2,AMERICANA,S.F,OBRA GRIS,LADRILLO,NO LE INTERESA,35298000.0
2025-03-17,Jorge Gonzalez,CONTADO,BUENOS AIRES,19.0,60.4,MINIMALISTA,W.F,OBRA GRIS,PIEDRA NATURAL,NO LE INTERESA,19828000.0
2025-08-30,Lucia Lopez,NO SABE,ALTA GRACIA,17.0,85.3,CABAÑA,E.E,LLAVE EN MANO,LADRILLO,VENDIDO,33463000.0
2026-02-07,Luis Gonzalez,CONTADO,SANTIAGO DEL ESTERO,66.0,82.9,AMERICANA,S.F,OBRA GRIS,,NO LE INTERESA,30087000.0
2024-11-20,Pedro Gonzalez,CONTADO,SANTIAGO DEL ESTERO,103.0,63.3,MINIMALISTA,S.F,LLAVE EN MANO,MADERA,NO LE INTERESA,32123000.0
2025-05-30,Ana Garcia,CONTADO,LA PLATA,11.0,70.0,MINIMALISTA,W.F,OBRA GRIS,PIEDRA NATURAL,NO LE INTERESA,21440000.0
2024-01-16,Jorge Sanchez,CONTADO,CARLOS PAZ,5.0,67.5,CABAÑA,E.E,LLAVE EN MANO,MADERA,NO LE INTERESA,26412000.0
2024-12-01,Elena Perez,NO SABE,SANTIAGO DEL ESTERO,114.0,32.1,AMERICANA,S.F,LLAVE EN MANO,LADRILLO,POTABLE,15172000.0
2026-01-28,Ana Lopez,CONTADO,CÓRDOBA CAPITAL,22.0,56.1,CABAÑA,S.F,OBRA GRIS,PIEDRA NATURAL,NO LE INTERESA,19289000.0
2024-09-14,Carla Garcia,NO SABE,MENDIOLAZA,40.0,76.5,CABAÑA,S.F,LLAVE EN MANO,PIEDRA NATURAL,POTABLE,38686000.0
2025-05-11,Luis Romero,NO SABE,CARLOS PAZ,22.0,85.5,CABAÑA,E.E,OBRA GRIS,LADRILLO,POTABLE,25038000.0
2024-06-08,Diego Rodriguez,PLAN 36-60,LA PLATA,7.0,40.6,CABAÑA,S.F,LLAVE EN MANO,MADERA,NO LE INTERESA,19391000.0
2025-04-19,Elena Garcia,CONTADO,CARLOS PAZ,44.0,65.6,AMERICANA,S.F,OBRA GRIS,LADRILLO,POTABLE,21924000.0
2025-10-25,Carla Rodriguez,CONTADO,CARLOS PAZ,37.0,58.0,CABAÑA,E.E,LLAVE EN MANO,PIEDRA NATURAL,VENDIDO,22569000.0
2025-11-20,Lucia Romero,PLAN 36-60,SANTIAGO DEL ESTERO,11.0,52.6,MINIMALISTA,S.F,OBRA GRIS,PIEDRA NATURAL,NO LE INTERESA,18123000.0
2025-11-05,Juan Martinez,PLAN 36-60,CÓRDOBA CAPITAL,30.0,62.1,MINIMALISTA,E.E,LLAVE EN MANO,PIEDRA NATURAL,NO LE INTERESA,24820000.0
2025-01-14,Juan Garcia,PLAN 36-60,SANTIAGO DEL ESTERO,80.0,59.4,MINIMALISTA,E.E,OBRA GRIS,LADRILLO,POTABLE,16744000.0
2025-06-28,Ana Martinez,PLAN 36-60,BUENOS AIRES,45.0,65.8,CABAÑA,E.E,OBRA GRIS,PIEDRA NATURAL,NO LE INTERESA,18304000.0
2025-11-21,Lucia Garcia,NO SABE,CÓRDOBA CAPITAL,5.0,83.8,MINIMALISTA,W.F,OBRA GRIS,PIEDRA NATURAL,NO LE INTERESA,26261000.0
2025-03-02,Elena Lopez,PLAN 36-60,BUENOS AIRES,40.0,70.7,AMERICANA,S.F,OBRA GRIS,MADERA,POTABLE,25620000.0
2025-09-04,Juan Garcia,PLAN 36-60,CÓRDOBA CAPITAL,61.0,61.2,CABAÑA,S.F,LLAVE EN MANO,MADERA,VENDIDO,29323000.0
2024-09-24,Elena Martinez,FINANCIACION PROPIA,ALTA GRACIA,79.0,92.3,CABAÑA,S.F,OBRA GRIS,PIEDRA NATURAL,POTABLE,30980000.0
2025-07-30,Jorge Sanchez,CONTADO,SANTIAGO DEL ESTERO,50.0,77.2,CABAÑA,E.E,LLAVE EN MANO,MADERA,NO LE INTERESA,30533000.0
2025-02-20,Lucia Garcia,CONTADO,BUENOS AIRES,8.0,53.2,AMERICANA,W.F,LLAVE EN MANO,LADRILLO,NO LE INTERESA,23556000.0
2024-06-16,Luis Sanchez,CONTADO,LA PLATA,62.0,,CABAÑA,E.E,LLAVE EN MANO,MADERA,VENDIDO,12385000.0
2024-02-12,Maria Romero,CONTADO,MENDIOLAZA,57.0,35.2,CABAÑA,S.F,LLAVE EN MANO,MADERA,NO LE INTERESA,16607000.0
2025-07-09,Juan Lopez,PLAN 36-60,CARLOS PAZ,5.0,73.7,MINIMALISTA,E.E,LLAVE EN MANO,MADERA,NO LE INTERESA,30245000.0
2024-10-11,Diego Garcia,CONTADO,ALTA GRACIA,27.0,42.4,MINIMALISTA,W.F,LLAVE EN MANO,MADERA,VENDIDO,18555000.0
2025-01-31,Maria Rodriguez,PLAN 36-60,BUENOS AIRES,20.0,34.8,CABAÑA,S.F,LLAVE EN MANO,LADRILLO,NO LE INTERESA,16838000.0
2024-01-12,Ana Sanchez,NO SABE,LA PLATA,55.0,39.8,AMERICANA,E.E,LLAVE EN MANO,MADERA,NO LE INTERESA,15654000.0
2025-08-29,Pedro Lopez,CONTADO,MENDIOLAZA,12.0,41.3,MINIMALISTA,W.F,OBRA GRIS,PIEDRA NATURAL,NO LE INTERESA,13836000.0
2024-10-28,Elena Gonzalez,PLAN 36-60,MENDIOLAZA,45.0,72.0,CABAÑA,E.E,OBRA GRIS,MADERA,NO LE INTERESA,20678000.0
2024-09-09,Pedro Lopez,CONTADO,SANTIAGO DEL ESTERO,122.0,51.9,MINIMALISTA,E.E,LLAVE EN MANO,,POTABLE,19799000.0
2025-05-13,Diego Gonzalez,CONTADO,CÓRDOBA CAPITAL,80.0,27.6,MINIMALISTA,S.F,OBRA GRIS,PIEDRA NATURAL,POTABLE,9720000.0
2026-01-23,Ana Martinez,,BUENOS AIRES,127.0,55.6,AMERICANA,W.F,OBRA GRIS,LADRILLO,NO LE INTERESA,18171000.0
2024-02-04,Pedro Sanchez,NO SABE,SANTIAGO DEL ESTERO,192.0,59.4,CABAÑA,E.E,LLAVE EN MANO,PIEDRA NATURAL,POTABLE,24049000.0
2025-12-27,Ana Perez,CONTADO,MENDIOLAZA,5.0,45.4,MINIMALISTA,W.F,OBRA GRIS,PIEDRA NATURAL,NO LE INTERESA,14731000.0
2024-03-30,Maria Garcia,CONTADO,SANTIAGO DEL ESTERO,49.0,78.1,CABAÑA,S.F,OBRA GRIS,PIEDRA NATURAL,NO LE INTERESA,27292000.0
2026-02-14,Pedro Romero,CONTADO,ALTA GRACIA,27.0,46.6,AMERICANA,S.F,OBRA GRIS,PIEDRA NATURAL,NO LE INTERESA,16785000.0
2025-08-27,Maria Romero,CONTADO,BUENOS AIRES,98.0,77.2,AMERICANA,S.F,LLAVE EN MANO,MADERA,POTABLE,37512000.0
2025-08-24,Juan Garcia,CONTADO,LA PLATA,15.0,66.9,MINIMALISTA,W.F,LLAVE EN MANO,MADERA,NO LE INTERESA,31651000.0
2025-02-21,Maria Gonzalez,PLAN 36-60,MENDIOLAZA,198.0,73.5,AMERICANA,W.F,OBRA GRIS,,VENDIDO,25037000.0
2024-04-24,Jorge Gonzalez,CONTADO,BUENOS AIRES,48.0,33.0,MINIMALISTA,E.E,LLAVE EN MANO,MADERA,NO LE INTERESA,13278000.0
2025-09-08,Luis Garcia,PLAN 36-60,ALTA GRACIA,79.0,57.0,CABAÑA,W.F,LLAVE EN MANO,LADRILLO,POTABLE,26802000.0
2024-07-14,Lucia Gonzalez,PLAN 36-60,LA PLATA,5.0,53.9,MINIMALISTA,S.F,OBRA GRIS,MADERA,NO LE INTERESA,18671000.0
2025-05-15,Carla Garcia,PLAN 36-60,ALTA GRACIA,10.0,26.6,MINIMALISTA,E.E,OBRA GRIS,MADERA,NO LE INTERESA,7524000.0
2025-09-17,Elena Gonzalez,CONTADO,CARLOS PAZ,71.0,77.1,AMERICANA,W.F,OBRA GRIS,LADRILLO,NO LE INTERESA,24366000.0
2025-05-07,Juan Sanchez,,CÓRDOBA CAPITAL,5.0,38.7,CABAÑA,S.F,OBRA GRIS,PIEDRA NATURAL,NO LE INTERESA,14075000.0
2024-03-15,Elena Perez,CONTADO,CÓRDOBA CAPITAL,85.0,42.8,CABAÑA,S.F,LLAVE EN MANO,MADERA,POTABLE,21038000.0
2025-02-16,Lucia Romero,FINANCIACION PROPIA,CÓRDOBA CAPITAL,5.0,34.7,MINIMALISTA,E.E,LLAVE EN MANO,MADERA,POTABLE,13659000.0
2025-01-10,Diego Rodriguez,CONTADO,CARLOS PAZ,54.0,69.0,CABAÑA,S.F,LLAVE EN MANO,PIEDRA NATURAL,POTABLE,35127000.0
2025-02-23,Luis Martinez,PLAN 36-60,MENDIOLAZA,23.0,24.5,CABAÑA,W.F,LLAVE EN MANO,MADERA,POTABLE,11408000.0
2025-12-29,Luis Rodriguez,,MENDIOLAZA,47.0,67.4,MINIMALISTA,S.F,LLAVE EN MANO,PIEDRA NATURAL,NO LE INTERESA,32507000.0
2024-10-03,Jorge Sanchez,CONTADO,CARLOS PAZ,60.0,75.9,MINIMALISTA,E.E,LLAVE EN MANO,PIEDRA NATURAL,NO LE INTERESA,28612000.0
2026-01-30,Ana Romero,CONTADO,CÓRDOBA CAPITAL,21.0,65.7,CABAÑA,S.F,LLAVE EN MANO,PIEDRA NATURAL,NO LE INTERESA,31136000.0
2025-11-06,Lucia Romero,CONTADO,CÓRDOBA CAPITAL,6.0,69.3,MINIMALISTA,S.F,LLAVE EN MANO,MADERA,POTABLE,33419000.0
2025-01-28,Maria Perez,FINANCIACION PROPIA,LA PLATA,5.0,70.2,AMERICANA,W.F,LLAVE EN MANO,PIEDRA NATURAL,NO LE INTERESA,31037000.0
2025-04-01,Carla Gonzalez,PLAN 36-60,LA PLATA,44.0,36.0,CABAÑA,W.F,OBRA GRIS,MADERA,NO LE INTERESA,11120000.0
2024-07-10,Maria Martinez,CONTADO,SANTIAGO DEL ESTERO,37.0,83.7,MINIMALISTA,W.F,LLAVE EN MANO,LADRILLO,VENDIDO,37531000.0
2026-01-08,Elena Martinez,PLAN 36-60,BUENOS AIRES,68.0,45.8,CABAÑA,W.F,LLAVE EN MANO,PIEDRA NATURAL,POTABLE,19931000.0
2025-11-19,Diego Gonzalez,FINANCIACION PROPIA,BUENOS AIRES,36.0,53.7,CABAÑA,S.F,LLAVE EN MANO,MADERA,POTABLE,25631000.0
2024-04-08,Juan Sanchez,FINANCIACION PROPIA,BUENOS AIRES,27.0,48.3,AMERICANA,W.F,OBRA GRIS,PIEDRA NATURAL,NO LE INTERESA,16041000.0
2025-07-01,Jorge Rodriguez,CONTADO,ALTA GRACIA,25.0,64.8,AMERICANA,S.F,OBRA GRIS,MADERA,NO LE INTERESA,22706000.0
2024-04-05,Juan Sanchez,FINANCIACION PROPIA,LA PLATA,5.0,44.2,CABAÑA,W.F,LLAVE EN MANO,MADERA,VENDIDO,19680000.0
2025-10-25,Luis Sanchez,CONTADO,LA PLATA,20.0,56.3,AMERICANA,W.F,LLAVE EN MANO,LADRILLO,NO LE INTERESA,24611000.0
2025-10-24,Lucia Rodriguez,PLAN 36-60,LA PLATA,187.0,30.3,MINIMALISTA,W.F,OBRA GRIS,PIEDRA NATURAL,NO LE INTERESA,10405000.0
2024-07-08,Ana Rodriguez,PLAN 36-60,LA PLATA,103.0,78.3,CABAÑA,S.F,LLAVE EN MANO,MADERA,NO LE INTERESA,40077000.0
2026-01-05,Ana Sanchez,FINANCIACION PROPIA,CARLOS PAZ,20.0,68.4,AMERICANA,W.F,OBRA GRIS,LADRILLO,POTABLE,22096000.0
2024-02-06,Carla Perez,NO SABE,SANTIAGO DEL ESTERO,44.0,49.2,CABAÑA,S.F,LLAVE EN MANO,MADERA,NO LE INTERESA,25192000.0
2026-02-18,Maria Romero,NO SABE,LA PLATA,94.0,45.6,CABAÑA,W.F,OBRA GRIS,MADERA,POTABLE,14772000.0
2025-01-03,Ana Martinez,CONTADO,MENDIOLAZA,29.0,67.9,MINIMALISTA,W.F,OBRA GRIS,,POTABLE,21047000.0
2025-11-25,Juan Sanchez,,ALTA GRACIA,5.0,40.9,MINIMALISTA,E.E,LLAVE EN MANO,PIEDRA NATURAL,VENDIDO,15266000.0
2025-06-08,Maria Perez,CONTADO,BUENOS AIRES,5.0,57.5,MINIMALISTA,W.F,OBRA GRIS,LADRILLO,POTABLE,17834000.0
2024-10-05,Pedro Gonzalez,CONTADO,LA PLATA,36.0,,AMERICANA,S.F,OBRA GRIS,PIEDRA NATURAL,POTABLE,27760000.0
2024-08-04,Luis Lopez,PLAN 36-60,CARLOS PAZ,174.0,38.8,AMERICANA,E.E,OBRA GRIS,MADERA,POTABLE,10926000.0
2024-09-29,Lucia Sanchez,PLAN 36-60,MENDIOLAZA,59.0,62.4,AMERICANA,S.F,LLAVE EN MANO,MADERA,NO LE INTERESA,31119000.0
2024-03-02,Carla Lopez,PLAN 36-60,BUENOS AIRES,5.0,61.3,MINIMALISTA,S.F,LLAVE EN MANO,LADRILLO,POTABLE,30068000.0
2025-08-18,Carla Sanchez,PLAN 36-60,CÓRDOBA CAPITAL,10.0,53.1,CABAÑA,E.E,OBRA GRIS,LADRILLO,POTABLE,14634000.0
2025-12-29,Carla Rodriguez,NO SABE,CÓRDOBA CAPITAL,74.0,44.9,MINIMALISTA,W.F,OBRA GRIS,,NO LE INTERESA,14159000.0
2024-12-07,Carla Garcia,CONTADO,BUENOS AIRES,92.0,79.3,AMERICANA,E.E,LLAVE EN MANO,MADERA,VENDIDO,29915000.0
2025-01-31,Pedro Sanchez,CONTADO,SANTIAGO DEL ESTERO,48.0,43.0,AMERICANA,S.F,LLAVE EN MANO,PIEDRA NATURAL,POTABLE,21739000.0
2025-11-29,Ana Martinez,NO SABE,CÓRDOBA CAPITAL,52.0,20.0,AMERICANA,W.F,LLAVE EN MANO,LADRILLO,NO LE INTERESA,9384000.0
2024-01-19,Ana Sanchez,CONTADO,LA PLATA,5.0,67.8,MINIMALISTA,E.E,OBRA GRIS,PIEDRA NATURAL,NO LE INTERESA,19070000.0
2024-06-25,Jorge Perez,PLAN 36-60,BUENOS AIRES,88.0,31.0,AMERICANA,S.F,LLAVE EN MANO,LADRILLO,POTABLE,14797000.0
2025-09-03,Maria Garcia,PLAN 36-60,CARLOS PAZ,78.0,68.8,MINIMALISTA,W.F,LLAVE EN MANO,LADRILLO,POTABLE,30396000.0
2025-01-30,Pedro Perez,PLAN 36-60,SANTIAGO DEL ESTERO,15.0,81.7,CABAÑA,S.F,LLAVE EN MANO,LADRILLO,NO LE INTERESA,41879000.0
2025-03-20,Ana Garcia,PLAN 36-60,MENDIOLAZA,62.0,67.6,MINIMALISTA,W.F,LLAVE EN MANO,LADRILLO,NO LE INTERESA,29729000.0
2024-08-20,Jorge Lopez,CONTADO,LA PLATA,12.0,76.4,AMERICANA,W.F,OBRA GRIS,MADERA,POTABLE,23528000.0
2024-03-16,Carla Romero,FINANCIACION PROPIA,CÓRDOBA CAPITAL,5.0,95.4,CABAÑA,E.E,OBRA GRIS,MADERA,POTABLE,26853000.0
2024-09-21,Lucia Sanchez,CONTADO,ALTA GRACIA,11.0,74.3,AMERICANA,W.F,LLAVE EN MANO,LADRILLO,POTABLE,32713000.0
2025-03-30,Maria Sanchez,PLAN 36-60,LA PLATA,10.0,61.6,CABAÑA,S.F,OBRA GRIS,MADERA,NO LE INTERESA,22562000.0
2025-12-18,Carla Rodriguez,CONTADO,ALTA GRACIA,21.0,87.7,AMERICANA,W.F,LLAVE EN MANO,MADERA,NO LE INTERESA,39862000.0
2026-01-04,Maria Martinez,PLAN 36-60,MENDIOLAZA,27.0,90.1,MINIMALISTA,S.F,OBRA GRIS,MADERA,NO LE INTERESA,33046000.0
2025-01-18,Ana Romero,PLAN 36-60,ALTA GRACIA,36.0,90.4,AMERICANA,W.F,LLAVE EN MANO,MADERA,NO LE INTERESA,41972000.0
2025-07-17,Pedro Romero,NO SABE,MENDIOLAZA,32.0,45.2,MINIMALISTA,W.F,LLAVE EN MANO,PIEDRA NATURAL,VENDIDO,20880000.0
2025-05-20,Diego Rodriguez,FINANCIACION PROPIA,SANTIAGO DEL ESTERO,16.0,27.9,MINIMALISTA,E.E,OBRA GRIS,PIEDRA NATURAL,VENDIDO,8095000.0
2025-01-01,Pedro Rodriguez,PLAN 36-60,CARLOS PAZ,5.0,43.9,CABAÑA,W.F,LLAVE EN MANO,MADERA,NO LE INTERESA,20005000.0
2024-05-23,Jorge Gonzalez,NO SABE,CÓRDOBA CAPITAL,46.0,69.1,MINIMALISTA,W.F,LLAVE EN MANO,PIEDRA NATURAL,NO LE INTERESA,29693000.0
2024-03-09,Luis Rodriguez,,CÓRDOBA CAPITAL,25.0,58.2,MINIMALISTA,S.F,OBRA GRIS,LADRILLO,POTABLE,20188000.0
2024-04-08,Pedro Romero,PLAN 36-60,LA PLATA,18.0,50.9,MINIMALISTA,S.F,LLAVE EN MANO,PIEDRA NATURAL,POTABLE,24266000.0
2025-01-30,Ana Perez,PLAN 36-60,BUENOS AIRES,101.0,66.2,CABAÑA,S.F,OBRA GRIS,LADRILLO,NO LE INTERESA,23168000.0
2024-01-25,Maria Rodriguez,,CÓRDOBA CAPITAL,69.0,25.6,AMERICANA,W.F,LLAVE EN MANO,PIEDRA NATURAL,VENDIDO,11610000.0
2025-04-13,Carla Romero,FINANCIACION PROPIA,SANTIAGO DEL ESTERO,98.0,57.8,AMERICANA,S.F,LLAVE EN MANO,PIEDRA NATURAL,POTABLE,27409000.0
2025-04-28,Diego Martinez,CONTADO,CÓRDOBA CAPITAL,34.0,77.4,MINIMALISTA,S.F,OBRA GRIS,LADRILLO,NO LE INTERESA,25848000.0
2025-07-18,Maria Garcia,PLAN 36-60,LA PLATA,7.0,66.0,MINIMALISTA,W.F,OBRA GRIS,LADRILLO,VENDIDO,20493000.0
2024-05-30,Ana Garcia,FINANCIACION PROPIA,CÓRDOBA CAPITAL,60.0,,AMERICANA,S.F,LLAVE EN MANO,MADERA,NO LE INTERESA,35010000.0
2024-05-23,Luis Perez,,CARLOS PAZ,12.0,86.9,MINIMALISTA,E.E,LLAVE EN MANO,PIEDRA NATURAL,NO LE INTERESA,34955000.0
2025-07-22,Diego Martinez,FINANCIACION PROPIA,MENDIOLAZA,29.0,53.7,AMERICANA,E.E,OBRA GRIS,LADRILLO,POTABLE,15530000.0
2024-02-08,Luis Sanchez,PLAN 36-60,ALTA GRACIA,5.0,41.9,CABAÑA,S.F,OBRA GRIS,MADERA,POTABLE,14344000.0
2024-04-18,Maria Perez,PLAN 36-60,ALTA GRACIA,87.0,78.8,MINIMALISTA,S.F,LLAVE EN MANO,LADRILLO,POTABLE,37720000.0
2025-11-23,Diego Perez,CONTADO,MENDIOLAZA,7.0,78.4,MINIMALISTA,S.F,LLAVE EN MANO,MADERA,NO LE INTERESA,36649000.0
2024-02-11,Carla Gonzalez,PLAN 36-60,ALTA GRACIA,117.0,66.2,AMERICANA,W.F,LLAVE EN MANO,MADERA,POTABLE,29935000.0
2024-07-04,Pedro Rodriguez,NO SABE,CARLOS PAZ,100.0,51.8,AMERICANA,E.E,OBRA GRIS,LADRILLO,POTABLE,14482000.0
2025-02-01,Lucia Lopez,NO SABE,SANTIAGO DEL ESTERO,31.0,55.0,CABAÑA,E.E,LLAVE EN MANO,LADRILLO,NO LE INTERESA,22332000.0
2024-08-10,Luis Garcia,FINANCIACION PROPIA,LA PLATA,68.0,29.5,MINIMALISTA,S.F,OBRA GRIS,,NO LE INTERESA,10617000.0
2025-09-25,Luis Sanchez,CONTADO,CARLOS PAZ,48.0,77.3,AMERICANA,S.F,LLAVE EN MANO,PIEDRA NATURAL,NO LE INTERESA,36599000.0
2024-05-12,Diego Lopez,FINANCIACION PROPIA,LA PLATA,81.0,76.6,CABAÑA,W.F,OBRA GRIS,MADERA,VENDIDO,25994000.0
2024-06-11,Diego Gonzalez,NO SABE,SANTIAGO DEL ESTERO,28.0,28.8,AMERICANA,W.F,LLAVE EN MANO,LADRILLO,POTABLE,13378000.0
2024-08-02,Maria Gonzalez,CONTADO,CARLOS PAZ,77.0,72.4,AMERICANA,E.E,OBRA GRIS,PIEDRA NATURAL,NO LE INTERESA,20837000.0
2026-01-02,Diego Sanchez,PLAN 36-60,CÓRDOBA CAPITAL,31.0,63.1,CABAÑA,W.F,OBRA GRIS,MADERA,NO LE INTERESA,19788000.0
2024-08-22,Ana Garcia,FINANCIACION PROPIA,BUENOS AIRES,141.0,34.6,CABAÑA,E.E,LLAVE EN MANO,PIEDRA NATURAL,POTABLE,14333000.0
2025-10-19,Carla Gonzalez,PLAN 36-60,SANTIAGO DEL ESTERO,33.0,30.9,CABAÑA,S.F,OBRA GRIS,MADERA,NO LE INTERESA,10836000.0
2026-01-20,Pedro Lopez,NO SABE,ALTA GRACIA,31.0,62.5,CABAÑA,S.F,OBRA GRIS,PIEDRA NATURAL,NO LE INTERESA,21478000.0
2025-08-10,Luis Martinez,PLAN 36-60,CARLOS PAZ,77.0,47.0,CABAÑA,E.E,OBRA GRIS,LADRILLO,NO LE INTERESA,13481000.0
2024-01-09,Maria Martinez,FINANCIACION PROPIA,SANTIAGO DEL ESTERO,86.0,91.4,CABAÑA,S.F,LLAVE EN MANO,MADERA,POTABLE,43620000.0
2024-03-14,Diego Perez,FINANCIACION PROPIA,SANTIAGO DEL ESTERO,40.0,74.1,MINIMALISTA,W.F,LLAVE EN MANO,MADERA,NO LE INTERESA,34828000.0
2025-05-06,Luis Sanchez,PLAN 36-60,CARLOS PAZ,10.0,64.5,CABAÑA,S.F,LLAVE EN MANO,PIEDRA NATURAL,VENDIDO,32740000.0
2024-09-09,Diego Garcia,FINANCIACION PROPIA,ALTA GRACIA,32.0,65.5,MINIMALISTA,S.F,LLAVE EN MANO,PIEDRA NATURAL,POTABLE,32030000.0
2024-08-17,Ana Gonzalez,PLAN 36-60,MENDIOLAZA,172.0,81.6,AMERICANA,E.E,OBRA GRIS,PIEDRA NATURAL,NO LE INTERESA,22391000.0
2025-06-02,Jorge Gonzalez,PLAN 36-60,ALTA GRACIA,70.0,71.9,AMERICANA,W.F,OBRA GRIS,LADRILLO,NO LE INTERESA,23249000.0
2024-06-22,Elena Lopez,CONTADO,SANTIAGO DEL ESTERO,83.0,65.0,CABAÑA,W.F,LLAVE EN MANO,PIEDRA NATURAL,POTABLE,28394000.0
2025-10-14,Ana Gonzalez,CONTADO,LA PLATA,5.0,35.4,AMERICANA,S.F,OBRA GRIS,PIEDRA NATURAL,NO LE INTERESA,12112000.0
2024-06-16,Luis Romero,FINANCIACION PROPIA,MENDIOLAZA,32.0,116.2,CABAÑA,S.F,OBRA GRIS,LADRILLO,POTABLE,40648000.0
2024-06-18,Ana Martinez,NO SABE,MENDIOLAZA,52.0,32.9,CABAÑA,W.F,LLAVE EN MANO,PIEDRA NATURAL,VENDIDO,14195000.0
2025-01-27,Diego Lopez,CONTADO,SANTIAGO DEL ESTERO,89.0,48.7,MINIMALISTA,W.F,LLAVE EN MANO,LADRILLO,NO LE INTERESA,22674000.0
2025-09-25,Luis Perez,CONTADO,CARLOS PAZ,5.0,21.9,AMERICANA,E.E,OBRA GRIS,LADRILLO,VENDIDO,5953000.0
2024-07-12,Carla Martinez,CONTADO,CARLOS PAZ,96.0,65.8,CABAÑA,S.F,LLAVE EN MANO,PIEDRA NATURAL,POTABLE,33573000.0
2025-05-31,Carla Perez,PLAN 36-60,CARLOS PAZ,40.0,58.0,AMERICANA,S.F,OBRA GRIS,LADRILLO,POTABLE,19387000.0
2024-01-29,Elena Gonzalez,NO SABE,ALTA GRACIA,11.0,70.3,MINIMALISTA,W.F,OBRA GRIS,PIEDRA NATURAL,NO LE INTERESA,22726000.0
2024-06-13,Luis Garcia,PLAN 36-60,CÓRDOBA CAPITAL,19.0,20.2,AMERICANA,E.E,LLAVE EN MANO,LADRILLO,NO LE INTERESA,8167000.0
2025-02-25,Lucia Sanchez,,CARLOS PAZ,17.0,77.3,MINIMALISTA,W.F,LLAVE EN MANO,MADERA,NO LE INTERESA,33959000.0
2024-12-04,Ana Sanchez,PLAN 36-60,CARLOS PAZ,38.0,38.9,MINIMALISTA,S.F,OBRA GRIS,PIEDRA NATURAL,NO LE INTERESA,13956000.0
2025-10-09,Lucia Martinez,,MENDIOLAZA,5.0,52.0,MINIMALISTA,S.F,LLAVE EN MANO,MADERA,NO LE INTERESA,26050000.0
2025-05-10,Jorge Gonzalez,FINANCIACION PROPIA,LA PLATA,9.0,73.6,CABAÑA,S.F,OBRA GRIS,MADERA,POTABLE,26129000.0
2024-12-30,Pedro Sanchez,PLAN 36-60,LA PLATA,84.0,60.2,CABAÑA,S.F,OBRA GRIS,MADERA,NO LE INTERESA,20908000.0
2024-12-07,Ana Sanchez,PLAN 36-60,SANTIAGO DEL ESTERO,7.0,61.6,AMERICANA,E.E,LLAVE EN MANO,MADERA,NO LE INTERESA,24846000.0
2025-05-14,Elena Perez,FINANCIACION PROPIA,SANTIAGO DEL ESTERO,13.0,71.0,CABAÑA,S.F,LLAVE EN MANO,PIEDRA NATURAL,POTABLE,35257000.0
2025-10-18,Elena Lopez,FINANCIACION PROPIA,SANTIAGO DEL ESTERO,30.0,63.6,CABAÑA,W.F,LLAVE EN MANO,LADRILLO,POTABLE,28975000.0
2025-05-25,Luis Garcia,FINANCIACION PROPIA,CARLOS PAZ,36.0,48.2,AMERICANA,E.E,LLAVE EN MANO,PIEDRA NATURAL,NO LE INTERESA,19553000.0
2024-11-22,Pedro Rodriguez,NO SABE,LA PLATA,72.0,51.7,MINIMALISTA,E.E,OBRA GRIS,PIEDRA NATURAL,NO LE INTERESA,14212000.0
2024-08-04,Carla Gonzalez,NO SABE,SANTIAGO DEL ESTERO,30.0,59.2,MINIMALISTA,S.F,LLAVE EN MANO,LADRILLO,NO LE INTERESA,28276000.0
2024-10-27,Diego Gonzalez,PLAN 36-60,LA PLATA,78.0,37.1,AMERICANA,E.E,LLAVE EN MANO,MADERA,POTABLE,14494000.0
2024-05-11,Juan Lopez,CONTADO,CARLOS PAZ,48.0,74.9,CABAÑA,S.F,LLAVE EN MANO,,NO LE INTERESA,35203000.0
2024-03-10,Pedro Martinez,PLAN 36-60,MENDIOLAZA,6.0,60.8,AMERICANA,E.E,OBRA GRIS,MADERA,NO LE INTERESA,16756000.0
2024-09-08,Ana Perez,FINANCIACION PROPIA,CARLOS PAZ,8.0,56.5,AMERICANA,E.E,LLAVE EN MANO,PIEDRA NATURAL,NO LE INTERESA,21952000.0
2025-02-18,Elena Perez,CONTADO,SANTIAGO DEL ESTERO,29.0,78.8,CABAÑA,W.F,LLAVE EN MANO,LADRILLO,NO LE INTERESA,35549000.0
2026-02-25,Luis Garcia,CONTADO,CARLOS PAZ,25.0,52.6,AMERICANA,W.F,LLAVE EN MANO,LADRILLO,NO LE INTERESA,23165000.0
2025-03-20,Carla Perez,CONTADO,CARLOS PAZ,68.0,51.4,CABAÑA,W.F,LLAVE EN MANO,MADERA,NO LE INTERESA,24220000.0
2024-06-30,Jorge Lopez,FINANCIACION PROPIA,LA PLATA,43.0,45.3,CABAÑA,E.E,LLAVE EN MANO,LADRILLO,NO LE INTERESA,17439000.0
2024-06-15,Juan Romero,PLAN 36-60,CÓRDOBA CAPITAL,25.0,61.9,AMERICANA,W.F,OBRA GRIS,PIEDRA NATURAL,NO LE INTERESA,20671000.0
2024-03-31,Lucia Lopez,CONTADO,ALTA GRACIA,9.0,61.2,MINIMALISTA,W.F,OBRA GRIS,LADRILLO,POTABLE,19611000.0
2025-12-14,Jorge Lopez,CONTADO,SANTIAGO DEL ESTERO,13.0,41.7,CABAÑA,W.F,OBRA GRIS,LADRILLO,POTABLE,13740000.0
2025-06-14,Lucia Lopez,FINANCIACION PROPIA,BUENOS AIRES,43.0,,MINIMALISTA,E.E,LLAVE EN MANO,PIEDRA NATURAL,POTABLE,19427000.0
2024-02-08,Elena Gonzalez,CONTADO,CÓRDOBA CAPITAL,28.0,41.8,CABAÑA,S.F,LLAVE EN MANO,MADERA,POTABLE,20616000.0
2024-05-05,Pedro Gonzalez,CONTADO,MENDIOLAZA,36.0,40.9,MINIMALISTA,W.F,OBRA GRIS,LADRILLO,NO LE INTERESA,13833000.0
2025-03-26,Jorge Sanchez,PLAN 36-60,BUENOS AIRES,9.0,20.4,AMERICANA,E.E,LLAVE EN MANO,MADERA,NO LE INTERESA,8143000.0
2024-06-21,Ana Perez,PLAN 36-60,SANTIAGO DEL ESTERO,54.0,50.4,CABAÑA,E.E,OBRA GRIS,LADRILLO,NO LE INTERESA,14648000.0
2025-10-14,Pedro Lopez,CONTADO,CÓRDOBA CAPITAL,96.0,21.0,AMERICANA,S.F,LLAVE EN MANO,PIEDRA NATURAL,NO LE INTERESA,10185000.0
2026-01-23,Luis Romero,PLAN 36-60,CARLOS PAZ,15.0,45.7,AMERICANA,W.F,OBRA GRIS,MADERA,NO LE INTERESA,15180000.0
2024-08-07,Lucia Lopez,CONTADO,SANTIAGO DEL ESTERO,34.0,42.7,AMERICANA,E.E,OBRA GRIS,LADRILLO,POTABLE,11828000.0
2025-09-29,Lucia Gonzalez,FINANCIACION PROPIA,CÓRDOBA CAPITAL,186.0,,CABAÑA,E.E,LLAVE EN MANO,MADERA,POTABLE,30026000.0
2024-02-27,Lucia Lopez,CONTADO,ALTA GRACIA,20.0,34.7,AMERICANA,E.E,LLAVE EN MANO,LADRILLO,NO LE INTERESA,13207000.0
2025-10-21,Elena Sanchez,CONTADO,CARLOS PAZ,45.0,39.8,AMERICANA,S.F,LLAVE EN MANO,,POTABLE,19542000.0
2025-04-20,Elena Rodriguez,FINANCIACION PROPIA,SANTIAGO DEL ESTERO,5.0,47.4,CABAÑA,W.F,LLAVE EN MANO,PIEDRA NATURAL,POTABLE,21409000.0
2025-03-31,Elena Rodriguez,FINANCIACION PROPIA,MENDIOLAZA,47.0,43.4,AMERICANA,E.E,LLAVE EN MANO,LADRILLO,POTABLE,17292000.0
2024-12-26,Jorge Sanchez,CONTADO,MENDIOLAZA,5.0,82.4,CABAÑA,E.E,OBRA GRIS,LADRILLO,POTABLE,23930000.0
2024-01-01,Carla Romero,CONTADO,SANTIAGO DEL ESTERO,160.0,32.2,AMERICANA,E.E,LLAVE EN MANO,MADERA,POTABLE,12611000.0
2025-01-21,Diego Romero,FINANCIACION PROPIA,CÓRDOBA CAPITAL,63.0,47.4,MINIMALISTA,E.E,OBRA GRIS,LADRILLO,NO LE INTERESA,14014000.0
2024-12-13,Juan Romero,FINANCIACION PROPIA,SANTIAGO DEL ESTERO,78.0,61.6,AMERICANA,W.F,LLAVE EN MANO,MADERA,POTABLE,28856000.0
2024-07-08,Pedro Romero,,BUENOS AIRES,61.0,72.6,MINIMALISTA,W.F,OBRA GRIS,LADRILLO,POTABLE,23241000.0
2025-05-19,Pedro Perez,PLAN 36-60,CARLOS PAZ,45.0,47.4,CABAÑA,E.E,OBRA GRIS,PIEDRA NATURAL,NO LE INTERESA,12975000.0
2024-07-09,Ana Martinez,,LA PLATA,30.0,20.0,MINIMALISTA,E.E,OBRA GRIS,MADERA,POTABLE,5403000.0
2025-05-22,Ana Rodriguez,PLAN 36-60,MENDIOLAZA,98.0,52.0,CABAÑA,E.E,LLAVE EN MANO,MADERA,NO LE INTERESA,19986000.0
2025-01-03,Jorge Romero,CONTADO,CÓRDOBA CAPITAL,157.0,82.0,AMERICANA,S.F,OBRA GRIS,PIEDRA NATURAL,POTABLE,30048000.0
2025-02-12,Pedro Garcia,CONTADO,ALTA GRACIA,35.0,60.6,MINIMALISTA,S.F,LLAVE EN MANO,MADERA,VENDIDO,29128000.0
2024-04-26,Juan Garcia,CONTADO,SANTIAGO DEL ESTERO,134.0,59.7,AMERICANA,S.F,OBRA GRIS,PIEDRA NATURAL,NO LE INTERESA,20332000.0
2024-05-13,Ana Perez,PLAN 36-60,CARLOS PAZ,44.0,33.7,MINIMALISTA,E.E,LLAVE EN MANO,PIEDRA NATURAL,POTABLE,12643000.0
2024-02-27,Carla Martinez,PLAN 36-60,SANTIAGO DEL ESTERO,39.0,31.7,CABAÑA,S.F,OBRA GRIS,PIEDRA NATURAL,POTABLE,10928000.0
2025-07-09,Pedro Romero,PLAN 36-60,ALTA GRACIA,30.0,55.4,CABAÑA,W.F,LLAVE EN MANO,LADRILLO,POTABLE,24309000.0
2025-11-15,Lucia Perez,CONTADO,CARLOS PAZ,12.0,26.5,CABAÑA,S.F,LLAVE EN MANO,PIEDRA NATURAL,NO LE INTERESA,12486000.0
2025-11-02,Jorge Martinez,CONTADO,ALTA GRACIA,5.0,70.6,CABAÑA,E.E,OBRA GRIS,MADERA,NO LE INTERESA,20668000.0
2024-06-21,Elena Garcia,FINANCIACION PROPIA,CARLOS PAZ,14.0,38.1,AMERICANA,W.F,OBRA GRIS,LADRILLO,POTABLE,12004000.0
2024-05-28,Lucia Perez,CONTADO,LA PLATA,36.0,54.5,AMERICANA,E.E,LLAVE EN MANO,PIEDRA NATURAL,VENDIDO,20360000.0
2024-03-20,Juan Martinez,FINANCIACION PROPIA,MENDIOLAZA,24.0,20.0,AMERICANA,W.F,OBRA GRIS,PIEDRA NATURAL,POTABLE,6764000.0
2024-07-31,Luis Sanchez,CONTADO,CARLOS PAZ,30.0,47.1,AMERICANA,S.F,LLAVE EN MANO,,NO LE INTERESA,23306000.0
2024-07-21,Lucia Garcia,PLAN 36-60,ALTA GRACIA,197.0,31.3,AMERICANA,S.F,LLAVE EN MANO,MADERA,NO LE INTERESA,14980000.0
2026-02-02,Carla Rodriguez,PLAN 36-60,CÓRDOBA CAPITAL,22.0,20.0,CABAÑA,W.F,OBRA GRIS,LADRILLO,NO LE INTERESA,6170000.0
2024-08-16,Jorge Martinez,NO SABE,MENDIOLAZA,30.0,65.8,AMERICANA,W.F,LLAVE EN MANO,LADRILLO,NO LE INTERESA,28543000.0
2025-11-06,Lucia Lopez,CONTADO,BUENOS AIRES,7.0,87.8,AMERICANA,E.E,OBRA GRIS,LADRILLO,NO LE INTERESA,24820000.0
2024-08-14,Ana Rodriguez,CONTADO,LA PLATA,5.0,77.6,AMERICANA,W.F,LLAVE EN MANO,MADERA,VENDIDO,33457000.0
2025-10-20,Ana Perez,PLAN 36-60,SANTIAGO DEL ESTERO,75.0,68.6,CABAÑA,E.E,LLAVE EN MANO,PIEDRA NATURAL,VENDIDO,27188000.0
2025-06-15,Jorge Perez,NO SABE,LA PLATA,42.0,46.7,CABAÑA,W.F,LLAVE EN MANO,LADRILLO,POTABLE,21437000.0
2025-03-16,Juan Gonzalez,NO SABE,LA PLATA,72.0,71.1,CABAÑA,W.F,LLAVE EN MANO,PIEDRA NATURAL,POTABLE,31026000.0
2025-02-05,Jorge Gonzalez,PLAN 36-60,SANTIAGO DEL ESTERO,8.0,79.5,CABAÑA,S.F,OBRA GRIS,MADERA,POTABLE,27805000.0
2024-02-16,Carla Lopez,PLAN 36-60,CARLOS PAZ,42.0,57.7,AMERICANA,S.F,LLAVE EN MANO,LADRILLO,NO LE INTERESA,29650000.0
2024-08-20,Lucia Rodriguez,PLAN 36-60,LA PLATA,15.0,31.3,AMERICANA,E.E,OBRA GRIS,MADERA,POTABLE,9082000.0
2024-10-31,Ana Martinez,PLAN 36-60,MENDIOLAZA,13.0,45.0,MINIMALISTA,E.E,LLAVE EN MANO,LADRILLO,POTABLE,18054000.0
2025-06-09,Luis Perez,PLAN 36-60,LA PLATA,5.0,89.1,AMERICANA,E.E,LLAVE EN MANO,LADRILLO,POTABLE,34997000.0
2024-05-22,Elena Sanchez,FINANCIACION PROPIA,CÓRDOBA CAPITAL,7.0,53.5,CABAÑA,W.F,OBRA GRIS,PIEDRA NATURAL,NO LE INTERESA,17055000.0
2025-02-18,Jorge Gonzalez,FINANCIACION PROPIA,MENDIOLAZA,19.0,20.0,CABAÑA,W.F,LLAVE EN MANO,MADERA,NO LE INTERESA,9001000.0
2025-05-27,Lucia Sanchez,PLAN 36-60,CÓRDOBA CAPITAL,6.0,25.6,AMERICANA,E.E,LLAVE EN MANO,LADRILLO,POTABLE,10310000.0
2025-01-07,Luis Garcia,PLAN 36-60,MENDIOLAZA,213.0,46.5,MINIMALISTA,W.F,OBRA GRIS,LADRILLO,NO LE INTERESA,15376000.0
2025-07-19,Jorge Rodriguez,PLAN 36-60,ALTA GRACIA,18.0,75.7,CABAÑA,S.F,LLAVE EN MANO,MADERA,POTABLE,38102000.0
2024-09-15,Elena Rodriguez,PLAN 36-60,SANTIAGO DEL ESTERO,7.0,49.5,MINIMALISTA,W.F,LLAVE EN MANO,PIEDRA NATURAL,POTABLE,23374000.0
2025-10-17,Ana Romero,PLAN 36-60,MENDIOLAZA,11.0,76.1,CABAÑA,S.F,LLAVE EN MANO,MADERA,VENDIDO,37830000.0
2025-04-15,Juan Gonzalez,CONTADO,MENDIOLAZA,44.0,44.5,CABAÑA,E.E,OBRA GRIS,LADRILLO,NO LE INTERESA,12655000.0
2024-01-12,Luis Romero,CONTADO,CARLOS PAZ,5.0,20.0,AMERICANA,W.F,OBRA GRIS,MADERA,POTABLE,6387000.0
2024-11-25,Maria Rodriguez,PLAN 36-60,CARLOS PAZ,99.0,45.2,CABAÑA,E.E,OBRA GRIS,PIEDRA NATURAL,VENDIDO,12416000.0
2026-01-05,Lucia Rodriguez,FINANCIACION PROPIA,ALTA GRACIA,163.0,61.9,MINIMALISTA,S.F,OBRA GRIS,PIEDRA NATURAL,POTABLE,21634000.0
2026-02-22,Jorge Sanchez,CONTADO,CARLOS PAZ,14.0,60.2,MINIMALISTA,E.E,OBRA GRIS,PIEDRA NATURAL,NO LE INTERESA,16911000.0
2024-12-23,Lucia Gonzalez,PLAN 36-60,BUENOS AIRES,30.0,29.9,AMERICANA,S.F,OBRA GRIS,PIEDRA NATURAL,NO LE INTERESA,10021000.0
2025-02-11,Juan Martinez,CONTADO,BUENOS AIRES,5.0,,CABAÑA,S.F,OBRA GRIS,PIEDRA NATURAL,NO LE INTERESA,16767000.0
2025-10-29,Maria Lopez,CONTADO,CARLOS PAZ,51.0,108.7,MINIMALISTA,E.E,OBRA GRIS,PIEDRA NATURAL,NO LE INTERESA,31618000.0
2025-01-07,Pedro Garcia,NO SABE,BUENOS AIRES,27.0,30.3,AMERICANA,S.F,LLAVE EN MANO,PIEDRA NATURAL,POTABLE,15597000.0
2024-01-08,Elena Sanchez,FINANCIACION PROPIA,CÓRDOBA CAPITAL,16.0,68.2,MINIMALISTA,E.E,OBRA GRIS,LADRILLO,NO LE INTERESA,19800000.0
2024-05-01,Ana Rodriguez,CONTADO,BUENOS AIRES,12.0,20.0,AMERICANA,E.E,LLAVE EN MANO,MADERA,POTABLE,7600000.0
2024-12-13,Pedro Lopez,FINANCIACION PROPIA,CARLOS PAZ,53.0,72.3,MINIMALISTA,E.E,LLAVE EN MANO,PIEDRA NATURAL,NO LE INTERESA,27441000.0
2025-11-06,Diego Romero,CONTADO,CARLOS PAZ,27.0,37.2,CABAÑA,S.F,LLAVE EN MANO,MADERA,NO LE INTERESA,18074000.0
2024-03-30,Carla Martinez,NO SABE,BUENOS AIRES,10.0,63.0,MINIMALISTA,S.F,LLAVE EN MANO,,NO LE INTERESA,30037000.0
2025-10-09,Carla Gonzalez,CONTADO,ALTA GRACIA,58.0,29.2,MINIMALISTA,W.F,LLAVE EN MANO,LADRILLO,NO LE INTERESA,13484000.0
2025-11-28,Juan Gonzalez,CONTADO,ALTA GRACIA,42.0,60.8,AMERICANA,E.E,OBRA GRIS,MADERA,POTABLE,16377000.0
2024-11-11,Elena Romero,PLAN 36-60,LA PLATA,98.0,36.8,AMERICANA,E.E,OBRA GRIS,MADERA,POTABLE,10392000.0
2024-06-26,Juan Sanchez,FINANCIACION PROPIA,CARLOS PAZ,6.0,40.7,AMERICANA,E.E,LLAVE EN MANO,PIEDRA NATURAL,POTABLE,15613000.0
2025-06-23,Luis Rodriguez,CONTADO,CARLOS PAZ,77.0,63.8,MINIMALISTA,E.E,OBRA GRIS,PIEDRA NATURAL,VENDIDO,18151000.0
2026-01-01,Carla Garcia,FINANCIACION PROPIA,MENDIOLAZA,56.0,46.4,AMERICANA,E.E,OBRA GRIS,MADERA,NO LE INTERESA,13464000.0
2024-02-10,Luis Martinez,CONTADO,CARLOS PAZ,6.0,62.6,CABAÑA,E.E,OBRA GRIS,PIEDRA NATURAL,VENDIDO,18280000.0
2026-01-09,Maria Martinez,NO SABE,CÓRDOBA CAPITAL,59.0,51.2,AMERICANA,E.E,OBRA GRIS,LADRILLO,POTABLE,15094000.0
2025-12-04,Pedro Perez,CONTADO,BUENOS AIRES,29.0,56.3,AMERICANA,W.F,OBRA GRIS,MADERA,NO LE INTERESA,17902000.0
2025-05-16,Lucia Perez,NO SABE,MENDIOLAZA,145.0,63.9,CABAÑA,W.F,LLAVE EN MANO,MADERA,NO LE INTERESA,30056000.0
2024-05-24,Lucia Gonzalez,PLAN 36-60,CARLOS PAZ,8.0,48.0,AMERICANA,E.E,LLAVE EN MANO,LADRILLO,NO LE INTERESA,19001000.0
2024-07-19,Luis Rodriguez,PLAN 36-60,CÓRDOBA CAPITAL,51.0,35.1,AMERICANA,E.E,LLAVE EN MANO,LADRILLO,NO LE INTERESA,14102000.0
2025-12-24,Pedro Romero,NO SABE,LA PLATA,24.0,44.4,MINIMALISTA,W.F,LLAVE EN MANO,LADRILLO,POTABLE,20756000.0
2025-04-05,Diego Sanchez,NO SABE,MENDIOLAZA,157.0,78.9,MINIMALISTA,W.F,LLAVE EN MANO,LADRILLO,NO LE INTERESA,34479000.0
2026-01-01,Carla Sanchez,PLAN 36-60,BUENOS AIRES,20.0,57.3,AMERICANA,E.E,OBRA GRIS,MADERA,NO LE INTERESA,16793000.0
2026-01-21,Juan Martinez,CONTADO,BUENOS AIRES,164.0,38.1,CABAÑA,E.E,OBRA GRIS,PIEDRA NATURAL,POTABLE,10966000.0
2025-07-11,Carla Romero,PLAN 36-60,SANTIAGO DEL ESTERO,116.0,63.0,AMERICANA,W.F,LLAVE EN MANO,PIEDRA NATURAL,VENDIDO,28106000.0
2025-06-30,Carla Lopez,PLAN 36-60,CARLOS PAZ,16.0,64.4,AMERICANA,W.F,LLAVE EN MANO,PIEDRA NATURAL,NO LE INTERESA,28587000.0
2024-09-09,Pedro Perez,PLAN 36-60,MENDIOLAZA,81.0,65.4,AMERICANA,E.E,OBRA GRIS,PIEDRA NATURAL,NO LE INTERESA,18896000.0
2025-01-24,Elena Perez,PLAN 36-60,BUENOS AIRES,271.0,35.4,MINIMALISTA,W.F,OBRA GRIS,LADRILLO,NO LE INTERESA,12016000.0
2025-08-16,Jorge Garcia,CONTADO,ALTA GRACIA,15.0,41.4,CABAÑA,E.E,LLAVE EN MANO,PIEDRA NATURAL,NO LE INTERESA,16624000.0
2024-09-12,Maria Martinez,,MENDIOLAZA,29.0,41.5,CABAÑA,S.F,LLAVE EN MANO,PIEDRA NATURAL,POTABLE,19875000.0
2025-12-09,Jorge Sanchez,FINANCIACION PROPIA,ALTA GRACIA,37.0,47.8,CABAÑA,E.E,OBRA GRIS,MADERA,NO LE INTERESA,12996000.0
2025-03-25,Ana Romero,CONTADO,CARLOS PAZ,17.0,65.8,MINIMALISTA,E.E,OBRA GRIS,MADERA,POTABLE,18859000.0
2024-01-10,Elena Martinez,PLAN 36-60,CÓRDOBA CAPITAL,5.0,60.9,MINIMALISTA,E.E,LLAVE EN MANO,PIEDRA NATURAL,VENDIDO,23399000.0
2024-08-29,Pedro Lopez,PLAN 36-60,ALTA GRACIA,12.0,62.5,AMERICANA,W.F,OBRA GRIS,LADRILLO,POTABLE,19584000.0
2024-09-07,Jorge Romero,PLAN 36-60,MENDIOLAZA,17.0,82.1,MINIMALISTA,E.E,OBRA GRIS,PIEDRA NATURAL,POTABLE,22357000.0
2024-01-05,Elena Romero,CONTADO,MENDIOLAZA,29.0,68.8,AMERICANA,E.E,LLAVE EN MANO,LADRILLO,VENDIDO,26063000.0
2024-04-28,Juan Rodriguez,PLAN 36-60,BUENOS AIRES,9.0,52.2,MINIMALISTA,W.F,OBRA GRIS,MADERA,POTABLE,16699000.0
2025-01-08,Maria Lopez,CONTADO,ALTA GRACIA,103.0,31.3,AMERICANA,S.F,LLAVE EN MANO,LADRILLO,POTABLE,15121000.0
2024-03-05,Maria Lopez,PLAN 36-60,LA PLATA,61.0,40.7,MINIMALISTA,S.F,OBRA GRIS,PIEDRA NATURAL,NO LE INTERESA,14901000.0
2024-05-25,Lucia Lopez,FINANCIACION PROPIA,BUENOS AIRES,5.0,49.8,CABAÑA,W.F,LLAVE EN MANO,MADERA,POTABLE,22882000.0
2024-08-11,Carla Sanchez,FINANCIACION PROPIA,LA PLATA,53.0,71.6,AMERICANA,E.E,OBRA GRIS,PIEDRA NATURAL,POTABLE,20618000.0
2024-08-26,Diego Rodriguez,CONTADO,LA PLATA,53.0,54.5,MINIMALISTA,S.F,OBRA GRIS,PIEDRA NATURAL,POTABLE,18970000.0
2024-06-25,Elena Perez,PLAN 36-60,ALTA GRACIA,156.0,41.9,MINIMALISTA,S.F,LLAVE EN MANO,LADRILLO,NO LE INTERESA,20973000.0
2026-02-17,Juan Lopez,NO SABE,ALTA GRACIA,5.0,40.3,AMERICANA,W.F,LLAVE EN MANO,PIEDRA NATURAL,POTABLE,18176000.0
2024-10-08,Pedro Gonzalez,CONTADO,MENDIOLAZA,14.0,,MINIMALISTA,S.F,OBRA GRIS,PIEDRA NATURAL,NO LE INTERESA,18156000.0
2024-03-03,Juan Martinez,FINANCIACION PROPIA,CARLOS PAZ,131.0,,CABAÑA,S.F,LLAVE EN MANO,MADERA,POTABLE,34247000.0
2024-08-04,Elena Martinez,FINANCIACION PROPIA,CARLOS PAZ,135.0,86.8,AMERICANA,W.F,LLAVE EN MANO,LADRILLO,POTABLE,40054000.0
2025-11-19,Jorge Gonzalez,FINANCIACION PROPIA,CÓRDOBA CAPITAL,64.0,50.9,AMERICANA,S.F,OBRA GRIS,LADRILLO,POTABLE,17232000.0
2025-04-05,Jorge Gonzalez,CONTADO,ALTA GRACIA,73.0,54.1,AMERICANA,E.E,OBRA GRIS,MADERA,VENDIDO,14582000.0
2025-09-01,Ana Martinez,CONTADO,BUENOS AIRES,5.0,30.7,AMERICANA,W.F,OBRA GRIS,MADERA,NO LE INTERESA,9835000.0
2024-04-14,Jorge Garcia,NO SABE,BUENOS AIRES,36.0,93.8,AMERICANA,E.E,LLAVE EN MANO,LADRILLO,POTABLE,37700000.0
2024-04-08,Pedro Gonzalez,CONTADO,CARLOS PAZ,13.0,27.0,CABAÑA,E.E,OBRA GRIS,MADERA,POTABLE,7783000.0
2025-05-25,Pedro Rodriguez,,CARLOS PAZ,10.0,78.4,AMERICANA,W.F,OBRA GRIS,LADRILLO,NO LE INTERESA,26203000.0
2025-01-19,Maria Garcia,PLAN 36-60,LA PLATA,83.0,47.7,CABAÑA,S.F,LLAVE EN MANO,MADERA,NO LE INTERESA,22791000.0
2025-02-08,Elena Rodriguez,CONTADO,LA PLATA,7.0,43.0,CABAÑA,W.F,LLAVE EN MANO,LADRILLO,POTABLE,20337000.0
2025-06-01,Lucia Lopez,FINANCIACION PROPIA,BUENOS AIRES,32.0,32.8,CABAÑA,S.F,LLAVE EN MANO,LADRILLO,POTABLE,16544000.0
2025-04-20,Lucia Lopez,PLAN 36-60,BUENOS AIRES,139.0,103.2,AMERICANA,E.E,OBRA GRIS,MADERA,NO LE INTERESA,28107000.0
2025-12-09,Diego Romero,FINANCIACION PROPIA,LA PLATA,10.0,59.4,CABAÑA,S.F,LLAVE EN MANO,PIEDRA NATURAL,NO LE INTERESA,30113000.0
2025-10-06,Diego Rodriguez,FINANCIACION PROPIA,SANTIAGO DEL ESTERO,191.0,55.4,AMERICANA,E.E,OBRA GRIS,PIEDRA NATURAL,POTABLE,15797000.0
2026-02-09,Jorge Lopez,CONTADO,CARLOS PAZ,258.0,72.7,CABAÑA,E.E,OBRA GRIS,MADERA,POTABLE,19844000.0
2025-03-12,Maria Martinez,CONTADO,LA PLATA,41.0,42.0,AMERICANA,E.E,OBRA GRIS,LADRILLO,NO LE INTERESA,11387000.0
2024-01-23,Pedro Rodriguez,FINANCIACION PROPIA,LA PLATA,9.0,55.0,MINIMALISTA,W.F,OBRA GRIS,,POTABLE,17606000.0
2025-07-18,Lucia Gonzalez,PLAN 36-60,ALTA GRACIA,19.0,56.1,MINIMALISTA,S.F,LLAVE EN MANO,PIEDRA NATURAL,POTABLE,27601000.0
2025-11-07,Pedro Gonzalez,NO SABE,BUENOS AIRES,28.0,44.8,CABAÑA,S.F,LLAVE EN MANO,LADRILLO,NO LE INTERESA,22978000.0
2025-12-14,Lucia Sanchez,FINANCIACION PROPIA,MENDIOLAZA,19.0,79.0,MINIMALISTA,S.F,LLAVE EN MANO,LADRILLO,NO LE INTERESA,37637000.0
2025-04-02,Carla Perez,CONTADO,LA PLATA,16.0,50.6,CABAÑA,E.E,LLAVE EN MANO,LADRILLO,NO LE INTERESA,19808000.0
2024-03-23,Juan Rodriguez,FINANCIACION PROPIA,ALTA GRACIA,179.0,23.9,CABAÑA,W.F,OBRA GRIS,PIEDRA NATURAL,NO LE INTERESA,7746000.0
2024-05-24,Juan Garcia,CONTADO,CÓRDOBA CAPITAL,8.0,49.0,CABAÑA,S.F,LLAVE EN MANO,PIEDRA NATURAL,NO LE INTERESA,24162000.0
2024-03-25,Elena Perez,CONTADO,LA PLATA,66.0,60.0,MINIMALISTA,S.F,OBRA GRIS,LADRILLO,POTABLE,21963000.0
2024-03-18,Lucia Romero,FINANCIACION PROPIA,MENDIOLAZA,5.0,37.1,CABAÑA,W.F,LLAVE EN MANO,LADRILLO,POTABLE,16846000.0
2025-04-01,Diego Perez,FINANCIACION PROPIA,ALTA GRACIA,45.0,38.7,MINIMALISTA,S.F,LLAVE EN MANO,PIEDRA NATURAL,POTABLE,19050000.0
2024-01-01,Ana Garcia,PLAN 36-60,MENDIOLAZA,124.0,44.1,MINIMALISTA,W.F,OBRA GRIS,PIEDRA NATURAL,VENDIDO,14746000.0
2024-02-20,Jorge Sanchez,CONTADO,LA PLATA,17.0,79.4,AMERICANA,W.F,OBRA GRIS,LADRILLO,NO LE INTERESA,24690000.0
2025-11-15,Juan Martinez,CONTADO,CÓRDOBA CAPITAL,10.0,45.3,MINIMALISTA,S.F,OBRA GRIS,MADERA,POTABLE,16514000.0
2025-12-17,Pedro Sanchez,CONTADO,LA PLATA,53.0,83.6,AMERICANA,W.F,LLAVE EN MANO,MADERA,POTABLE,38060000.0
2026-02-10,Luis Gonzalez,CONTADO,ALTA GRACIA,62.0,42.7,CABAÑA,W.F,OBRA GRIS,MADERA,NO LE INTERESA,14100000.0
2025-03-21,Ana Garcia,CONTADO,CÓRDOBA CAPITAL,58.0,61.5,CABAÑA,S.F,LLAVE EN MANO,PIEDRA NATURAL,POTABLE,31186000.0
2025-03-24,Luis Martinez,PLAN 36-60,CÓRDOBA CAPITAL,19.0,46.1,AMERICANA,E.E,OBRA GRIS,MADERA,NO LE INTERESA,13111000.0
2025-05-02,Elena Gonzalez,NO SABE,CÓRDOBA CAPITAL,15.0,70.1,CABAÑA,S.F,LLAVE EN MANO,MADERA,VENDIDO,34857000.0
2024-02-03,Lucia Rodriguez,CONTADO,SANTIAGO DEL ESTERO,156.0,32.6,AMERICANA,S.F,OBRA GRIS,PIEDRA NATURAL,POTABLE,11911000.0
2024-12-13,Lucia Garcia,CONTADO,ALTA GRACIA,128.0,69.9,AMERICANA,E.E,OBRA GRIS,,POTABLE,18879000.0
2024-04-04,Ana Lopez,FINANCIACION PROPIA,SANTIAGO DEL ESTERO,31.0,57.3,CABAÑA,W.F,OBRA GRIS,LADRILLO,POTABLE,18279000.0
2024-03-12,Luis Gonzalez,FINANCIACION PROPIA,MENDIOLAZA,94.0,42.2,AMERICANA,S.F,OBRA GRIS,PIEDRA NATURAL,POTABLE,15601000.0
2025-07-04,Luis Gonzalez,NO SABE,CÓRDOBA CAPITAL,30.0,51.7,AMERICANA,E.E,LLAVE EN MANO,LADRILLO,NO LE INTERESA,19820000.0
2024-06-02,Ana Romero,CONTADO,SANTIAGO DEL ESTERO,28.0,85.7,AMERICANA,E.E,LLAVE EN MANO,MADERA,POTABLE,33779000.0
2024-09-06,Pedro Martinez,CONTADO,LA PLATA,9.0,57.8,CABAÑA,S.F,LLAVE EN MANO,,NO LE INTERESA,27416000.0
2025-11-04,Ana Garcia,PLAN 36-60,SANTIAGO DEL ESTERO,28.0,40.9,CABAÑA,S.F,LLAVE EN MANO,PIEDRA NATURAL,NO LE INTERESA,19728000.0
2025-03-13,Diego Garcia,PLAN 36-60,CARLOS PAZ,39.0,30.9,CABAÑA,E.E,OBRA GRIS,MADERA,VENDIDO,8900000.0
2024-04-27,Maria Lopez,PLAN 36-60,MENDIOLAZA,5.0,65.1,CABAÑA,S.F,OBRA GRIS,PIEDRA NATURAL,NO LE INTERESA,23119000.0
2026-02-09,Diego Garcia,PLAN 36-60,CÓRDOBA CAPITAL,29.0,58.9,CABAÑA,E.E,LLAVE EN MANO,MADERA,POTABLE,22934000.0
2024-11-01,Pedro Gonzalez,CONTADO,CÓRDOBA CAPITAL,76.0,68.9,MINIMALISTA,S.F,LLAVE EN MANO,PIEDRA NATURAL,POTABLE,35359000.0
2024-09-24,Carla Perez,PLAN 36-60,BUENOS AIRES,57.0,25.8,MINIMALISTA,E.E,LLAVE EN MANO,PIEDRA NATURAL,NO LE INTERESA,10480000.0
2024-02-23,Carla Lopez,PLAN 36-60,MENDIOLAZA,50.0,31.6,AMERICANA,S.F,LLAVE EN MANO,LADRILLO,POTABLE,15198000.0
2024-08-23,Maria Rodriguez,PLAN 36-60,MENDIOLAZA,120.0,77.9,MINIMALISTA,S.F,LLAVE EN MANO,PIEDRA NATURAL,POTABLE,38218000.0
2025-01-23,Carla Rodriguez,PLAN 36-60,ALTA GRACIA,5.0,61.6,CABAÑA,S.F,OBRA GRIS,PIEDRA NATURAL,VENDIDO,22383000.0
2026-01-03,Luis Perez,PLAN 36-60,LA PLATA,41.0,65.7,CABAÑA,W.F,OBRA GRIS,LADRILLO,POTABLE,20204000.0
2026-02-01,Diego Sanchez,CONTADO,BUENOS AIRES,77.0,35.7,CABAÑA,S.F,LLAVE EN MANO,,POTABLE,17752000.0
2025-02-04,Luis Romero,CONTADO,MENDIOLAZA,39.0,35.4,AMERICANA,E.E,LLAVE EN MANO,MADERA,NO LE INTERESA,13562000.0
2025-09-15,Elena Perez,PLAN 36-60,BUENOS AIRES,20.0,74.8,AMERICANA,E.E,OBRA GRIS,PIEDRA NATURAL,POTABLE,20059000.0
2026-02-05,Luis Martinez,CONTADO,MENDIOLAZA,7.0,75.8,AMERICANA,W.F,LLAVE EN MANO,LADRILLO,POTABLE,35592000.0
2024-10-29,Diego Martinez,PLAN 36-60,BUENOS AIRES,109.0,33.2,AMERICANA,W.F,LLAVE EN MANO,MADERA,POTABLE,15609000.0
2024-07-25,Luis Gonzalez,FINANCIACION PROPIA,ALTA GRACIA,32.0,29.4,AMERICANA,W.F,OBRA GRIS,LADRILLO,NO LE INTERESA,9215000.0
2024-08-16,Juan Sanchez,CONTADO,MENDIOLAZA,105.0,52.8,AMERICANA,S.F,OBRA GRIS,PIEDRA NATURAL,VENDIDO,19265000.0
2025-07-31,Juan Lopez,CONTADO,SANTIAGO DEL ESTERO,44.0,39.0,MINIMALISTA,S.F,OBRA GRIS,,NO LE INTERESA,13231000.0
2024-03-15,Pedro Rodriguez,,CARLOS PAZ,56.0,38.6,CABAÑA,E.E,LLAVE EN MANO,PIEDRA NATURAL,POTABLE,15179000.0
2025-03-10,Maria Perez,CONTADO,CARLOS PAZ,82.0,30.0,MINIMALISTA,E.E,LLAVE EN MANO,MADERA,POTABLE,12151000.0
2024-04-12,Juan Perez,CONTADO,CARLOS PAZ,54.0,45.6,AMERICANA,S.F,OBRA GRIS,MADERA,NO LE INTERESA,16095000.0
2025-02-25,Luis Perez,CONTADO,MENDIOLAZA,25.0,31.9,CABAÑA,E.E,LLAVE EN MANO,MADERA,NO LE INTERESA,12982000.0
2025-12-04,Luis Sanchez,FINANCIACION PROPIA,BUENOS AIRES,36.0,33.1,CABAÑA,S.F,LLAVE EN MANO,MADERA,NO LE INTERESA,16463000.0
2026-02-02,Juan Gonzalez,CONTADO,CARLOS PAZ,81.0,61.0,CABAÑA,W.F,LLAVE EN MANO,LADRILLO,NO LE INTERESA,27432000.0
2026-01-07,Pedro Perez,PLAN 36-60,LA PLATA,23.0,53.9,MINIMALISTA,S.F,LLAVE EN MANO,,VENDIDO,27570000.0
2024-11-01,Juan Gonzalez,,SANTIAGO DEL ESTERO,25.0,64.7,CABAÑA,S.F,LLAVE EN MANO,LADRILLO,POTABLE,30269000.0
2024-04-07,Diego Martinez,CONTADO,CARLOS PAZ,5.0,22.0,AMERICANA,S.F,OBRA GRIS,PIEDRA NATURAL,POTABLE,7699000.0
2024-11-30,Pedro Rodriguez,CONTADO,CÓRDOBA CAPITAL,123.0,55.2,AMERICANA,E.E,LLAVE EN MANO,MADERA,NO LE INTERESA,22174000.0
2025-03-10,Jorge Garcia,FINANCIACION PROPIA,MENDIOLAZA,5.0,96.5,MINIMALISTA,S.F,OBRA GRIS,MADERA,POTABLE,34918000.0
2025-03-22,Lucia Garcia,PLAN 36-60,SANTIAGO DEL ESTERO,52.0,47.6,MINIMALISTA,S.F,OBRA GRIS,MADERA,POTABLE,16807000.0
2024-11-03,Luis Rodriguez,CONTADO,LA PLATA,27.0,71.5,AMERICANA,S.F,LLAVE EN MANO,LADRILLO,NO LE INTERESA,36428000.0
2024-09-05,Lucia Perez,CONTADO,CARLOS PAZ,26.0,71.3,MINIMALISTA,W.F,OBRA GRIS,,POTABLE,22828000.0
2024-06-14,Diego Lopez,PLAN 36-60,LA PLATA,57.0,72.3,CABAÑA,S.F,OBRA GRIS,MADERA,POTABLE,24926000.0
2025-04-25,Lucia Gonzalez,FINANCIACION PROPIA,MENDIOLAZA,5.0,58.3,MINIMALISTA,S.F,LLAVE EN MANO,PIEDRA NATURAL,VENDIDO,29928000.0
2024-11-30,Carla Lopez,CONTADO,CARLOS PAZ,45.0,66.3,CABAÑA,S.F,OBRA GRIS,LADRILLO,POTABLE,23662000.0
2025-06-25,Carla Lopez,PLAN 36-60,CÓRDOBA CAPITAL,74.0,,CABAÑA,E.E,LLAVE EN MANO,MADERA,NO LE INTERESA,26957000.0
2026-01-28,Carla Gonzalez,CONTADO,SANTIAGO DEL ESTERO,88.0,67.7,CABAÑA,W.F,LLAVE EN MANO,MADERA,POTABLE,31810000.0
2024-04-15,Lucia Gonzalez,CONTADO,BUENOS AIRES,9.0,32.7,CABAÑA,W.F,OBRA GRIS,MADERA,NO LE INTERESA,10736000.0
2025-07-16,Maria Sanchez,CONTADO,CÓRDOBA CAPITAL,114.0,20.9,CABAÑA,S.F,LLAVE EN MANO,PIEDRA NATURAL,POTABLE,10556000.0
2024-03-21,Ana Garcia,FINANCIACION PROPIA,CARLOS PAZ,53.0,,AMERICANA,S.F,OBRA GRIS,MADERA,NO LE INTERESA,8637000.0
2024-05-12,Luis Lopez,PLAN 36-60,ALTA GRACIA,107.0,49.6,AMERICANA,E.E,OBRA GRIS,LADRILLO,POTABLE,14383000.0
2024-05-17,Ana Sanchez,FINANCIACION PROPIA,SANTIAGO DEL ESTERO,33.0,66.9,AMERICANA,S.F,LLAVE EN MANO,PIEDRA NATURAL,NO LE INTERESA,32807000.0
2024-07-02,Luis Perez,FINANCIACION PROPIA,LA PLATA,39.0,32.9,CABAÑA,E.E,LLAVE EN MANO,PIEDRA NATURAL,NO LE INTERESA,12851000.0
2025-02-04,Ana Garcia,FINANCIACION PROPIA,CARLOS PAZ,126.0,73.5,MINIMALISTA,S.F,LLAVE EN MANO,MADERA,POTABLE,37686000.0
2024-11-25,Carla Lopez,CONTADO,CÓRDOBA CAPITAL,115.0,45.0,MINIMALISTA,E.E,LLAVE EN MANO,LADRILLO,POTABLE,17808000.0
2026-02-23,Elena Perez,CONTADO,MENDIOLAZA,30.0,,CABAÑA,W.F,LLAVE EN MANO,LADRILLO,NO LE INTERESA,19797000.0
2025-05-22,Diego Romero,NO SABE,BUENOS AIRES,16.0,38.3,MINIMALISTA,S.F,LLAVE EN MANO,MADERA,POTABLE,18832000.0
2024-03-09,Juan Perez,FINANCIACION PROPIA,ALTA GRACIA,25.0,20.0,CABAÑA,E.E,LLAVE EN MANO,MADERA,VENDIDO,7511000.0
2025-06-29,Ana Martinez,FINANCIACION PROPIA,BUENOS AIRES,25.0,59.6,MINIMALISTA,E.E,LLAVE EN MANO,,POTABLE,23923000.0
2026-02-12,Jorge Sanchez,CONTADO,MENDIOLAZA,17.0,89.3,CABAÑA,S.F,LLAVE EN MANO,PIEDRA NATURAL,NO LE INTERESA,42149000.0
2024-02-22,Elena Perez,CONTADO,CARLOS PAZ,16.0,53.7,MINIMALISTA,E.E,LLAVE EN MANO,PIEDRA NATURAL,NO LE INTERESA,20256000.0
2025-03-25,Maria Martinez,FINANCIACION PROPIA,LA PLATA,99.0,20.0,MINIMALISTA,S.F,OBRA GRIS,MADERA,POTABLE,7468000.0
2024-07-23,Carla Martinez,CONTADO,CÓRDOBA CAPITAL,5.0,70.6,AMERICANA,S.F,OBRA GRIS,MADERA,POTABLE,25391000.0
2024-05-05,Elena Sanchez,PLAN 36-60,SANTIAGO DEL ESTERO,57.0,22.5,MINIMALISTA,E.E,LLAVE EN MANO,LADRILLO,POTABLE,8829000.0
2026-01-16,Pedro Perez,PLAN 36-60,ALTA GRACIA,9.0,30.8,MINIMALISTA,E.E,LLAVE EN MANO,LADRILLO,VENDIDO,11772000.0
2024-02-12,Ana Lopez,CONTADO,CARLOS PAZ,21.0,50.2,CABAÑA,E.E,LLAVE EN MANO,LADRILLO,NO LE INTERESA,20387000.0
2026-01-21,Pedro Perez,CONTADO,CARLOS PAZ,5.0,57.5,MINIMALISTA,W.F,LLAVE EN MANO,LADRILLO,NO LE INTERESA,27143000.0
2024-04-20,Maria Lopez,CONTADO,CARLOS PAZ,16.0,34.8,MINIMALISTA,S.F,LLAVE EN MANO,MADERA,POTABLE,17090000.0
2026-01-30,Pedro Gonzalez,CONTADO,CARLOS PAZ,73.0,49.5,MINIMALISTA,S.F,OBRA GRIS,MADERA,POTABLE,17574000.0
2025-10-24,Elena Garcia,PLAN 36-60,CÓRDOBA CAPITAL,108.0,69.3,MINIMALISTA,W.F,LLAVE EN MANO,LADRILLO,NO LE INTERESA,30596000.0
2024-07-01,Pedro Garcia,CONTADO,SANTIAGO DEL ESTERO,13.0,72.0,MINIMALISTA,W.F,LLAVE EN MANO,MADERA,VENDIDO,32767000.0
2024-04-04,Ana Sanchez,CONTADO,LA PLATA,31.0,80.0,AMERICANA,E.E,OBRA GRIS,MADERA,POTABLE,22223000.0
2025-01-08,Pedro Romero,,ALTA GRACIA,32.0,93.2,MINIMALISTA,S.F,LLAVE EN MANO,LADRILLO,NO LE INTERESA,47296000.0
2025-06-03,Lucia Garcia,PLAN 36-60,BUENOS AIRES,103.0,71.2,CABAÑA,W.F,LLAVE EN MANO,PIEDRA NATURAL,POTABLE,31855000.0
2024-12-25,Luis Garcia,CONTADO,CARLOS PAZ,72.0,50.7,CABAÑA,W.F,OBRA GRIS,PIEDRA NATURAL,NO LE INTERESA,16678000.0
2025-11-26,Diego Gonzalez,FINANCIACION PROPIA,MENDIOLAZA,36.0,72.2,MINIMALISTA,S.F,LLAVE EN MANO,LADRILLO,POTABLE,34381000.0
2024-10-07,Maria Martinez,NO SABE,CARLOS PAZ,56.0,64.3,MINIMALISTA,S.F,LLAVE EN MANO,PIEDRA NATURAL,NO LE INTERESA,30298000.0
2024-07-13,Juan Lopez,CONTADO,SANTIAGO DEL ESTERO,94.0,65.1,MINIMALISTA,S.F,OBRA GRIS,MADERA,VENDIDO,21872000.0
2024-07-13,Diego Martinez,PLAN 36-60,SANTIAGO DEL ESTERO,5.0,58.5,AMERICANA,E.E,LLAVE EN MANO,PIEDRA NATURAL,NO LE INTERESA,22746000.0
2025-10-28,Juan Lopez,PLAN 36-60,CÓRDOBA CAPITAL,26.0,36.8,CABAÑA,W.F,OBRA GRIS,LADRILLO,VENDIDO,11489000.0
2024-04-02,Carla Sanchez,CONTADO,CÓRDOBA CAPITAL,119.0,34.4,AMERICANA,E.E,LLAVE EN MANO,LADRILLO,POTABLE,14338000.0
2025-11-02,Carla Sanchez,,MENDIOLAZA,67.0,53.1,AMERICANA,S.F,OBRA GRIS,PIEDRA NATURAL,VENDIDO,19243000.0
2024-03-01,Diego Lopez,NO SABE,MENDIOLAZA,39.0,58.0,MINIMALISTA,S.F,OBRA GRIS,PIEDRA NATURAL,NO LE INTERESA,20752000.0
2025-09-25,Juan Sanchez,NO SABE,CÓRDOBA CAPITAL,38.0,41.4,MINIMALISTA,W.F,LLAVE EN MANO,MADERA,POTABLE,19288000.0
2024-02-20,Maria Perez,CONTADO,ALTA GRACIA,21.0,63.5,CABAÑA,E.E,OBRA GRIS,PIEDRA NATURAL,NO LE INTERESA,17389000.0
2025-02-06,Lucia Gonzalez,CONTADO,MENDIOLAZA,37.0,96.6,MINIMALISTA,E.E,OBRA GRIS,PIEDRA NATURAL,VENDIDO,28131000.0
2026-02-27,Luis Rodriguez,NO SABE,CÓRDOBA CAPITAL,53.0,20.1,CABAÑA,E.E,LLAVE EN MANO,PIEDRA NATURAL,POTABLE,8353000.0
2024-01-05,Pedro Lopez,,CARLOS PAZ,27.0,,AMERICANA,S.F,OBRA GRIS,MADERA,NO LE INTERESA,22860000.0
2025-04-10,Lucia Romero,CONTADO,CÓRDOBA CAPITAL,63.0,53.7,CABAÑA,W.F,OBRA GRIS,PIEDRA NATURAL,NO LE INTERESA,18229000.0
2025-08-26,Ana Romero,FINANCIACION PROPIA,BUENOS AIRES,99.0,64.0,CABAÑA,E.E,LLAVE EN MANO,MADERA,POTABLE,24783000.0
2025-11-12,Luis Gonzalez,CONTADO,ALTA GRACIA,8.0,46.4,CABAÑA,S.F,OBRA GRIS,MADERA,NO LE INTERESA,15458000.0
2025-06-17,Luis Lopez,CONTADO,CÓRDOBA CAPITAL,30.0,52.1,AMERICANA,S.F,LLAVE EN MANO,LADRILLO,POTABLE,25234000.0
2025-02-08,Diego Lopez,FINANCIACION PROPIA,CÓRDOBA CAPITAL,26.0,57.6,AMERICANA,E.E,OBRA GRIS,LADRILLO,POTABLE,16971000.0
2025-05-27,Jorge Garcia,CONTADO,CARLOS PAZ,58.0,49.0,MINIMALISTA,W.F,OBRA GRIS,MADERA,NO LE INTERESA,16079000.0
2025-10-06,Juan Garcia,,MENDIOLAZA,14.0,24.6,MINIMALISTA,W.F,OBRA GRIS,MADERA,NO LE INTERESA,8097000.0
2024-08-20,Elena Martinez,CONTADO,CARLOS PAZ,51.0,,CABAÑA,E.E,OBRA GRIS,MADERA,NO LE INTERESA,13790000.0
2025-06-07,Luis Garcia,PLAN 36-60,BUENOS AIRES,105.0,26.7,CABAÑA,S.F,LLAVE EN MANO,LADRILLO,NO LE INTERESA,12772000.0
2024-12-11,Ana Martinez,CONTADO,BUENOS AIRES,27.0,68.1,AMERICANA,S.F,OBRA GRIS,MADERA,NO LE INTERESA,24796000.0
2024-02-15,Juan Sanchez,PLAN 36-60,CARLOS PAZ,121.0,20.0,AMERICANA,E.E,LLAVE EN MANO,LADRILLO,NO LE INTERESA,7952000.0
2025-06-29,Maria Rodriguez,PLAN 36-60,CÓRDOBA CAPITAL,249.0,75.6,AMERICANA,S.F,LLAVE EN MANO,LADRILLO,NO LE INTERESA,35562000.0
2024-03-18,Ana Romero,FINANCIACION PROPIA,CARLOS PAZ,6.0,63.6,CABAÑA,S.F,OBRA GRIS,MADERA,VENDIDO,21811000.0
2025-12-30,Maria Perez,CONTADO,SANTIAGO DEL ESTERO,13.0,63.7,CABAÑA,E.E,LLAVE EN MANO,MADERA,NO LE INTERESA,24230000.0
2024-03-13,Jorge Sanchez,FINANCIACION PROPIA,LA PLATA,150.0,20.0,AMERICANA,S.F,OBRA GRIS,MADERA,NO LE INTERESA,7300000.0
2024-09-05,Jorge Rodriguez,CONTADO,LA PLATA,159.0,48.4,CABAÑA,E.E,LLAVE EN MANO,LADRILLO,POTABLE,19703000.0
2024-02-16,Juan Rodriguez,PLAN 36-60,CARLOS PAZ,5.0,78.1,AMERICANA,E.E,OBRA GRIS,PIEDRA NATURAL,NO LE INTERESA,21870000.0
2024-04-30,Elena Garcia,PLAN 36-60,MENDIOLAZA,5.0,44.6,MINIMALISTA,E.E,LLAVE EN MANO,MADERA,NO LE INTERESA,16941000.0
2024-08-01,Maria Romero,CONTADO,ALTA GRACIA,9.0,33.4,AMERICANA,S.F,LLAVE EN MANO,PIEDRA NATURAL,POTABLE,15655000.0
2024-08-26,Pedro Garcia,FINANCIACION PROPIA,BUENOS AIRES,276.0,42.3,CABAÑA,E.E,OBRA GRIS,,NO LE INTERESA,12029000.0
2024-02-25,Juan Rodriguez,CONTADO,CARLOS PAZ,10.0,53.6,CABAÑA,S.F,OBRA GRIS,PIEDRA NATURAL,NO LE INTERESA,19349000.0
2024-12-15,Maria Sanchez,CONTADO,MENDIOLAZA,35.0,38.0,CABAÑA,E.E,LLAVE EN MANO,PIEDRA NATURAL,POTABLE,14828000.0
2024-04-16,Carla Romero,CONTADO,CARLOS PAZ,94.0,79.7,CABAÑA,W.F,LLAVE EN MANO,PIEDRA NATURAL,NO LE INTERESA,35176000.0
2024-02-17,Maria Martinez,PLAN 36-60,CÓRDOBA CAPITAL,5.0,53.7,AMERICANA,S.F,LLAVE EN MANO,LADRILLO,POTABLE,25059000.0
2025-07-26,Maria Garcia,CONTADO,BUENOS AIRES,46.0,43.9,AMERICANA,S.F,LLAVE EN MANO,LADRILLO,NO LE INTERESA,21572000.0
2024-12-02,Pedro Sanchez,CONTADO,BUENOS AIRES,16.0,29.0,MINIMALISTA,S.F,LLAVE EN MANO,LADRILLO,POTABLE,14497000.0
2024-01-26,Ana Rodriguez,CONTADO,MENDIOLAZA,99.0,64.7,AMERICANA,W.F,LLAVE EN MANO,PIEDRA NATURAL,POTABLE,28407000.0
2024-09-13,Luis Gonzalez,PLAN 36-60,BUENOS AIRES,17.0,64.2,MINIMALISTA,E.E,OBRA GRIS,,POTABLE,18068000.0
2024-01-08,Diego Perez,PLAN 36-60,ALTA GRACIA,58.0,39.2,AMERICANA,W.F,OBRA GRIS,MADERA,NO LE INTERESA,12609000.0
2025-09-16,Elena Romero,CONTADO,CARLOS PAZ,56.0,20.0,AMERICANA,E.E,OBRA GRIS,PIEDRA NATURAL,POTABLE,5800000.0
2024-09-09,Jorge Martinez,CONTADO,SANTIAGO DEL ESTERO,13.0,63.2,CABAÑA,E.E,LLAVE EN MANO,MADERA,NO LE INTERESA,25688000.0
2025-11-22,Diego Gonzalez,PLAN 36-60,MENDIOLAZA,5.0,,MINIMALISTA,E.E,LLAVE EN MANO,PIEDRA NATURAL,POTABLE,19729000.0
2025-12-19,Jorge Romero,FINANCIACION PROPIA,LA PLATA,26.0,61.7,CABAÑA,E.E,OBRA GRIS,PIEDRA NATURAL,NO LE INTERESA,18016000.0
2024-10-29,Elena Garcia,FINANCIACION PROPIA,MENDIOLAZA,17.0,94.1,CABAÑA,E.E,OBRA GRIS,PIEDRA NATURAL,NO LE INTERESA,26919000.0
2025-09-30,Elena Romero,FINANCIACION PROPIA,SANTIAGO DEL ESTERO,83.0,54.5,AMERICANA,W.F,OBRA GRIS,PIEDRA NATURAL,VENDIDO,16856000.0
2024-02-25,Lucia Perez,CONTADO,BUENOS AIRES,81.0,44.7,AMERICANA,S.F,OBRA GRIS,MADERA,POTABLE,16226000.0
2025-12-26,Ana Garcia,NO SABE,SANTIAGO DEL ESTERO,31.0,32.1,MINIMALISTA,W.F,OBRA GRIS,PIEDRA NATURAL,POTABLE,10377000.0
2025-06-09,Jorge Rodriguez,CONTADO,BUENOS AIRES,47.0,48.8,MINIMALISTA,S.F,OBRA GRIS,PIEDRA NATURAL,NO LE INTERESA,17914000.0
2025-04-18,Elena Garcia,,SANTIAGO DEL ESTERO,46.0,58.2,AMERICANA,S.F,OBRA GRIS,LADRILLO,NO LE INTERESA,20079000.0
2024-01-28,Elena Lopez,CONTADO,ALTA GRACIA,88.0,56.1,MINIMALISTA,S.F,OBRA GRIS,PIEDRA NATURAL,POTABLE,19947000.0
2024-03-18,Pedro Lopez,PLAN 36-60,ALTA GRACIA,28.0,89.5,AMERICANA,W.F,LLAVE EN MANO,PIEDRA NATURAL,POTABLE,42231000.0
2024-08-03,Carla Perez,CONTADO,MENDIOLAZA,16.0,65.0,AMERICANA,E.E,OBRA GRIS,PIEDRA NATURAL,NO LE INTERESA,17807000.0
2025-01-20,Carla Gonzalez,CONTADO,ALTA GRACIA,15.0,52.3,AMERICANA,E.E,OBRA GRIS,PIEDRA NATURAL,POTABLE,14625000.0
2024-12-30,Luis Rodriguez,FINANCIACION PROPIA,LA PLATA,38.0,40.9,MINIMALISTA,S.F,OBRA GRIS,PIEDRA NATURAL,POTABLE,14735000.0
2025-10-27,Diego Martinez,FINANCIACION PROPIA,BUENOS AIRES,30.0,60.3,CABAÑA,E.E,LLAVE EN MANO,PIEDRA NATURAL,NO LE INTERESA,24135000.0
2025-06-09,Ana Perez,NO SABE,CÓRDOBA CAPITAL,29.0,36.9,MINIMALISTA,E.E,OBRA GRIS,MADERA,NO LE INTERESA,10727000.0
2025-11-29,Pedro Romero,PLAN 36-60,MENDIOLAZA,5.0,58.6,CABAÑA,W.F,LLAVE EN MANO,MADERA,VENDIDO,26477000.0
2024-11-07,Ana Sanchez,PLAN 36-60,CARLOS PAZ,63.0,64.7,MINIMALISTA,E.E,LLAVE EN MANO,PIEDRA NATURAL,POTABLE,24996000.0
2024-01-07,Ana Romero,CONTADO,CARLOS PAZ,12.0,50.7,CABAÑA,E.E,LLAVE EN MANO,MADERA,NO LE INTERESA,19962000.0
2024-01-03,Juan Garcia,NO SABE,MENDIOLAZA,11.0,42.4,CABAÑA,W.F,LLAVE EN MANO,LADRILLO,POTABLE,18843000.0
2025-09-14,Diego Sanchez,PLAN 36-60,CÓRDOBA CAPITAL,27.0,20.0,MINIMALISTA,E.E,LLAVE EN MANO,LADRILLO,POTABLE,7626000.0
2026-01-19,Maria Lopez,FINANCIACION PROPIA,CARLOS PAZ,13.0,77.9,MINIMALISTA,S.F,OBRA GRIS,PIEDRA NATURAL,NO LE INTERESA,27434000.0
2024-12-28,Carla Romero,,MENDIOLAZA,44.0,63.1,CABAÑA,W.F,OBRA GRIS,PIEDRA NATURAL,NO LE INTERESA,19464000.0
2026-01-20,Luis Perez,PLAN 36-60,MENDIOLAZA,23.0,63.6,AMERICANA,E.E,LLAVE EN MANO,MADERA,VENDIDO,23809000.0
2025-05-22,Elena Romero,NO SABE,SANTIAGO DEL ESTERO,30.0,23.8,CABAÑA,E.E,LLAVE EN MANO,LADRILLO,NO LE INTERESA,8966000.0
2024-09-30,Carla Martinez,CONTADO,LA PLATA,39.0,82.6,CABAÑA,W.F,LLAVE EN MANO,PIEDRA NATURAL,POTABLE,37938000.0
2025-05-20,Jorge Sanchez,CONTADO,CARLOS PAZ,11.0,45.7,AMERICANA,S.F,LLAVE EN MANO,LADRILLO,POTABLE,22201000.0
2026-01-08,Jorge Garcia,CONTADO,LA PLATA,8.0,49.2,CABAÑA,W.F,LLAVE EN MANO,MADERA,NO LE INTERESA,22178000.0
2024-01-15,Carla Martinez,FINANCIACION PROPIA,BUENOS AIRES,106.0,33.6,AMERICANA,S.F,OBRA GRIS,PIEDRA NATURAL,NO LE INTERESA,11732000.0
2024-07-10,Jorge Lopez,CONTADO,MENDIOLAZA,28.0,20.0,AMERICANA,W.F,LLAVE EN MANO,PIEDRA NATURAL,POTABLE,8835000.0
2025-09-22,Luis Rodriguez,CONTADO,CÓRDOBA CAPITAL,27.0,78.1,MINIMALISTA,E.E,LLAVE EN MANO,PIEDRA NATURAL,NO LE INTERESA,30221000.0
2025-04-29,Lucia Lopez,CONTADO,MENDIOLAZA,5.0,80.7,CABAÑA,W.F,LLAVE EN MANO,LADRILLO,VENDIDO,35271000.0
2024-01-28,Ana Perez,PLAN 36-60,CARLOS PAZ,34.0,51.7,CABAÑA,W.F,OBRA GRIS,MADERA,NO LE INTERESA,16997000.0
2025-12-14,Carla Romero,PLAN 36-60,LA PLATA,40.0,41.4,AMERICANA,S.F,OBRA GRIS,LADRILLO,NO LE INTERESA,13971000.0
2024-02-08,Luis Martinez,CONTADO,SANTIAGO DEL ESTERO,41.0,47.5,CABAÑA,W.F,OBRA GRIS,LADRILLO,VENDIDO,15382000.0
2024-09-29,Juan Lopez,NO SABE,SANTIAGO DEL ESTERO,61.0,48.0,AMERICANA,S.F,LLAVE EN MANO,PIEDRA NATURAL,NO LE INTERESA,23557000.0
2024-08-18,Diego Rodriguez,NO SABE,MENDIOLAZA,10.0,31.0,CABAÑA,W.F,LLAVE EN MANO,,POTABLE,13713000.0
2024-03-26,Lucia Garcia,CONTADO,CÓRDOBA CAPITAL,15.0,49.2,CABAÑA,E.E,OBRA GRIS,,POTABLE,13250000.0
2025-04-18,Elena Sanchez,FINANCIACION PROPIA,BUENOS AIRES,83.0,58.1,AMERICANA,W.F,OBRA GRIS,PIEDRA NATURAL,NO LE INTERESA,19216000.0
2024-05-05,Ana Perez,PLAN 36-60,ALTA GRACIA,147.0,75.4,AMERICANA,E.E,OBRA GRIS,MADERA,POTABLE,21481000.0
2025-06-20,Jorge Sanchez,CONTADO,CARLOS PAZ,7.0,55.3,CABAÑA,S.F,LLAVE EN MANO,PIEDRA NATURAL,NO LE INTERESA,27946000.0
2024-05-24,Luis Romero,CONTADO,MENDIOLAZA,34.0,23.5,CABAÑA,S.F,LLAVE EN MANO,PIEDRA NATURAL,NO LE INTERESA,11260000.0
2025-06-08,Luis Rodriguez,PLAN 36-60,SANTIAGO DEL ESTERO,12.0,,AMERICANA,S.F,OBRA GRIS,MADERA,POTABLE,22387000.0
2024-07-30,Ana Perez,PLAN 36-60,SANTIAGO DEL ESTERO,5.0,49.9,MINIMALISTA,S.F,OBRA GRIS,MADERA,NO LE INTERESA,17109000.0
2024-01-25,Maria Sanchez,CONTADO,CÓRDOBA CAPITAL,20.0,82.4,MINIMALISTA,W.F,LLAVE EN MANO,MADERA,NO LE INTERESA,35736000.0
2025-08-02,Diego Perez,FINANCIACION PROPIA,SANTIAGO DEL ESTERO,8.0,83.6,CABAÑA,W.F,OBRA GRIS,,POTABLE,25948000.0
2025-01-28,Pedro Perez,PLAN 36-60,CARLOS PAZ,62.0,84.3,CABAÑA,W.F,LLAVE EN MANO,LADRILLO,NO LE INTERESA,37033000.0
2024-03-07,Diego Sanchez,PLAN 36-60,CÓRDOBA CAPITAL,38.0,43.8,CABAÑA,E.E,OBRA GRIS,PIEDRA NATURAL,NO LE INTERESA,12546000.0
2024-08-20,Juan Garcia,CONTADO,LA PLATA,8.0,94.8,AMERICANA,W.F,LLAVE EN MANO,PIEDRA NATURAL,NO LE INTERESA,41653000.0
2024-04-18,Jorge Perez,PLAN 36-60,CÓRDOBA CAPITAL,5.0,62.0,CABAÑA,E.E,LLAVE EN MANO,PIEDRA NATURAL,POTABLE,24564000.0
2024-05-25,Luis Gonzalez,CONTADO,BUENOS AIRES,83.0,87.5,CABAÑA,E.E,OBRA GRIS,PIEDRA NATURAL,NO LE INTERESA,24025000.0
2024-04-20,Carla Perez,PLAN 36-60,CARLOS PAZ,10.0,44.9,CABAÑA,W.F,LLAVE EN MANO,LADRILLO,POTABLE,19983000.0
2024-08-15,Juan Gonzalez,FINANCIACION PROPIA,BUENOS AIRES,47.0,49.0,MINIMALISTA,E.E,LLAVE EN MANO,MADERA,NO LE INTERESA,20030000.0
2024-04-20,Jorge Martinez,FINANCIACION PROPIA,CARLOS PAZ,21.0,60.5,CABAÑA,S.F,OBRA GRIS,MADERA,POTABLE,21207000.0
2025-04-14,Pedro Garcia,,LA PLATA,44.0,58.0,CABAÑA,W.F,LLAVE EN MANO,MADERA,NO LE INTERESA,26475000.0
2024-02-03,Maria Lopez,PLAN 36-60,MENDIOLAZA,19.0,80.1,AMERICANA,W.F,OBRA GRIS,PIEDRA NATURAL,POTABLE,25018000.0
2025-09-14,Ana Sanchez,NO SABE,CÓRDOBA CAPITAL,5.0,50.4,MINIMALISTA,E.E,LLAVE EN MANO,LADRILLO,POTABLE,19036000.0
2026-02-14,Carla Lopez,PLAN 36-60,CARLOS PAZ,13.0,78.3,AMERICANA,W.F,OBRA GRIS,LADRILLO,POTABLE,25013000.0
2025-01-03,Lucia Perez,CONTADO,CARLOS PAZ,10.0,69.6,CABAÑA,W.F,LLAVE EN MANO,MADERA,NO LE INTERESA,32506000.0
2026-01-17,Jorge Sanchez,PLAN 36-60,LA PLATA,28.0,50.7,CABAÑA,E.E,LLAVE EN MANO,PIEDRA NATURAL,POTABLE,19400000.0
2025-08-17,Carla Sanchez,CONTADO,ALTA GRACIA,54.0,68.1,CABAÑA,W.F,OBRA GRIS,MADERA,NO LE INTERESA,22277000.0
2025-07-07,Ana Rodriguez,FINANCIACION PROPIA,CÓRDOBA CAPITAL,15.0,45.5,CABAÑA,W.F,OBRA GRIS,PIEDRA NATURAL,POTABLE,15219000.0
2025-02-28,Jorge Garcia,PLAN 36-60,CARLOS PAZ,5.0,102.0,CABAÑA,W.F,LLAVE EN MANO,MADERA,NO LE INTERESA,47987000.0
2025-09-04,Ana Martinez,CONTADO,SANTIAGO DEL ESTERO,37.0,20.0,AMERICANA,E.E,OBRA GRIS,MADERA,NO LE INTERESA,5935000.0
2025-06-01,Pedro Rodriguez,CONTADO,LA PLATA,47.0,68.5,CABAÑA,W.F,OBRA GRIS,LADRILLO,POTABLE,22709000.0
2025-11-22,Carla Perez,CONTADO,ALTA GRACIA,165.0,20.0,CABAÑA,W.F,LLAVE EN MANO,PIEDRA NATURAL,POTABLE,8870000.0
2024-10-08,Pedro Garcia,NO SABE,ALTA GRACIA,45.0,50.5,MINIMALISTA,W.F,OBRA GRIS,LADRILLO,POTABLE,16935000.0
2024-11-15,Ana Garcia,CONTADO,LA PLATA,32.0,53.3,MINIMALISTA,S.F,LLAVE EN MANO,LADRILLO,NO LE INTERESA,27174000.0
2026-01-07,Maria Lopez,PLAN 36-60,ALTA GRACIA,43.0,85.2,CABAÑA,W.F,OBRA GRIS,MADERA,POTABLE,27656000.0
2025-03-18,Lucia Rodriguez,NO SABE,CARLOS PAZ,131.0,41.2,CABAÑA,E.E,LLAVE EN MANO,PIEDRA NATURAL,NO LE INTERESA,15640000.0
2024-11-10,Ana Martinez,CONTADO,ALTA GRACIA,88.0,81.2,CABAÑA,S.F,OBRA GRIS,PIEDRA NATURAL,POTABLE,28485000.0
2026-01-10,Elena Romero,PLAN 36-60,CÓRDOBA CAPITAL,20.0,31.4,CABAÑA,E.E,LLAVE EN MANO,,NO LE INTERESA,11982000.0
2025-01-11,Jorge Sanchez,,SANTIAGO DEL ESTERO,14.0,81.9,CABAÑA,W.F,LLAVE EN MANO,MADERA,NO LE INTERESA,36728000.0
2024-10-15,Maria Lopez,PLAN 36-60,CARLOS PAZ,15.0,,CABAÑA,W.F,OBRA GRIS,MADERA,POTABLE,15002000.0
2025-03-12,Ana Martinez,CONTADO,LA PLATA,35.0,56.5,AMERICANA,W.F,OBRA GRIS,PIEDRA NATURAL,NO LE INTERESA,18551000.0
2025-10-23,Elena Romero,CONTADO,SANTIAGO DEL ESTERO,68.0,48.3,AMERICANA,S.F,LLAVE EN MANO,MADERA,VENDIDO,24435000.0
2024-10-03,Elena Perez,PLAN 36-60,MENDIOLAZA,35.0,80.6,AMERICANA,W.F,OBRA GRIS,MADERA,POTABLE,25945000.0
2025-12-10,Elena Perez,NO SABE,CARLOS PAZ,5.0,76.8,MINIMALISTA,E.E,LLAVE EN MANO,LADRILLO,NO LE INTERESA,30146000.0
2025-08-04,Pedro Lopez,CONTADO,SANTIAGO DEL ESTERO,64.0,63.9,CABAÑA,S.F,LLAVE EN MANO,MADERA,POTABLE,32775000.0
2025-05-17,Jorge Rodriguez,CONTADO,ALTA GRACIA,82.0,32.0,MINIMALISTA,E.E,OBRA GRIS,MADERA,NO LE INTERESA,9202000.0
2025-09-15,Lucia Garcia,CONTADO,MENDIOLAZA,17.0,40.7,MINIMALISTA,E.E,OBRA GRIS,PIEDRA NATURAL,POTABLE,11704000.0
2025-05-30,Luis Lopez,FINANCIACION PROPIA,LA PLATA,55.0,34.4,MINIMALISTA,E.E,OBRA GRIS,MADERA,NO LE INTERESA,9874000.0
2024-12-15,Ana Perez,,LA PLATA,28.0,20.0,AMERICANA,E.E,LLAVE EN MANO,PIEDRA NATURAL,POTABLE,7993000.0
2025-03-21,Luis Garcia,FINANCIACION PROPIA,CÓRDOBA CAPITAL,110.0,80.2,CABAÑA,E.E,OBRA GRIS,LADRILLO,NO LE INTERESA,23556000.0
2024-12-15,Jorge Perez,CONTADO,ALTA GRACIA,93.0,48.4,CABAÑA,W.F,OBRA GRIS,LADRILLO,NO LE INTERESA,15499000.0
2025-08-29,Pedro Sanchez,NO SABE,CÓRDOBA CAPITAL,37.0,48.2,MINIMALISTA,E.E,OBRA GRIS,PIEDRA NATURAL,POTABLE,13454000.0
2025-10-25,Carla Sanchez,PLAN 36-60,CÓRDOBA CAPITAL,59.0,84.9,AMERICANA,E.E,LLAVE EN MANO,MADERA,POTABLE,32968000.0
2024-05-16,Ana Romero,PLAN 36-60,ALTA GRACIA,107.0,45.5,MINIMALISTA,W.F,OBRA GRIS,PIEDRA NATURAL,NO LE INTERESA,15204000.0
2026-01-28,Luis Perez,CONTADO,CARLOS PAZ,34.0,38.2,MINIMALISTA,S.F,OBRA GRIS,MADERA,POTABLE,13915000.0
2024-08-30,Elena Rodriguez,FINANCIACION PROPIA,MENDIOLAZA,19.0,50.5,CABAÑA,W.F,LLAVE EN MANO,MADERA,VENDIDO,22469000.0
2025-06-26,Diego Perez,CONTADO,BUENOS AIRES,70.0,32.3,AMERICANA,S.F,OBRA GRIS,MADERA,VENDIDO,11002000.0
2024-02-09,Ana Rodriguez,CONTADO,CÓRDOBA CAPITAL,12.0,61.9,CABAÑA,E.E,LLAVE EN MANO,PIEDRA NATURAL,NO LE INTERESA,24268000.0
2024-08-16,Carla Lopez,CONTADO,SANTIAGO DEL ESTERO,25.0,,MINIMALISTA,W.F,OBRA GRIS,LADRILLO,NO LE INTERESA,16075000.0
2025-07-01,Maria Romero,FINANCIACION PROPIA,MENDIOLAZA,100.0,44.9,CABAÑA,S.F,LLAVE EN MANO,PIEDRA NATURAL,POTABLE,21495000.0
2024-08-10,Elena Rodriguez,FINANCIACION PROPIA,CARLOS PAZ,64.0,,MINIMALISTA,S.F,LLAVE EN MANO,MADERA,NO LE INTERESA,21113000.0
2024-01-06,Diego Garcia,PLAN 36-60,ALTA GRACIA,26.0,52.9,AMERICANA,W.F,LLAVE EN MANO,PIEDRA NATURAL,POTABLE,23340000.0
2024-11-17,Diego Rodriguez,PLAN 36-60,LA PLATA,12.0,56.7,CABAÑA,W.F,OBRA GRIS,LADRILLO,POTABLE,19048000.0
2025-04-12,Luis Garcia,CONTADO,CARLOS PAZ,22.0,,CABAÑA,W.F,OBRA GRIS,PIEDRA NATURAL,POTABLE,14467000.0
2026-01-01,Carla Sanchez,,CÓRDOBA CAPITAL,17.0,47.8,CABAÑA,W.F,LLAVE EN MANO,LADRILLO,VENDIDO,21744000.0
2024-03-15,Juan Garcia,,SANTIAGO DEL ESTERO,10.0,53.4,CABAÑA,W.F,OBRA GRIS,LADRILLO,POTABLE,16364000.0
2024-01-04,Diego Garcia,PLAN 36-60,MENDIOLAZA,68.0,51.4,CABAÑA,E.E,OBRA GRIS,MADERA,NO LE INTERESA,14715000.0
2025-10-07,Pedro Romero,PLAN 36-60,ALTA GRACIA,15.0,55.6,AMERICANA,E.E,OBRA GRIS,LADRILLO,NO LE INTERESA,15289000.0
2024-04-27,Luis Martinez,NO SABE,LA PLATA,30.0,41.5,AMERICANA,W.F,LLAVE EN MANO,PIEDRA NATURAL,POTABLE,18778000.0
2025-08-28,Maria Romero,FINANCIACION PROPIA,MENDIOLAZA,24.0,75.1,CABAÑA,W.F,OBRA GRIS,PIEDRA NATURAL,NO LE INTERESA,24293000.0
2025-05-18,Juan Martinez,PLAN 36-60,SANTIAGO DEL ESTERO,201.0,56.9,MINIMALISTA,E.E,LLAVE EN MANO,MADERA,POTABLE,22815000.0
2025-07-27,Diego Lopez,CONTADO,BUENOS AIRES,25.0,44.9,MINIMALISTA,S.F,LLAVE EN MANO,PIEDRA NATURAL,POTABLE,22752000.0
2025-03-16,Ana Garcia,PLAN 36-60,LA PLATA,5.0,61.9,CABAÑA,E.E,OBRA GRIS,MADERA,NO LE INTERESA,16991000.0
2024-07-12,Lucia Romero,PLAN 36-60,ALTA GRACIA,5.0,53.5,CABAÑA,W.F,OBRA GRIS,PIEDRA NATURAL,POTABLE,16814000.0
2025-12-15,Luis Martinez,CONTADO,MENDIOLAZA,45.0,20.3,AMERICANA,S.F,LLAVE EN MANO,PIEDRA NATURAL,POTABLE,10311000.0
2025-01-26,Juan Sanchez,CONTADO,CARLOS PAZ,46.0,61.8,AMERICANA,W.F,OBRA GRIS,LADRILLO,POTABLE,20405000.0
2024-01-26,Jorge Rodriguez,PLAN 36-60,CÓRDOBA CAPITAL,27.0,34.6,CABAÑA,S.F,OBRA GRIS,LADRILLO,NO LE INTERESA,11817000.0
2025-03-10,Carla Rodriguez,PLAN 36-60,ALTA GRACIA,28.0,73.7,CABAÑA,W.F,LLAVE EN MANO,LADRILLO,NO LE INTERESA,31605000.0
2024-06-21,Luis Rodriguez,PLAN 36-60,SANTIAGO DEL ESTERO,5.0,50.2,MINIMALISTA,E.E,OBRA GRIS,PIEDRA NATURAL,POTABLE,14297000.0
2024-10-26,Lucia Lopez,CONTADO,CARLOS PAZ,36.0,70.6,AMERICANA,W.F,LLAVE EN MANO,MADERA,POTABLE,30788000.0
2025-10-06,Pedro Perez,FINANCIACION PROPIA,MENDIOLAZA,35.0,42.4,CABAÑA,E.E,LLAVE EN MANO,,POTABLE,17435000.0
2024-11-21,Carla Rodriguez,PLAN 36-60,LA PLATA,8.0,,AMERICANA,S.F,OBRA GRIS,MADERA,POTABLE,19958000.0
2025-02-13,Pedro Martinez,CONTADO,CARLOS PAZ,5.0,79.2,CABAÑA,E.E,LLAVE EN MANO,LADRILLO,NO LE INTERESA,32140000.0
2024-04-27,Diego Lopez,CONTADO,CARLOS PAZ,7.0,49.6,CABAÑA,S.F,OBRA GRIS,PIEDRA NATURAL,POTABLE,17901000.0
2026-02-25,Ana Gonzalez,FINANCIACION PROPIA,SANTIAGO DEL ESTERO,5.0,43.2,CABAÑA,W.F,OBRA GRIS,LADRILLO,NO LE INTERESA,13998000.0
2025-12-24,Jorge Perez,FINANCIACION PROPIA,CÓRDOBA CAPITAL,47.0,68.1,CABAÑA,E.E,OBRA GRIS,PIEDRA NATURAL,VENDIDO,19021000.0
2024-08-12,Elena Sanchez,CONTADO,BUENOS AIRES,11.0,67.7,MINIMALISTA,S.F,LLAVE EN MANO,PIEDRA NATURAL,NO LE INTERESA,33179000.0
2025-06-15,Ana Romero,NO SABE,CARLOS PAZ,14.0,44.0,CABAÑA,S.F,LLAVE EN MANO,PIEDRA NATURAL,POTABLE,22235000.0
2024-04-22,Jorge Rodriguez,CONTADO,CARLOS PAZ,10.0,20.0,MINIMALISTA,S.F,LLAVE EN MANO,LADRILLO,NO LE INTERESA,9953000.0
2024-05-19,Luis Rodriguez,NO SABE,CÓRDOBA CAPITAL,158.0,42.8,MINIMALISTA,S.F,OBRA GRIS,PIEDRA NATURAL,NO LE INTERESA,14769000.0
2025-07-12,Carla Lopez,CONTADO,CÓRDOBA CAPITAL,96.0,68.5,CABAÑA,W.F,OBRA GRIS,LADRILLO,POTABLE,22444000.0
2024-01-01,Lucia Gonzalez,CONTADO,LA PLATA,13.0,39.5,AMERICANA,W.F,LLAVE EN MANO,LADRILLO,NO LE INTERESA,17656000.0
2024-03-30,Luis Garcia,PLAN 36-60,MENDIOLAZA,20.0,54.8,AMERICANA,W.F,OBRA GRIS,PIEDRA NATURAL,NO LE INTERESA,16900000.0
2025-10-15,Lucia Garcia,CONTADO,LA PLATA,12.0,41.9,CABAÑA,S.F,OBRA GRIS,PIEDRA NATURAL,POTABLE,14509000.0
2024-11-15,Juan Romero,PLAN 36-60,CÓRDOBA CAPITAL,34.0,20.0,CABAÑA,W.F,LLAVE EN MANO,PIEDRA NATURAL,NO LE INTERESA,8820000.0
2025-07-03,Elena Martinez,FINANCIACION PROPIA,BUENOS AIRES,5.0,41.5,CABAÑA,S.F,LLAVE EN MANO,LADRILLO,POTABLE,21031000.0
2024-05-18,Maria Martinez,FINANCIACION PROPIA,ALTA GRACIA,56.0,68.5,AMERICANA,S.F,LLAVE EN MANO,PIEDRA NATURAL,POTABLE,32320000.0
2025-05-25,Maria Rodriguez,PLAN 36-60,CÓRDOBA CAPITAL,37.0,20.0,AMERICANA,S.F,OBRA GRIS,PIEDRA NATURAL,NO LE INTERESA,6957000.0
2024-09-15,Elena Lopez,PLAN 36-60,LA PLATA,114.0,60.0,CABAÑA,E.E,OBRA GRIS,MADERA,VENDIDO,17303000.0
2025-11-03,Lucia Martinez,CONTADO,SANTIAGO DEL ESTERO,9.0,31.3,AMERICANA,W.F,OBRA GRIS,MADERA,VENDIDO,10493000.0
2025-11-20,Diego Martinez,CONTADO,SANTIAGO DEL ESTERO,82.0,67.2,MINIMALISTA,W.F,LLAVE EN MANO,MADERA,POTABLE,29916000.0
2024-01-10,Elena Lopez,PLAN 36-60,MENDIOLAZA,79.0,69.3,AMERICANA,E.E,LLAVE EN MANO,PIEDRA NATURAL,VENDIDO,27575000.0
2024-09-17,Elena Martinez,CONTADO,CARLOS PAZ,7.0,51.6,AMERICANA,E.E,LLAVE EN MANO,LADRILLO,NO LE INTERESA,19982000.0
2025-10-11,Pedro Rodriguez,FINANCIACION PROPIA,BUENOS AIRES,25.0,51.6,CABAÑA,E.E,LLAVE EN MANO,MADERA,NO LE INTERESA,19663000.0
2024-06-20,Carla Perez,PLAN 36-60,SANTIAGO DEL ESTERO,9.0,38.9,MINIMALISTA,E.E,OBRA GRIS,LADRILLO,VENDIDO,10715000.0
2024-01-13,Juan Sanchez,CONTADO,LA PLATA,15.0,28.1,CABAÑA,S.F,LLAVE EN MANO,MADERA,NO LE INTERESA,13979000.0
2024-06-16,Ana Gonzalez,PLAN 36-60,SANTIAGO DEL ESTERO,15.0,89.0,AMERICANA,W.F,OBRA GRIS,MADERA,POTABLE,29301000.0
2025-10-03,Pedro Gonzalez,CONTADO,BUENOS AIRES,41.0,37.7,MINIMALISTA,W.F,LLAVE EN MANO,LADRILLO,POTABLE,16836000.0
2025-08-18,Lucia Rodriguez,PLAN 36-60,BUENOS AIRES,27.0,86.4,CABAÑA,W.F,OBRA GRIS,MADERA,POTABLE,26893000.0
2024-11-16,Jorge Gonzalez,FINANCIACION PROPIA,ALTA GRACIA,148.0,37.8,AMERICANA,S.F,LLAVE EN MANO,LADRILLO,NO LE INTERESA,18068000.0
2024-11-14,Lucia Romero,PLAN 36-60,CÓRDOBA CAPITAL,7.0,65.5,MINIMALISTA,W.F,OBRA GRIS,PIEDRA NATURAL,POTABLE,21761000.0
2025-09-04,Lucia Gonzalez,CONTADO,CÓRDOBA CAPITAL,182.0,32.2,CABAÑA,E.E,OBRA GRIS,PIEDRA NATURAL,NO LE INTERESA,9431000.0
2024-11-24,Pedro Gonzalez,FINANCIACION PROPIA,LA PLATA,13.0,65.5,MINIMALISTA,W.F,LLAVE EN MANO,,POTABLE,30221000.0
2026-02-23,Ana Rodriguez,CONTADO,CARLOS PAZ,74.0,48.5,AMERICANA,W.F,OBRA GRIS,LADRILLO,VENDIDO,15710000.0
2026-02-15,Maria Martinez,FINANCIACION PROPIA,BUENOS AIRES,21.0,48.7,CABAÑA,S.F,LLAVE EN MANO,PIEDRA NATURAL,POTABLE,23793000.0
2025-07-03,Carla Gonzalez,PLAN 36-60,CÓRDOBA CAPITAL,8.0,67.2,AMERICANA,E.E,OBRA GRIS,LADRILLO,NO LE INTERESA,18284000.0
2025-02-22,Juan Romero,PLAN 36-60,SANTIAGO DEL ESTERO,98.0,45.6,MINIMALISTA,E.E,LLAVE EN MANO,PIEDRA NATURAL,NO LE INTERESA,17424000.0
2025-08-28,Elena Garcia,FINANCIACION PROPIA,BUENOS AIRES,18.0,26.4,AMERICANA,E.E,LLAVE EN MANO,PIEDRA NATURAL,POTABLE,10017000.0
2024-04-04,Carla Lopez,FINANCIACION PROPIA,ALTA GRACIA,54.0,70.2,MINIMALISTA,W.F,LLAVE EN MANO,LADRILLO,NO LE INTERESA,33287000.0
2025-08-03,Pedro Sanchez,CONTADO,CARLOS PAZ,42.0,32.1,CABAÑA,E.E,OBRA GRIS,MADERA,NO LE INTERESA,9341000.0
2024-11-13,Juan Garcia,CONTADO,CARLOS PAZ,32.0,65.3,AMERICANA,E.E,OBRA GRIS,LADRILLO,NO LE INTERESA,18563000.0
2024-08-23,Elena Lopez,FINANCIACION PROPIA,CARLOS PAZ,34.0,74.5,CABAÑA,W.F,LLAVE EN MANO,PIEDRA NATURAL,NO LE INTERESA,32675000.0
2024-11-29,Lucia Garcia,CONTADO,CÓRDOBA CAPITAL,66.0,47.5,CABAÑA,S.F,OBRA GRIS,MADERA,POTABLE,16453000.0
2025-01-10,Elena Gonzalez,PLAN 36-60,MENDIOLAZA,5.0,78.6,CABAÑA,W.F,LLAVE EN MANO,MADERA,NO LE INTERESA,34912000.0
2025-04-03,Ana Garcia,FINANCIACION PROPIA,CARLOS PAZ,55.0,64.6,CABAÑA,S.F,OBRA GRIS,PIEDRA NATURAL,NO LE INTERESA,22642000.0
2024-05-16,Ana Rodriguez,PLAN 36-60,LA PLATA,113.0,41.1,AMERICANA,S.F,LLAVE EN MANO,MADERA,NO LE INTERESA,20150000.0
2025-08-10,Lucia Sanchez,FINANCIACION PROPIA,SANTIAGO DEL ESTERO,5.0,83.0,AMERICANA,E.E,LLAVE EN MANO,MADERA,POTABLE,33956000.0
2025-06-30,Pedro Sanchez,FINANCIACION PROPIA,MENDIOLAZA,8.0,32.2,CABAÑA,E.E,LLAVE EN MANO,LADRILLO,POTABLE,12913000.0
2025-05-27,Diego Rodriguez,PLAN 36-60,ALTA GRACIA,63.0,47.5,CABAÑA,W.F,LLAVE EN MANO,PIEDRA NATURAL,NO LE INTERESA,20607000.0
2024-10-22,Pedro Rodriguez,FINANCIACION PROPIA,SANTIAGO DEL ESTERO,29.0,50.9,MINIMALISTA,S.F,LLAVE EN MANO,MADERA,POTABLE,24635000.0
2024-11-15,Jorge Sanchez,PLAN 36-60,LA PLATA,26.0,67.1,CABAÑA,W.F,OBRA GRIS,PIEDRA NATURAL,POTABLE,20851000.0
2025-07-25,Juan Perez,PLAN 36-60,LA PLATA,7.0,77.3,MINIMALISTA,E.E,OBRA GRIS,LADRILLO,POTABLE,21177000.0
2024-12-14,Diego Martinez,PLAN 36-60,BUENOS AIRES,35.0,76.1,MINIMALISTA,S.F,OBRA GRIS,LADRILLO,NO LE INTERESA,27912000.0
2026-02-17,Maria Sanchez,FINANCIACION PROPIA,MENDIOLAZA,7.0,59.5,CABAÑA,E.E,OBRA GRIS,LADRILLO,POTABLE,17013000.0
2024-08-16,Maria Romero,FINANCIACION PROPIA,SANTIAGO DEL ESTERO,32.0,49.4,AMERICANA,E.E,LLAVE EN MANO,MADERA,VENDIDO,18457000.0
2024-09-26,Diego Martinez,CONTADO,CÓRDOBA CAPITAL,72.0,20.0,MINIMALISTA,E.E,LLAVE EN MANO,LADRILLO,NO LE INTERESA,7812000.0
2024-10-17,Diego Gonzalez,CONTADO,BUENOS AIRES,15.0,28.7,AMERICANA,S.F,LLAVE EN MANO,PIEDRA NATURAL,POTABLE,13999000.0
2025-12-25,Elena Romero,NO SABE,LA PLATA,33.0,90.3,CABAÑA,S.F,OBRA GRIS,LADRILLO,NO LE INTERESA,31979000.0
2024-06-13,Maria Rodriguez,PLAN 36-60,CARLOS PAZ,242.0,20.0,CABAÑA,E.E,LLAVE EN MANO,MADERA,VENDIDO,8203000.0
2024-01-05,Luis Sanchez,CONTADO,ALTA GRACIA,58.0,39.3,CABAÑA,S.F,OBRA GRIS,LADRILLO,POTABLE,13246000.0
2025-01-13,Juan Perez,PLAN 36-60,ALTA GRACIA,92.0,77.9,CABAÑA,E.E,OBRA GRIS,MADERA,POTABLE,21984000.0
2024-03-18,Ana Perez,NO SABE,LA PLATA,27.0,59.2,MINIMALISTA,E.E,OBRA GRIS,PIEDRA NATURAL,POTABLE,16002000.0
2025-02-13,Diego Gonzalez,FINANCIACION PROPIA,CARLOS PAZ,73.0,73.6,MINIMALISTA,E.E,LLAVE EN MANO,LADRILLO,NO LE INTERESA,29016000.0
2025-07-27,Pedro Romero,FINANCIACION PROPIA,SANTIAGO DEL ESTERO,5.0,65.9,AMERICANA,S.F,OBRA GRIS,LADRILLO,POTABLE,22487000.0
2024-05-11,Lucia Sanchez,CONTADO,ALTA GRACIA,7.0,84.4,AMERICANA,W.F,OBRA GRIS,PIEDRA NATURAL,NO LE INTERESA,26220000.0
2025-08-23,Juan Perez,FINANCIACION PROPIA,CARLOS PAZ,11.0,60.9,MINIMALISTA,W.F,OBRA GRIS,PIEDRA NATURAL,NO LE INTERESA,19210000.0
2026-01-18,Diego Romero,,CARLOS PAZ,26.0,68.3,CABAÑA,S.F,OBRA GRIS,MADERA,NO LE INTERESA,22985000.0
2024-02-11,Ana Perez,FINANCIACION PROPIA,CÓRDOBA CAPITAL,93.0,,AMERICANA,S.F,OBRA GRIS,,NO LE INTERESA,14005000.0
2024-03-29,Maria Romero,CONTADO,LA PLATA,21.0,66.7,MINIMALISTA,E.E,LLAVE EN MANO,LADRILLO,POTABLE,27138000.0
2025-02-05,Elena Garcia,CONTADO,CARLOS PAZ,53.0,47.1,AMERICANA,E.E,OBRA GRIS,LADRILLO,POTABLE,13012000.0
2024-10-22,Diego Romero,PLAN 36-60,BUENOS AIRES,62.0,45.9,MINIMALISTA,W.F,OBRA GRIS,LADRILLO,POTABLE,14829000.0
2024-10-21,Juan Romero,CONTADO,SANTIAGO DEL ESTERO,44.0,72.9,CABAÑA,E.E,OBRA GRIS,,NO LE INTERESA,20519000.0
2025-09-07,Pedro Martinez,FINANCIACION PROPIA,ALTA GRACIA,22.0,73.0,MINIMALISTA,W.F,LLAVE EN MANO,LADRILLO,NO LE INTERESA,31882000.0
2025-06-09,Luis Garcia,NO SABE,BUENOS AIRES,43.0,88.8,AMERICANA,W.F,OBRA GRIS,LADRILLO,NO LE INTERESA,28491000.0
2025-11-21,Carla Rodriguez,PLAN 36-60,CÓRDOBA CAPITAL,21.0,87.5,MINIMALISTA,S.F,LLAVE EN MANO,LADRILLO,POTABLE,44421000.0
2025-09-28,Carla Rodriguez,FINANCIACION PROPIA,SANTIAGO DEL ESTERO,5.0,73.3,AMERICANA,S.F,OBRA GRIS,MADERA,POTABLE,24586000.0
2025-02-25,Elena Perez,PLAN 36-60,ALTA GRACIA,247.0,20.6,AMERICANA,S.F,LLAVE EN MANO,MADERA,NO LE INTERESA,10907000.0
2024-01-23,Lucia Perez,FINANCIACION PROPIA,LA PLATA,7.0,91.6,AMERICANA,W.F,LLAVE EN MANO,MADERA,VENDIDO,42837000.0
2025-07-28,Ana Sanchez,,SANTIAGO DEL ESTERO,5.0,73.4,CABAÑA,S.F,LLAVE EN MANO,PIEDRA NATURAL,POTABLE,37254000.0
2024-05-22,Ana Garcia,FINANCIACION PROPIA,ALTA GRACIA,105.0,39.7,CABAÑA,W.F,OBRA GRIS,PIEDRA NATURAL,NO LE INTERESA,12551000.0
2025-10-26,Carla Romero,PLAN 36-60,CÓRDOBA CAPITAL,18.0,69.6,MINIMALISTA,S.F,OBRA GRIS,PIEDRA NATURAL,POTABLE,24349000.0
2024-05-24,Lucia Sanchez,PLAN 36-60,BUENOS AIRES,53.0,34.3,MINIMALISTA,W.F,OBRA GRIS,LADRILLO,POTABLE,11253000.0
2024-08-12,Pedro Rodriguez,FINANCIACION PROPIA,ALTA GRACIA,20.0,67.4,AMERICANA,E.E,OBRA GRIS,LADRILLO,NO LE INTERESA,18146000.0
2025-05-17,Juan Gonzalez,CONTADO,CARLOS PAZ,25.0,28.7,CABAÑA,E.E,LLAVE EN MANO,PIEDRA NATURAL,NO LE INTERESA,11352000.0
2025-09-07,Elena Rodriguez,FINANCIACION PROPIA,CÓRDOBA CAPITAL,15.0,38.8,MINIMALISTA,W.F,OBRA GRIS,MADERA,POTABLE,12942000.0
2024-04-13,Maria Martinez,NO SABE,SANTIAGO DEL ESTERO,21.0,69.2,MINIMALISTA,W.F,OBRA GRIS,LADRILLO,NO LE INTERESA,23288000.0
2024-02-08,Elena Gonzalez,PLAN 36-60,MENDIOLAZA,26.0,76.5,CABAÑA,E.E,LLAVE EN MANO,MADERA,NO LE INTERESA,29361000.0
2024-07-16,Maria Perez,FINANCIACION PROPIA,LA PLATA,64.0,61.5,AMERICANA,W.F,LLAVE EN MANO,LADRILLO,NO LE INTERESA,27232000.0
2025-10-07,Diego Lopez,FINANCIACION PROPIA,BUENOS AIRES,36.0,49.3,MINIMALISTA,W.F,LLAVE EN MANO,LADRILLO,NO LE INTERESA,21768000.0
2025-08-01,Pedro Gonzalez,PLAN 36-60,CÓRDOBA CAPITAL,144.0,20.0,AMERICANA,E.E,LLAVE EN MANO,MADERA,POTABLE,7777000.0
2025-01-25,Lucia Garcia,PLAN 36-60,BUENOS AIRES,5.0,50.8,CABAÑA,W.F,OBRA GRIS,PIEDRA NATURAL,POTABLE,16252000.0
2024-06-27,Lucia Perez,FINANCIACION PROPIA,CÓRDOBA CAPITAL,35.0,65.7,CABAÑA,S.F,OBRA GRIS,MADERA,NO LE INTERESA,23703000.0
2025-07-07,Luis Lopez,PLAN 36-60,CÓRDOBA CAPITAL,44.0,48.7,MINIMALISTA,E.E,LLAVE EN MANO,PIEDRA NATURAL,NO LE INTERESA,19563000.0
2025-03-23,Pedro Sanchez,CONTADO,ALTA GRACIA,126.0,54.5,MINIMALISTA,S.F,LLAVE EN MANO,PIEDRA NATURAL,POTABLE,27971000.0
2025-05-14,Luis Martinez,FINANCIACION PROPIA,CARLOS PAZ,5.0,51.3,CABAÑA,W.F,OBRA GRIS,LADRILLO,NO LE INTERESA,16288000.0
2024-01-15,Carla Perez,PLAN 36-60,MENDIOLAZA,43.0,48.6,AMERICANA,W.F,LLAVE EN MANO,LADRILLO,NO LE INTERESA,22132000.0
2025-09-14,Carla Garcia,FINANCIACION PROPIA,LA PLATA,96.0,56.5,AMERICANA,S.F,LLAVE EN MANO,LADRILLO,NO LE INTERESA,28571000.0
2025-10-30,Juan Romero,CONTADO,BUENOS AIRES,14.0,49.5,CABAÑA,W.F,LLAVE EN MANO,PIEDRA NATURAL,NO LE INTERESA,23225000.0
2024-10-15,Elena Gonzalez,CONTADO,LA PLATA,104.0,83.9,MINIMALISTA,W.F,OBRA GRIS,,NO LE INTERESA,28182000.0
2025-04-22,Luis Gonzalez,NO SABE,CARLOS PAZ,5.0,20.0,CABAÑA,S.F,OBRA GRIS,MADERA,POTABLE,6983000.0
2024-08-18,Carla Perez,CONTADO,ALTA GRACIA,66.0,44.1,MINIMALISTA,W.F,OBRA GRIS,LADRILLO,NO LE INTERESA,14881000.0
2025-02-23,Juan Lopez,FINANCIACION PROPIA,ALTA GRACIA,135.0,37.6,AMERICANA,E.E,LLAVE EN MANO,LADRILLO,POTABLE,14858000.0
2024-06-05,Carla Perez,FINANCIACION PROPIA,CARLOS PAZ,54.0,59.4,MINIMALISTA,S.F,OBRA GRIS,PIEDRA NATURAL,NO LE INTERESA,21712000.0
2025-07-03,Jorge Perez,FINANCIACION PROPIA,BUENOS AIRES,29.0,56.5,AMERICANA,S.F,LLAVE EN MANO,LADRILLO,NO LE INTERESA,28496000.0
2025-03-16,Carla Garcia,CONTADO,CARLOS PAZ,5.0,87.4,CABAÑA,S.F,OBRA GRIS,PIEDRA NATURAL,POTABLE,29746000.0
2024-04-06,Jorge Romero,PLAN 36-60,SANTIAGO DEL ESTERO,126.0,94.0,MINIMALISTA,S.F,LLAVE EN MANO,MADERA,POTABLE,48236000.0
2025-02-14,Ana Sanchez,FINANCIACION PROPIA,ALTA GRACIA,32.0,39.5,AMERICANA,E.E,LLAVE EN MANO,MADERA,POTABLE,15132000.0
2024-10-15,Maria Garcia,PLAN 36-60,BUENOS AIRES,5.0,55.0,MINIMALISTA,S.F,OBRA GRIS,LADRILLO,NO LE INTERESA,20044000.0
2024-09-10,Pedro Lopez,PLAN 36-60,CÓRDOBA CAPITAL,59.0,58.9,AMERICANA,S.F,OBRA GRIS,MADERA,POTABLE,20942000.0
2024-07-14,Luis Garcia,PLAN 36-60,LA PLATA,33.0,39.0,AMERICANA,W.F,LLAVE EN MANO,LADRILLO,POTABLE,17926000.0
2025-08-20,Diego Gonzalez,CONTADO,ALTA GRACIA,7.0,67.6,CABAÑA,S.F,LLAVE EN MANO,LADRILLO,NO LE INTERESA,31840000.0
2025-06-05,Juan Martinez,FINANCIACION PROPIA,CARLOS PAZ,12.0,50.2,CABAÑA,W.F,LLAVE EN MANO,PIEDRA NATURAL,POTABLE,21665000.0
2025-05-31,Carla Sanchez,FINANCIACION PROPIA,CÓRDOBA CAPITAL,5.0,33.6,MINIMALISTA,S.F,LLAVE EN MANO,PIEDRA NATURAL,POTABLE,17243000.0
2025-09-26,Juan Sanchez,NO SABE,SANTIAGO DEL ESTERO,43.0,49.4,AMERICANA,S.F,LLAVE EN MANO,LADRILLO,VENDIDO,23875000.0
2024-04-27,Elena Sanchez,PLAN 36-60,MENDIOLAZA,49.0,35.0,CABAÑA,E.E,OBRA GRIS,MADERA,NO LE INTERESA,10214000.0
2024-06-07,Diego Lopez,FINANCIACION PROPIA,SANTIAGO DEL ESTERO,35.0,75.7,MINIMALISTA,W.F,LLAVE EN MANO,MADERA,POTABLE,34877000.0
2024-08-15,Ana Perez,CONTADO,CÓRDOBA CAPITAL,85.0,93.0,CABAÑA,E.E,OBRA GRIS,LADRILLO,NO LE INTERESA,26440000.0
2024-08-03,Diego Perez,PLAN 36-60,BUENOS AIRES,99.0,59.9,MINIMALISTA,W.F,OBRA GRIS,LADRILLO,NO LE INTERESA,19796000.0
2025-11-26,Ana Rodriguez,PLAN 36-60,BUENOS AIRES,48.0,57.2,CABAÑA,S.F,OBRA GRIS,MADERA,VENDIDO,19267000.0
2024-01-15,Jorge Garcia,NO SABE,CÓRDOBA CAPITAL,5.0,58.0,CABAÑA,E.E,OBRA GRIS,MADERA,NO LE INTERESA,16105000.0
2024-06-05,Jorge Romero,FINANCIACION PROPIA,BUENOS AIRES,59.0,78.6,AMERICANA,W.F,LLAVE EN MANO,PIEDRA NATURAL,NO LE INTERESA,35902000.0
2025-10-09,Elena Perez,NO SABE,CARLOS PAZ,27.0,78.2,AMERICANA,W.F,OBRA GRIS,,NO LE INTERESA,26148000.0
2024-09-17,Maria Rodriguez,FINANCIACION PROPIA,BUENOS AIRES,42.0,52.7,CABAÑA,E.E,OBRA GRIS,MADERA,POTABLE,15137000.0
2024-06-05,Ana Garcia,FINANCIACION PROPIA,MENDIOLAZA,52.0,60.1,AMERICANA,W.F,OBRA GRIS,PIEDRA NATURAL,NO LE INTERESA,18950000.0
2024-02-16,Pedro Perez,CONTADO,CARLOS PAZ,22.0,68.1,CABAÑA,S.F,LLAVE EN MANO,PIEDRA NATURAL,NO LE INTERESA,35022000.0
2024-11-19,Maria Sanchez,FINANCIACION PROPIA,LA PLATA,125.0,32.2,MINIMALISTA,W.F,OBRA GRIS,LADRILLO,VENDIDO,10707000.0
2025-11-15,Juan Romero,PLAN 36-60,BUENOS AIRES,7.0,79.3,CABAÑA,S.F,OBRA GRIS,PIEDRA NATURAL,VENDIDO,27769000.0
2024-05-09,Luis Romero,CONTADO,MENDIOLAZA,56.0,89.7,CABAÑA,W.F,OBRA GRIS,PIEDRA NATURAL,POTABLE,29782000.0
2025-02-14,Elena Rodriguez,,MENDIOLAZA,5.0,78.3,MINIMALISTA,E.E,LLAVE EN MANO,LADRILLO,POTABLE,31016000.0
2024-04-04,Maria Rodriguez,PLAN 36-60,LA PLATA,129.0,30.1,MINIMALISTA,S.F,LLAVE EN MANO,MADERA,POTABLE,15256000.0
2025-09-18,Jorge Martinez,CONTADO,SANTIAGO DEL ESTERO,6.0,20.0,AMERICANA,W.F,LLAVE EN MANO,PIEDRA NATURAL,POTABLE,9131000.0
2026-01-24,Lucia Lopez,PLAN 36-60,CÓRDOBA CAPITAL,5.0,69.2,MINIMALISTA,S.F,OBRA GRIS,PIEDRA NATURAL,NO LE INTERESA,23449000.0
2024-10-18,Juan Martinez,PLAN 36-60,SANTIAGO DEL ESTERO,20.0,39.8,AMERICANA,E.E,LLAVE EN MANO,MADERA,NO LE INTERESA,15699000.0
2024-10-09,Lucia Lopez,NO SABE,BUENOS AIRES,23.0,60.7,CABAÑA,W.F,LLAVE EN MANO,PIEDRA NATURAL,NO LE INTERESA,26804000.0
2024-03-09,Elena Martinez,FINANCIACION PROPIA,BUENOS AIRES,12.0,85.7,MINIMALISTA,W.F,LLAVE EN MANO,MADERA,NO LE INTERESA,38923000.0
2025-10-21,Maria Sanchez,PLAN 36-60,CARLOS PAZ,44.0,41.9,CABAÑA,S.F,OBRA GRIS,LADRILLO,POTABLE,14179000.0
2024-01-11,Ana Perez,CONTADO,ALTA GRACIA,29.0,47.4,AMERICANA,E.E,LLAVE EN MANO,,NO LE INTERESA,18125000.0
2024-09-10,Luis Rodriguez,CONTADO,BUENOS AIRES,5.0,60.5,MINIMALISTA,E.E,OBRA GRIS,MADERA,VENDIDO,17471000.0
2025-07-03,Elena Rodriguez,CONTADO,BUENOS AIRES,19.0,29.0,AMERICANA,W.F,OBRA GRIS,MADERA,NO LE INTERESA,9278000.0
2024-05-13,Jorge Lopez,,CARLOS PAZ,83.0,39.8,AMERICANA,S.F,OBRA GRIS,LADRILLO,POTABLE,14299000.0
2025-12-12,Elena Rodriguez,NO SABE,ALTA GRACIA,59.0,55.5,MINIMALISTA,W.F,OBRA GRIS,MADERA,POTABLE,17956000.0
2024-01-23,Lucia Romero,PLAN 36-60,CÓRDOBA CAPITAL,65.0,49.0,MINIMALISTA,W.F,LLAVE EN MANO,MADERA,POTABLE,21833000.0
2024-12-11,Juan Garcia,CONTADO,CÓRDOBA CAPITAL,60.0,67.2,AMERICANA,S.F,LLAVE EN MANO,LADRILLO,NO LE INTERESA,33002000.0
2024-10-28,Ana Rodriguez,CONTADO,MENDIOLAZA,19.0,110.3,MINIMALISTA,E.E,OBRA GRIS,PIEDRA NATURAL,POTABLE,31882000.0
2024-12-28,Juan Garcia,PLAN 36-60,CÓRDOBA CAPITAL,5.0,57.0,AMERICANA,W.F,OBRA GRIS,PIEDRA NATURAL,NO LE INTERESA,17960000.0
2025-01-30,Pedro Perez,PLAN 36-60,LA PLATA,16.0,38.2,CABAÑA,W.F,OBRA GRIS,MADERA,NO LE INTERESA,12228000.0
2024-08-05,Juan Rodriguez,CONTADO,LA PLATA,89.0,83.4,CABAÑA,S.F,OBRA GRIS,LADRILLO,NO LE INTERESA,28451000.0
2024-05-20,Lucia Gonzalez,NO SABE,ALTA GRACIA,197.0,23.2,MINIMALISTA,S.F,LLAVE EN MANO,LADRILLO,POTABLE,11490000.0
2025-09-07,Diego Perez,CONTADO,SANTIAGO DEL ESTERO,34.0,27.2,MINIMALISTA,W.F,LLAVE EN MANO,MADERA,NO LE INTERESA,12787000.0
2024-07-28,Juan Perez,CONTADO,MENDIOLAZA,5.0,43.1,CABAÑA,E.E,OBRA GRIS,MADERA,NO LE INTERESA,12421000.0
2025-09-14,Diego Martinez,CONTADO,SANTIAGO DEL ESTERO,8.0,49.3,AMERICANA,S.F,LLAVE EN MANO,PIEDRA NATURAL,POTABLE,23864000.0
2025-09-07,Lucia Romero,PLAN 36-60,ALTA GRACIA,19.0,42.6,AMERICANA,W.F,LLAVE EN MANO,PIEDRA NATURAL,VENDIDO,18526000.0
2025-11-13,Diego Romero,,LA PLATA,43.0,54.4,AMERICANA,E.E,LLAVE EN MANO,MADERA,NO LE INTERESA,21218000.0
2025-04-04,Maria Perez,CONTADO,CARLOS PAZ,5.0,60.5,MINIMALISTA,S.F,LLAVE EN MANO,LADRILLO,POTABLE,30458000.0
2024-12-21,Carla Martinez,CONTADO,BUENOS AIRES,144.0,76.4,AMERICANA,S.F,OBRA GRIS,MADERA,NO LE INTERESA,25726000.0
2024-11-19,Diego Perez,PLAN 36-60,MENDIOLAZA,23.0,56.8,MINIMALISTA,W.F,LLAVE EN MANO,LADRILLO,POTABLE,26269000.0
2024-05-12,Maria Romero,CONTADO,ALTA GRACIA,122.0,43.8,MINIMALISTA,S.F,OBRA GRIS,PIEDRA NATURAL,NO LE INTERESA,15792000.0
2024-05-06,Ana Garcia,CONTADO,SANTIAGO DEL ESTERO,76.0,75.3,MINIMALISTA,W.F,LLAVE EN MANO,MADERA,NO LE INTERESA,32576000.0
2024-04-15,Lucia Perez,PLAN 36-60,ALTA GRACIA,70.0,38.6,CABAÑA,S.F,LLAVE EN MANO,LADRILLO,POTABLE,19277000.0
2025-08-26,Pedro Lopez,CONTADO,ALTA GRACIA,47.0,22.3,AMERICANA,E.E,OBRA GRIS,PIEDRA NATURAL,POTABLE,6187000.0
2025-01-12,Lucia Rodriguez,PLAN 36-60,CÓRDOBA CAPITAL,49.0,79.1,MINIMALISTA,E.E,LLAVE EN MANO,MADERA,POTABLE,30078000.0
2024-02-20,Jorge Martinez,CONTADO,LA PLATA,51.0,77.8,AMERICANA,S.F,OBRA GRIS,MADERA,NO LE INTERESA,26992000.0
2024-01-29,Carla Lopez,CONTADO,MENDIOLAZA,50.0,39.2,CABAÑA,W.F,LLAVE EN MANO,PIEDRA NATURAL,POTABLE,17224000.0
2025-04-06,Pedro Lopez,PLAN 36-60,CÓRDOBA CAPITAL,40.0,47.0,AMERICANA,S.F,OBRA GRIS,MADERA,NO LE INTERESA,17046000.0
2024-10-22,Elena Martinez,CONTADO,LA PLATA,215.0,36.7,CABAÑA,W.F,LLAVE EN MANO,PIEDRA NATURAL,POTABLE,17275000.0
2024-10-23,Maria Romero,CONTADO,ALTA GRACIA,66.0,61.5,MINIMALISTA,S.F,OBRA GRIS,LADRILLO,POTABLE,22664000.0
2025-12-26,Jorge Sanchez,PLAN 36-60,LA PLATA,75.0,89.6,MINIMALISTA,E.E,LLAVE EN MANO,MADERA,POTABLE,35356000.0
2026-02-17,Lucia Sanchez,NO SABE,SANTIAGO DEL ESTERO,103.0,69.1,CABAÑA,W.F,OBRA GRIS,PIEDRA NATURAL,POTABLE,21484000.0
2025-02-10,Elena Lopez,FINANCIACION PROPIA,MENDIOLAZA,12.0,75.7,MINIMALISTA,E.E,LLAVE EN MANO,PIEDRA NATURAL,POTABLE,29300000.0
2026-02-07,Diego Lopez,FINANCIACION PROPIA,CÓRDOBA CAPITAL,5.0,71.4,AMERICANA,E.E,OBRA GRIS,LADRILLO,NO LE INTERESA,20677000.0
2025-09-04,Elena Rodriguez,FINANCIACION PROPIA,MENDIOLAZA,33.0,55.0,AMERICANA,E.E,OBRA GRIS,MADERA,NO LE INTERESA,15290000.0
2025-02-08,Ana Martinez,NO SABE,ALTA GRACIA,36.0,76.7,CABAÑA,S.F,LLAVE EN MANO,PIEDRA NATURAL,VENDIDO,37470000.0
2024-12-11,Carla Lopez,FINANCIACION PROPIA,SANTIAGO DEL ESTERO,88.0,69.9,AMERICANA,W.F,OBRA GRIS,PIEDRA NATURAL,POTABLE,22441000.0
2025-09-13,Luis Gonzalez,PLAN 36-60,LA PLATA,29.0,83.8,MINIMALISTA,E.E,OBRA GRIS,PIEDRA NATURAL,NO LE INTERESA,22885000.0
2025-02-23,Jorge Rodriguez,CONTADO,BUENOS AIRES,42.0,45.8,MINIMALISTA,W.F,LLAVE EN MANO,MADERA,NO LE INTERESA,19826000.0
2024-06-30,Ana Gonzalez,,LA PLATA,37.0,20.2,MINIMALISTA,W.F,LLAVE EN MANO,MADERA,NO LE INTERESA,8869000.0
2024-01-01,Ana Perez,PLAN 36-60,SANTIAGO DEL ESTERO,5.0,75.9,AMERICANA,E.E,LLAVE EN MANO,LADRILLO,POTABLE,29355000.0
2025-07-20,Lucia Romero,NO SABE,BUENOS AIRES,48.0,62.0,MINIMALISTA,S.F,OBRA GRIS,LADRILLO,POTABLE,21218000.0
2025-01-05,Lucia Sanchez,PLAN 36-60,LA PLATA,88.0,49.1,AMERICANA,E.E,OBRA GRIS,LADRILLO,NO LE INTERESA,13981000.0
2025-10-22,Pedro Garcia,FINANCIACION PROPIA,CÓRDOBA CAPITAL,9.0,50.2,CABAÑA,E.E,LLAVE EN MANO,MADERA,NO LE INTERESA,19916000.0
2025-03-06,Carla Rodriguez,PLAN 36-60,CARLOS PAZ,45.0,106.1,MINIMALISTA,W.F,OBRA GRIS,PIEDRA NATURAL,NO LE INTERESA,34472000.0
2024-11-04,Maria Lopez,PLAN 36-60,LA PLATA,45.0,42.2,CABAÑA,S.F,LLAVE EN MANO,MADERA,POTABLE,19884000.0
2024-05-16,Lucia Lopez,PLAN 36-60,ALTA GRACIA,9.0,37.9,AMERICANA,W.F,OBRA GRIS,MADERA,POTABLE,12421000.0
2024-07-20,Diego Rodriguez,PLAN 36-60,LA PLATA,7.0,56.7,AMERICANA,S.F,LLAVE EN MANO,MADERA,VENDIDO,27473000.0
2025-03-11,Elena Garcia,,MENDIOLAZA,196.0,78.6,CABAÑA,E.E,OBRA GRIS,LADRILLO,NO LE INTERESA,23145000.0
2024-11-08,Lucia Garcia,FINANCIACION PROPIA,ALTA GRACIA,25.0,100.6,MINIMALISTA,S.F,LLAVE EN MANO,PIEDRA NATURAL,NO LE INTERESA,49458000.0
2024-04-26,Diego Sanchez,FINANCIACION PROPIA,LA PLATA,13.0,68.1,MINIMALISTA,W.F,LLAVE EN MANO,MADERA,POTABLE,29443000.0
2025-10-27,Lucia Romero,FINANCIACION PROPIA,LA PLATA,9.0,29.6,MINIMALISTA,E.E,LLAVE EN MANO,LADRILLO,NO LE INTERESA,11047000.0
2025-07-28,Elena Gonzalez,CONTADO,ALTA GRACIA,55.0,94.4,CABAÑA,S.F,OBRA GRIS,MADERA,POTABLE,33793000.0
2024-08-31,Elena Garcia,FINANCIACION PROPIA,CÓRDOBA CAPITAL,47.0,54.6,AMERICANA,S.F,OBRA GRIS,PIEDRA NATURAL,POTABLE,18990000.0
2025-06-20,Jorge Romero,CONTADO,BUENOS AIRES,52.0,38.2,CABAÑA,W.F,OBRA GRIS,LADRILLO,NO LE INTERESA,12116000.0
2025-08-24,Carla Perez,CONTADO,BUENOS AIRES,5.0,33.4,AMERICANA,S.F,LLAVE EN MANO,MADERA,NO LE INTERESA,16287000.0
2024-03-15,Juan Gonzalez,FINANCIACION PROPIA,CARLOS PAZ,112.0,71.7,MINIMALISTA,E.E,OBRA GRIS,LADRILLO,POTABLE,19378000.0
2025-01-20,Carla Perez,CONTADO,CARLOS PAZ,25.0,59.8,MINIMALISTA,S.F,OBRA GRIS,PIEDRA NATURAL,NO LE INTERESA,20741000.0
2024-07-28,Ana Martinez,CONTADO,BUENOS AIRES,19.0,61.9,AMERICANA,W.F,LLAVE EN MANO,PIEDRA NATURAL,NO LE INTERESA,27415000.0
2025-04-19,Maria Gonzalez,CONTADO,CÓRDOBA CAPITAL,31.0,80.7,MINIMALISTA,S.F,LLAVE EN MANO,LADRILLO,VENDIDO,40778000.0
2025-02-21,Ana Gonzalez,FINANCIACION PROPIA,LA PLATA,25.0,39.0,CABAÑA,E.E,LLAVE EN MANO,MADERA,POTABLE,14827000.0
2024-12-12,Luis Romero,CONTADO,CARLOS PAZ,100.0,82.3,AMERICANA,E.E,LLAVE EN MANO,PIEDRA NATURAL,POTABLE,33242000.0
2025-06-12,Luis Martinez,PLAN 36-60,CÓRDOBA CAPITAL,132.0,44.6,MINIMALISTA,S.F,OBRA GRIS,PIEDRA NATURAL,VENDIDO,15809000.0
2025-10-01,Juan Perez,PLAN 36-60,CÓRDOBA CAPITAL,18.0,98.3,MINIMALISTA,S.F,LLAVE EN MANO,MADERA,NO LE INTERESA,46179000.0
2026-02-01,Elena Romero,FINANCIACION PROPIA,CARLOS PAZ,100.0,67.0,MINIMALISTA,E.E,OBRA GRIS,LADRILLO,NO LE INTERESA,19798000.0
2024-06-27,Pedro Rodriguez,FINANCIACION PROPIA,BUENOS AIRES,76.0,36.6,MINIMALISTA,W.F,LLAVE EN MANO,LADRILLO,POTABLE,17002000.0
2024-06-30,Jorge Sanchez,PLAN 36-60,ALTA GRACIA,134.0,20.0,AMERICANA,E.E,OBRA GRIS,MADERA,VENDIDO,5662000.0
2025-10-25,Jorge Gonzalez,CONTADO,SANTIAGO DEL ESTERO,14.0,71.2,AMERICANA,S.F,LLAVE EN MANO,PIEDRA NATURAL,NO LE INTERESA,35194000.0
2024-01-25,Maria Romero,CONTADO,BUENOS AIRES,43.0,47.5,MINIMALISTA,S.F,LLAVE EN MANO,PIEDRA NATURAL,NO LE INTERESA,24273000.0
2024-06-28,Jorge Rodriguez,PLAN 36-60,ALTA GRACIA,16.0,51.9,CABAÑA,W.F,LLAVE EN MANO,MADERA,VENDIDO,24429000.0
2025-12-10,Jorge Lopez,FINANCIACION PROPIA,BUENOS AIRES,87.0,70.3,CABAÑA,E.E,LLAVE EN MANO,MADERA,NO LE INTERESA,28328000.0
2025-05-15,Jorge Rodriguez,,LA PLATA,5.0,75.2,CABAÑA,E.E,LLAVE EN MANO,LADRILLO,POTABLE,30157000.0
2024-06-09,Elena Martinez,CONTADO,ALTA GRACIA,42.0,79.5,CABAÑA,W.F,OBRA GRIS,LADRILLO,NO LE INTERESA,25091000.0
2024-06-25,Elena Lopez,FINANCIACION PROPIA,MENDIOLAZA,21.0,31.5,AMERICANA,E.E,OBRA GRIS,MADERA,NO LE INTERESA,9285000.0
2024-10-11,Carla Lopez,PLAN 36-60,SANTIAGO DEL ESTERO,19.0,,AMERICANA,W.F,OBRA GRIS,PIEDRA NATURAL,NO LE INTERESA,26225000.0
2024-03-03,Jorge Lopez,FINANCIACION PROPIA,BUENOS AIRES,52.0,43.4,CABAÑA,E.E,OBRA GRIS,LADRILLO,NO LE INTERESA,11728000.0
2025-10-23,Maria Romero,FINANCIACION PROPIA,SANTIAGO DEL ESTERO,95.0,20.0,AMERICANA,W.F,OBRA GRIS,MADERA,POTABLE,6897000.0
2025-10-27,Carla Romero,FINANCIACION PROPIA,CÓRDOBA CAPITAL,47.0,31.4,CABAÑA,W.F,LLAVE EN MANO,PIEDRA NATURAL,NO LE INTERESA,13732000.0
2024-06-04,Diego Lopez,PLAN 36-60,MENDIOLAZA,96.0,59.4,MINIMALISTA,W.F,LLAVE EN MANO,LADRILLO,NO LE INTERESA,26980000.0
2025-04-13,Lucia Rodriguez,PLAN 36-60,LA PLATA,15.0,35.4,MINIMALISTA,S.F,OBRA GRIS,MADERA,POTABLE,12373000.0
2024-02-18,Juan Garcia,NO SABE,CÓRDOBA CAPITAL,37.0,53.2,CABAÑA,S.F,OBRA GRIS,MADERA,NO LE INTERESA,19326000.0
2024-03-24,Elena Gonzalez,,ALTA GRACIA,30.0,61.8,AMERICANA,S.F,OBRA GRIS,PIEDRA NATURAL,VENDIDO,21451000.0
2024-12-26,Lucia Romero,CONTADO,ALTA GRACIA,5.0,51.4,CABAÑA,E.E,OBRA GRIS,PIEDRA NATURAL,POTABLE,14403000.0
2025-11-19,Jorge Rodriguez,CONTADO,CARLOS PAZ,41.0,45.1,AMERICANA,W.F,OBRA GRIS,MADERA,POTABLE,13918000.0
2024-05-27,Carla Gonzalez,PLAN 36-60,CÓRDOBA CAPITAL,54.0,30.0,MINIMALISTA,E.E,LLAVE EN MANO,PIEDRA NATURAL,POTABLE,11495000.0
2025-09-21,Maria Lopez,NO SABE,MENDIOLAZA,45.0,55.4,AMERICANA,E.E,OBRA GRIS,MADERA,POTABLE,16098000.0
2024-12-07,Jorge Perez,CONTADO,CÓRDOBA CAPITAL,67.0,20.0,CABAÑA,W.F,LLAVE EN MANO,PIEDRA NATURAL,POTABLE,9097000.0
2025-04-20,Lucia Garcia,CONTADO,CÓRDOBA CAPITAL,42.0,41.3,MINIMALISTA,S.F,OBRA GRIS,PIEDRA NATURAL,NO LE INTERESA,14127000.0
2024-03-03,Jorge Romero,FINANCIACION PROPIA,CÓRDOBA CAPITAL,5.0,36.4,MINIMALISTA,E.E,LLAVE EN MANO,LADRILLO,POTABLE,14089000.0
2025-12-01,Elena Romero,NO SABE,SANTIAGO DEL ESTERO,6.0,50.2,AMERICANA,E.E,OBRA GRIS,LADRILLO,NO LE INTERESA,13763000.0
2024-12-25,Pedro Gonzalez,CONTADO,CARLOS PAZ,45.0,50.7,MINIMALISTA,E.E,OBRA GRIS,PIEDRA NATURAL,POTABLE,14344000.0
2025-07-14,Pedro Rodriguez,CONTADO,BUENOS AIRES,16.0,74.2,MINIMALISTA,S.F,LLAVE EN MANO,MADERA,VENDIDO,34750000.0
2024-11-22,Juan Romero,PLAN 36-60,LA PLATA,5.0,86.7,AMERICANA,W.F,LLAVE EN MANO,PIEDRA NATURAL,POTABLE,38017000.0
2026-02-07,Ana Rodriguez,,LA PLATA,28.0,32.6,MINIMALISTA,W.F,LLAVE EN MANO,LADRILLO,NO LE INTERESA,14524000.0
2026-01-05,Maria Gonzalez,FINANCIACION PROPIA,LA PLATA,40.0,94.9,CABAÑA,E.E,OBRA GRIS,MADERA,POTABLE,27772000.0
2024-05-20,Luis Martinez,CONTADO,SANTIAGO DEL ESTERO,20.0,39.4,AMERICANA,W.F,OBRA GRIS,PIEDRA NATURAL,POTABLE,12874000.0
2024-08-02,Juan Sanchez,CONTADO,CARLOS PAZ,64.0,58.5,AMERICANA,S.F,OBRA GRIS,PIEDRA NATURAL,POTABLE,20580000.0
2025-03-10,Jorge Perez,CONTADO,MENDIOLAZA,52.0,65.2,AMERICANA,W.F,OBRA GRIS,PIEDRA NATURAL,NO LE INTERESA,20421000.0
2025-12-23,Ana Gonzalez,CONTADO,CARLOS PAZ,20.0,103.9,AMERICANA,E.E,LLAVE EN MANO,PIEDRA NATURAL,POTABLE,40995000.0
2024-11-13,Diego Rodriguez,CONTADO,SANTIAGO DEL ESTERO,70.0,44.2,CABAÑA,E.E,LLAVE EN MANO,LADRILLO,NO LE INTERESA,18179000.0
2024-02-01,Lucia Lopez,CONTADO,MENDIOLAZA,52.0,20.0,AMERICANA,W.F,LLAVE EN MANO,LADRILLO,POTABLE,9154000.0
2025-10-31,Maria Lopez,FINANCIACION PROPIA,CÓRDOBA CAPITAL,51.0,84.8,CABAÑA,E.E,LLAVE EN MANO,LADRILLO,POTABLE,32201000.0
2024-10-11,Elena Gonzalez,CONTADO,ALTA GRACIA,40.0,38.3,AMERICANA,S.F,LLAVE EN MANO,LADRILLO,POTABLE,19763000.0
2024-10-31,Maria Rodriguez,NO SABE,CÓRDOBA CAPITAL,5.0,47.8,AMERICANA,S.F,LLAVE EN MANO,MADERA,NO LE INTERESA,23427000.0
2025-03-04,Ana Martinez,CONTADO,LA PLATA,60.0,32.6,MINIMALISTA,S.F,LLAVE EN MANO,MADERA,POTABLE,15774000.0
2025-04-21,Lucia Gonzalez,PLAN 36-60,CÓRDOBA CAPITAL,24.0,47.8,MINIMALISTA,S.F,OBRA GRIS,MADERA,POTABLE,16772000.0
2024-10-12,Carla Rodriguez,CONTADO,SANTIAGO DEL ESTERO,143.0,38.2,CABAÑA,E.E,OBRA GRIS,PIEDRA NATURAL,NO LE INTERESA,10653000.0
2024-05-23,Lucia Romero,CONTADO,LA PLATA,85.0,68.5,MINIMALISTA,E.E,LLAVE EN MANO,MADERA,POTABLE,25712000.0
2025-02-27,Diego Gonzalez,PLAN 36-60,ALTA GRACIA,44.0,56.6,AMERICANA,W.F,LLAVE EN MANO,LADRILLO,NO LE INTERESA,26578000.0
2024-01-19,Elena Martinez,PLAN 36-60,MENDIOLAZA,15.0,41.4,CABAÑA,E.E,OBRA GRIS,LADRILLO,POTABLE,11532000.0
2024-01-18,Maria Sanchez,FINANCIACION PROPIA,MENDIOLAZA,11.0,74.9,MINIMALISTA,W.F,LLAVE EN MANO,PIEDRA NATURAL,NO LE INTERESA,34636000.0
2026-02-07,Jorge Rodriguez,FINANCIACION PROPIA,LA PLATA,21.0,60.1,AMERICANA,E.E,OBRA GRIS,MADERA,VENDIDO,17654000.0
2025-08-12,Juan Romero,PLAN 36-60,BUENOS AIRES,32.0,20.0,MINIMALISTA,W.F,OBRA GRIS,PIEDRA NATURAL,POTABLE,6574000.0
2025-01-05,Elena Sanchez,PLAN 36-60,BUENOS AIRES,18.0,73.4,MINIMALISTA,W.F,LLAVE EN MANO,PIEDRA NATURAL,POTABLE,33750000.0
2024-06-23,Jorge Garcia,FINANCIACION PROPIA,CÓRDOBA CAPITAL,36.0,58.7,MINIMALISTA,S.F,OBRA GRIS,MADERA,NO LE INTERESA,21512000.0
2024-07-12,Diego Rodriguez,PLAN 36-60,BUENOS AIRES,9.0,82.8,MINIMALISTA,W.F,OBRA GRIS,PIEDRA NATURAL,NO LE INTERESA,26719000.0
2025-05-16,Carla Gonzalez,NO SABE,CARLOS PAZ,190.0,57.5,AMERICANA,W.F,OBRA GRIS,MADERA,NO LE INTERESA,18461000.0
2024-04-22,Luis Garcia,FINANCIACION PROPIA,CARLOS PAZ,6.0,39.2,MINIMALISTA,W.F,LLAVE EN MANO,MADERA,NO LE INTERESA,18425000.0
2024-04-23,Maria Rodriguez,CONTADO,MENDIOLAZA,134.0,50.9,CABAÑA,W.F,LLAVE EN MANO,PIEDRA NATURAL,POTABLE,22149000.0
2024-08-09,Elena Rodriguez,CONTADO,CARLOS PAZ,122.0,71.1,CABAÑA,W.F,OBRA GRIS,LADRILLO,NO LE INTERESA,22419000.0
2025-11-08,Carla Lopez,PLAN 36-60,LA PLATA,37.0,39.6,MINIMALISTA,S.F,LLAVE EN MANO,MADERA,NO LE INTERESA,19151000.0
2025-10-05,Juan Lopez,FINANCIACION PROPIA,CARLOS PAZ,65.0,46.2,CABAÑA,W.F,OBRA GRIS,LADRILLO,NO LE INTERESA,15396000.0
2024-09-20,Ana Martinez,PLAN 36-60,SANTIAGO DEL ESTERO,29.0,50.6,MINIMALISTA,W.F,OBRA GRIS,LADRILLO,VENDIDO,16997000.0
2024-02-24,Elena Lopez,FINANCIACION PROPIA,MENDIOLAZA,50.0,32.0,AMERICANA,W.F,LLAVE EN MANO,MADERA,NO LE INTERESA,14431000.0
2025-10-04,Luis Rodriguez,CONTADO,ALTA GRACIA,21.0,39.9,AMERICANA,E.E,OBRA GRIS,LADRILLO,NO LE INTERESA,10964000.0
2026-02-16,Maria Sanchez,CONTADO,CARLOS PAZ,18.0,58.5,CABAÑA,E.E,OBRA GRIS,PIEDRA NATURAL,VENDIDO,16166000.0
2025-04-02,Diego Sanchez,CONTADO,SANTIAGO DEL ESTERO,43.0,79.0,CABAÑA,S.F,OBRA GRIS,PIEDRA NATURAL,POTABLE,28148000.0
2024-06-10,Carla Romero,PLAN 36-60,SANTIAGO DEL ESTERO,34.0,61.3,MINIMALISTA,W.F,OBRA GRIS,LADRILLO,POTABLE,19113000.0
2025-01-14,Juan Martinez,PLAN 36-60,LA PLATA,43.0,54.1,MINIMALISTA,W.F,OBRA GRIS,PIEDRA NATURAL,POTABLE,17568000.0
2024-03-27,Pedro Garcia,CONTADO,MENDIOLAZA,17.0,38.4,MINIMALISTA,E.E,OBRA GRIS,MADERA,VENDIDO,10873000.0
2024-02-24,Elena Garcia,PLAN 36-60,LA PLATA,23.0,76.9,AMERICANA,W.F,OBRA GRIS,MADERA,NO LE INTERESA,25312000.0
2025-04-20,Maria Romero,CONTADO,ALTA GRACIA,5.0,63.7,MINIMALISTA,S.F,LLAVE EN MANO,LADRILLO,POTABLE,31545000.0
2024-06-26,Diego Garcia,CONTADO,ALTA GRACIA,5.0,40.9,AMERICANA,W.F,LLAVE EN MANO,PIEDRA NATURAL,POTABLE,17702000.0
2025-01-25,Elena Martinez,FINANCIACION PROPIA,CÓRDOBA CAPITAL,15.0,73.0,CABAÑA,S.F,OBRA GRIS,LADRILLO,POTABLE,26055000.0
2024-12-14,Ana Martinez,CONTADO,ALTA GRACIA,5.0,66.2,AMERICANA,E.E,LLAVE EN MANO,PIEDRA NATURAL,POTABLE,24716000.0
2024-01-08,Diego Garcia,,MENDIOLAZA,5.0,38.7,CABAÑA,S.F,OBRA GRIS,MADERA,VENDIDO,13404000.0
2024-11-08,Elena Martinez,FINANCIACION PROPIA,BUENOS AIRES,84.0,53.0,AMERICANA,S.F,OBRA GRIS,PIEDRA NATURAL,NO LE INTERESA,18521000.0
2026-01-28,Jorge Rodriguez,FINANCIACION PROPIA,BUENOS AIRES,5.0,45.1,AMERICANA,S.F,OBRA GRIS,PIEDRA NATURAL,VENDIDO,15187000.0
2025-03-18,Juan Sanchez,CONTADO,MENDIOLAZA,54.0,107.7,MINIMALISTA,S.F,OBRA GRIS,LADRILLO,NO LE INTERESA,35924000.0
2026-02-05,Carla Martinez,PLAN 36-60,LA PLATA,16.0,65.6,CABAÑA,S.F,LLAVE EN MANO,MADERA,NO LE INTERESA,30789000.0
2024-11-23,Pedro Garcia,FINANCIACION PROPIA,SANTIAGO DEL ESTERO,103.0,58.7,AMERICANA,S.F,OBRA GRIS,PIEDRA NATURAL,NO LE INTERESA,20588000.0
2024-02-23,Luis Rodriguez,FINANCIACION PROPIA,CÓRDOBA CAPITAL,33.0,64.5,AMERICANA,S.F,OBRA GRIS,MADERA,NO LE INTERESA,22037000.0
2026-01-30,Ana Gonzalez,FINANCIACION PROPIA,BUENOS AIRES,18.0,82.6,CABAÑA,S.F,LLAVE EN MANO,PIEDRA NATURAL,VENDIDO,38755000.0
2024-08-26,Juan Garcia,CONTADO,BUENOS AIRES,36.0,53.3,AMERICANA,S.F,LLAVE EN MANO,MADERA,VENDIDO,25533000.0
2024-08-16,Luis Perez,CONTADO,ALTA GRACIA,24.0,43.2,CABAÑA,E.E,LLAVE EN MANO,PIEDRA NATURAL,NO LE INTERESA,17019000.0
2025-08-01,Luis Rodriguez,PLAN 36-60,SANTIAGO DEL ESTERO,42.0,71.9,CABAÑA,S.F,LLAVE EN MANO,MADERA,POTABLE,36149000.0
2024-02-20,Jorge Gonzalez,FINANCIACION PROPIA,LA PLATA,6.0,51.5,CABAÑA,S.F,LLAVE EN MANO,PIEDRA NATURAL,NO LE INTERESA,25022000.0
2025-08-31,Luis Rodriguez,CONTADO,CARLOS PAZ,290.0,33.6,AMERICANA,W.F,LLAVE EN MANO,MADERA,POTABLE,15758000.0
2025-08-26,Jorge Lopez,CONTADO,CÓRDOBA CAPITAL,28.0,29.7,AMERICANA,W.F,OBRA GRIS,PIEDRA NATURAL,POTABLE,9698000.0
2024-09-20,Luis Sanchez,FINANCIACION PROPIA,MENDIOLAZA,21.0,85.6,MINIMALISTA,W.F,OBRA GRIS,PIEDRA NATURAL,POTABLE,28688000.0
2025-02-21,Luis Rodriguez,CONTADO,SANTIAGO DEL ESTERO,62.0,57.6,CABAÑA,S.F,LLAVE EN MANO,MADERA,POTABLE,27409000.0
2024-04-05,Ana Lopez,CONTADO,LA PLATA,23.0,43.2,AMERICANA,E.E,LLAVE EN MANO,LADRILLO,NO LE INTERESA,16929000.0
2024-03-28,Maria Gonzalez,CONTADO,LA PLATA,90.0,50.3,AMERICANA,E.E,OBRA GRIS,,POTABLE,14406000.0
2024-03-18,Elena Gonzalez,CONTADO,CÓRDOBA CAPITAL,30.0,71.1,CABAÑA,W.F,LLAVE EN MANO,PIEDRA NATURAL,NO LE INTERESA,32160000.0
2024-10-14,Maria Rodriguez,PLAN 36-60,CÓRDOBA CAPITAL,64.0,49.1,CABAÑA,W.F,LLAVE EN MANO,LADRILLO,POTABLE,22120000.0
2024-04-29,Jorge Rodriguez,CONTADO,ALTA GRACIA,6.0,26.0,CABAÑA,S.F,LLAVE EN MANO,PIEDRA NATURAL,NO LE INTERESA,13353000.0
2025-05-05,Carla Romero,CONTADO,ALTA GRACIA,94.0,61.5,MINIMALISTA,E.E,OBRA GRIS,MADERA,NO LE INTERESA,18128000.0
2025-03-27,Jorge Sanchez,CONTADO,MENDIOLAZA,67.0,79.2,MINIMALISTA,E.E,LLAVE EN MANO,LADRILLO,POTABLE,31494000.0
2025-05-14,Lucia Gonzalez,CONTADO,MENDIOLAZA,12.0,77.8,MINIMALISTA,W.F,OBRA GRIS,PIEDRA NATURAL,NO LE INTERESA,24918000.0
2024-06-13,Luis Perez,PLAN 36-60,CÓRDOBA CAPITAL,8.0,43.8,CABAÑA,E.E,OBRA GRIS,MADERA,NO LE INTERESA,12590000.0
2024-06-30,Juan Gonzalez,CONTADO,CÓRDOBA CAPITAL,19.0,80.4,AMERICANA,W.F,OBRA GRIS,MADERA,NO LE INTERESA,25951000.0
2025-04-13,Lucia Rodriguez,PLAN 36-60,SANTIAGO DEL ESTERO,187.0,59.3,CABAÑA,W.F,LLAVE EN MANO,LADRILLO,NO LE INTERESA,28352000.0
2026-01-04,Carla Perez,CONTADO,ALTA GRACIA,15.0,79.8,AMERICANA,S.F,LLAVE EN MANO,LADRILLO,NO LE INTERESA,39852000.0
2024-01-07,Jorge Gonzalez,CONTADO,LA PLATA,30.0,66.5,MINIMALISTA,W.F,OBRA GRIS,LADRILLO,POTABLE,20531000.0
2024-11-25,Pedro Rodriguez,CONTADO,BUENOS AIRES,5.0,24.6,MINIMALISTA,S.F,OBRA GRIS,MADERA,NO LE INTERESA,8533000.0
2026-02-13,Elena Gonzalez,CONTADO,BUENOS AIRES,25.0,89.9,MINIMALISTA,E.E,LLAVE EN MANO,PIEDRA NATURAL,NO LE INTERESA,36091000.0
2025-11-03,Jorge Perez,PLAN 36-60,BUENOS AIRES,42.0,56.0,AMERICANA,E.E,OBRA GRIS,MADERA,POTABLE,16282000.0
2024-05-30,Lucia Romero,PLAN 36-60,ALTA GRACIA,153.0,66.5,AMERICANA,W.F,LLAVE EN MANO,MADERA,NO LE INTERESA,31154000.0
2024-03-25,Diego Gonzalez,FINANCIACION PROPIA,ALTA GRACIA,36.0,28.1,CABAÑA,W.F,OBRA GRIS,LADRILLO,NO LE INTERESA,9537000.0
2024-05-26,Maria Perez,CONTADO,CÓRDOBA CAPITAL,85.0,65.1,CABAÑA,S.F,LLAVE EN MANO,PIEDRA NATURAL,POTABLE,31992000.0
2025-09-15,Elena Rodriguez,CONTADO,BUENOS AIRES,40.0,77.1,CABAÑA,S.F,LLAVE EN MANO,MADERA,NO LE INTERESA,36477000.0
2025-01-15,Luis Martinez,CONTADO,CÓRDOBA CAPITAL,5.0,93.7,MINIMALISTA,E.E,OBRA GRIS,LADRILLO,NO LE INTERESA,26643000.0
2025-07-01,Diego Martinez,FINANCIACION PROPIA,ALTA GRACIA,19.0,83.0,CABAÑA,E.E,OBRA GRIS,LADRILLO,POTABLE,22270000.0
2024-10-11,Diego Lopez,CONTADO,CARLOS PAZ,43.0,66.1,MINIMALISTA,W.F,LLAVE EN MANO,PIEDRA NATURAL,NO LE INTERESA,31276000.0
2025-11-30,Maria Sanchez,PLAN 36-60,CARLOS PAZ,150.0,24.1,AMERICANA,W.F,OBRA GRIS,PIEDRA NATURAL,NO LE INTERESA,8192000.0
2024-03-22,Carla Sanchez,CONTADO,MENDIOLAZA,98.0,57.6,MINIMALISTA,S.F,OBRA GRIS,LADRILLO,POTABLE,21286000.0
2025-05-28,Lucia Martinez,CONTADO,ALTA GRACIA,13.0,43.1,MINIMALISTA,W.F,OBRA GRIS,PIEDRA NATURAL,NO LE INTERESA,13727000.0
2025-12-09,Juan Romero,NO SABE,BUENOS AIRES,12.0,59.7,MINIMALISTA,S.F,LLAVE EN MANO,PIEDRA NATURAL,NO LE INTERESA,27854000.0
2025-06-06,Lucia Lopez,,CARLOS PAZ,11.0,30.7,AMERICANA,E.E,OBRA GRIS,MADERA,NO LE INTERESA,8631000.0
2026-01-15,Pedro Gonzalez,FINANCIACION PROPIA,MENDIOLAZA,128.0,50.8,AMERICANA,E.E,OBRA GRIS,PIEDRA NATURAL,POTABLE,13870000.0
2025-01-20,Pedro Sanchez,,MENDIOLAZA,96.0,44.7,CABAÑA,W.F,OBRA GRIS,LADRILLO,NO LE INTERESA,14799000.0
2025-12-07,Luis Sanchez,PLAN 36-60,ALTA GRACIA,75.0,44.0,CABAÑA,S.F,OBRA GRIS,PIEDRA NATURAL,NO LE INTERESA,15509000.0
2025-04-15,Lucia Garcia,CONTADO,MENDIOLAZA,25.0,44.2,CABAÑA,W.F,LLAVE EN MANO,MADERA,VENDIDO,20469000.0
2024-04-28,Maria Rodriguez,PLAN 36-60,CÓRDOBA CAPITAL,35.0,52.3,AMERICANA,W.F,OBRA GRIS,PIEDRA NATURAL,VENDIDO,16540000.0
2025-01-30,Ana Garcia,CONTADO,CÓRDOBA CAPITAL,31.0,60.7,AMERICANA,S.F,LLAVE EN MANO,MADERA,POTABLE,30770000.0
2025-06-15,Maria Martinez,PLAN 36-60,CÓRDOBA CAPITAL,15.0,20.0,AMERICANA,W.F,LLAVE EN MANO,PIEDRA NATURAL,POTABLE,9175000.0
2024-09-17,Jorge Sanchez,PLAN 36-60,LA PLATA,35.0,20.0,AMERICANA,S.F,OBRA GRIS,PIEDRA NATURAL,POTABLE,7396000.0
2024-09-12,Elena Romero,FINANCIACION PROPIA,CÓRDOBA CAPITAL,5.0,48.2,AMERICANA,S.F,OBRA GRIS,LADRILLO,NO LE INTERESA,16335000.0
2026-01-03,Juan Gonzalez,PLAN 36-60,BUENOS AIRES,7.0,51.0,MINIMALISTA,W.F,LLAVE EN MANO,LADRILLO,NO LE INTERESA,21969000.0
2024-08-13,Luis Garcia,PLAN 36-60,CÓRDOBA CAPITAL,109.0,58.8,CABAÑA,S.F,OBRA GRIS,PIEDRA NATURAL,NO LE INTERESA,21472000.0
2024-02-22,Ana Rodriguez,CONTADO,ALTA GRACIA,70.0,40.4,MINIMALISTA,E.E,OBRA GRIS,PIEDRA NATURAL,NO LE INTERESA,11233000.0
2025-05-14,Carla Rodriguez,CONTADO,CARLOS PAZ,27.0,55.2,CABAÑA,E.E,LLAVE EN MANO,MADERA,POTABLE,21530000.0
2025-05-20,Pedro Perez,CONTADO,BUENOS AIRES,36.0,57.5,MINIMALISTA,E.E,OBRA GRIS,MADERA,POTABLE,16842000.0
2024-12-29,Lucia Sanchez,FINANCIACION PROPIA,CARLOS PAZ,23.0,40.3,AMERICANA,E.E,OBRA GRIS,LADRILLO,POTABLE,11251000.0
2024-10-06,Pedro Rodriguez,NO SABE,CÓRDOBA CAPITAL,68.0,75.3,CABAÑA,W.F,OBRA GRIS,PIEDRA NATURAL,NO LE INTERESA,23857000.0
2025-08-15,Carla Perez,CONTADO,CÓRDOBA CAPITAL,77.0,58.5,MINIMALISTA,E.E,LLAVE EN MANO,PIEDRA NATURAL,NO LE INTERESA,22032000.0
2025-12-14,Pedro Romero,CONTADO,CÓRDOBA CAPITAL,72.0,65.9,CABAÑA,E.E,OBRA GRIS,,NO LE INTERESA,18454000.0
2024-06-06,Juan Martinez,PLAN 36-60,MENDIOLAZA,64.0,56.4,AMERICANA,E.E,LLAVE EN MANO,PIEDRA NATURAL,NO LE INTERESA,22549000.0
2025-09-23,Pedro Perez,FINANCIACION PROPIA,ALTA GRACIA,11.0,97.1,AMERICANA,E.E,LLAVE EN MANO,PIEDRA NATURAL,VENDIDO,37201000.0
2024-02-28,Pedro Garcia,PLAN 36-60,ALTA GRACIA,21.0,66.9,CABAÑA,W.F,LLAVE EN MANO,PIEDRA NATURAL,POTABLE,30847000.0
2025-12-27,Diego Perez,CONTADO,ALTA GRACIA,32.0,45.2,CABAÑA,E.E,OBRA GRIS,MADERA,NO LE INTERESA,12676000.0
2024-05-07,Luis Rodriguez,NO SABE,CARLOS PAZ,20.0,71.4,AMERICANA,S.F,OBRA GRIS,MADERA,POTABLE,25916000.0
2026-01-05,Jorge Gonzalez,FINANCIACION PROPIA,BUENOS AIRES,70.0,22.2,AMERICANA,S.F,LLAVE EN MANO,MADERA,POTABLE,10611000.0
2025-12-21,Diego Garcia,CONTADO,BUENOS AIRES,20.0,57.4,AMERICANA,W.F,LLAVE EN MANO,,VENDIDO,26572000.0
2024-04-24,Ana Garcia,NO SABE,LA PLATA,7.0,61.4,MINIMALISTA,W.F,OBRA GRIS,MADERA,NO LE INTERESA,20637000.0
2024-07-27,Juan Martinez,PLAN 36-60,CARLOS PAZ,25.0,57.6,CABAÑA,W.F,OBRA GRIS,LADRILLO,POTABLE,19033000.0
2025-06-09,Carla Rodriguez,,ALTA GRACIA,195.0,48.3,AMERICANA,E.E,LLAVE EN MANO,LADRILLO,POTABLE,19045000.0
2025-06-04,Lucia Gonzalez,PLAN 36-60,SANTIAGO DEL ESTERO,13.0,34.8,CABAÑA,W.F,OBRA GRIS,MADERA,POTABLE,10923000.0
2025-07-05,Pedro Rodriguez,FINANCIACION PROPIA,LA PLATA,47.0,39.2,MINIMALISTA,E.E,LLAVE EN MANO,MADERA,POTABLE,14817000.0
2024-08-24,Lucia Sanchez,PLAN 36-60,CÓRDOBA CAPITAL,28.0,57.0,MINIMALISTA,W.F,LLAVE EN MANO,PIEDRA NATURAL,NO LE INTERESA,26104000.0
2024-10-07,Jorge Romero,CONTADO,MENDIOLAZA,5.0,32.7,AMERICANA,S.F,OBRA GRIS,MADERA,NO LE INTERESA,11043000.0
2024-12-24,Ana Romero,NO SABE,CARLOS PAZ,33.0,90.4,CABAÑA,S.F,OBRA GRIS,MADERA,NO LE INTERESA,32762000.0
2024-07-19,Maria Perez,CONTADO,MENDIOLAZA,61.0,,MINIMALISTA,E.E,OBRA GRIS,LADRILLO,POTABLE,5954000.0
2026-01-27,Maria Rodriguez,FINANCIACION PROPIA,LA PLATA,36.0,48.5,CABAÑA,W.F,LLAVE EN MANO,LADRILLO,POTABLE,21120000.0
2024-10-04,Carla Sanchez,PLAN 36-60,BUENOS AIRES,103.0,57.2,CABAÑA,S.F,OBRA GRIS,LADRILLO,POTABLE,19924000.0
2024-08-22,Carla Rodriguez,CONTADO,SANTIAGO DEL ESTERO,17.0,65.1,AMERICANA,E.E,OBRA GRIS,LADRILLO,NO LE INTERESA,19052000.0
2025-05-08,Ana Lopez,CONTADO,LA PLATA,5.0,36.7,MINIMALISTA,S.F,LLAVE EN MANO,MADERA,VENDIDO,17938000.0
2024-01-04,Ana Gonzalez,FINANCIACION PROPIA,CARLOS PAZ,138.0,77.7,MINIMALISTA,W.F,LLAVE EN MANO,LADRILLO,POTABLE,35359000.0
2025-10-27,Diego Perez,PLAN 36-60,ALTA GRACIA,24.0,27.1,MINIMALISTA,E.E,OBRA GRIS,PIEDRA NATURAL,POTABLE,7813000.0
2025-03-17,Jorge Sanchez,PLAN 36-60,CÓRDOBA CAPITAL,43.0,43.7,CABAÑA,S.F,OBRA GRIS,PIEDRA NATURAL,POTABLE,14915000.0
2024-01-29,Maria Romero,PLAN 36-60,ALTA GRACIA,79.0,67.4,MINIMALISTA,W.F,LLAVE EN MANO,MADERA,POTABLE,31964000.0
2024-04-18,Pedro Garcia,FINANCIACION PROPIA,ALTA GRACIA,20.0,75.8,MINIMALISTA,E.E,LLAVE EN MANO,PIEDRA NATURAL,POTABLE,30579000.0
2025-09-01,Elena Martinez,PLAN 36-60,CARLOS PAZ,63.0,26.9,CABAÑA,S.F,OBRA GRIS,LADRILLO,VENDIDO,9187000.0
2025-12-27,Ana Sanchez,CONTADO,ALTA GRACIA,7.0,107.9,MINIMALISTA,S.F,OBRA GRIS,LADRILLO,NO LE INTERESA,36306000.0
2024-03-15,Pedro Rodriguez,CONTADO,ALTA GRACIA,17.0,37.1,MINIMALISTA,E.E,LLAVE EN MANO,PIEDRA NATURAL,POTABLE,15202000.0
2024-05-25,Carla Romero,FINANCIACION PROPIA,CARLOS PAZ,8.0,28.8,CABAÑA,W.F,OBRA GRIS,MADERA,POTABLE,9457000.0
2024-05-07,Elena Gonzalez,PLAN 36-60,CARLOS PAZ,83.0,65.1,MINIMALISTA,E.E,LLAVE EN MANO,LADRILLO,POTABLE,24460000.0
2024-02-11,Jorge Sanchez,CONTADO,SANTIAGO DEL ESTERO,13.0,48.0,AMERICANA,S.F,LLAVE EN MANO,LADRILLO,POTABLE,22697000.0
2024-12-21,Ana Lopez,NO SABE,ALTA GRACIA,63.0,45.1,CABAÑA,S.F,OBRA GRIS,,NO LE INTERESA,15161000.0
2024-02-10,Elena Martinez,FINANCIACION PROPIA,LA PLATA,143.0,66.9,MINIMALISTA,S.F,OBRA GRIS,MADERA,NO LE INTERESA,24750000.0
2024-02-03,Pedro Romero,CONTADO,BUENOS AIRES,38.0,24.5,AMERICANA,W.F,LLAVE EN MANO,MADERA,NO LE INTERESA,11099000.0
2024-01-17,Pedro Martinez,,CÓRDOBA CAPITAL,39.0,21.0,CABAÑA,S.F,LLAVE EN MANO,PIEDRA NATURAL,NO LE INTERESA,10309000.0
2025-11-07,Jorge Martinez,PLAN 36-60,MENDIOLAZA,31.0,,MINIMALISTA,S.F,LLAVE EN MANO,LADRILLO,NO LE INTERESA,22130000.0
2024-06-01,Jorge Martinez,CONTADO,CÓRDOBA CAPITAL,20.0,76.6,CABAÑA,E.E,OBRA GRIS,PIEDRA NATURAL,POTABLE,21488000.0
2025-01-12,Elena Gonzalez,CONTADO,CARLOS PAZ,32.0,43.9,AMERICANA,S.F,LLAVE EN MANO,PIEDRA NATURAL,POTABLE,21597000.0
2025-08-10,Diego Perez,PLAN 36-60,MENDIOLAZA,46.0,87.0,CABAÑA,E.E,LLAVE EN MANO,PIEDRA NATURAL,POTABLE,35827000.0
2025-08-21,Luis Garcia,FINANCIACION PROPIA,CARLOS PAZ,213.0,79.0,MINIMALISTA,S.F,LLAVE EN MANO,LADRILLO,NO LE INTERESA,37513000.0
2025-09-20,Maria Lopez,CONTADO,BUENOS AIRES,139.0,60.7,AMERICANA,E.E,OBRA GRIS,LADRILLO,NO LE INTERESA,18040000.0
2024-12-07,Luis Perez,CONTADO,BUENOS AIRES,99.0,61.8,CABAÑA,E.E,LLAVE EN MANO,PIEDRA NATURAL,NO LE INTERESA,23559000.0
2024-01-27,Diego Rodriguez,CONTADO,SANTIAGO DEL ESTERO,110.0,60.6,MINIMALISTA,E.E,OBRA GRIS,MADERA,NO LE INTERESA,17087000.0
2024-10-13,Elena Garcia,PLAN 36-60,ALTA GRACIA,32.0,58.2,MINIMALISTA,E.E,OBRA GRIS,PIEDRA NATURAL,NO LE INTERESA,16079000.0
2025-10-07,Carla Rodriguez,CONTADO,CARLOS PAZ,54.0,47.7,AMERICANA,W.F,LLAVE EN MANO,LADRILLO,NO LE INTERESA,22567000.0
2025-12-31,Maria Lopez,CONTADO,BUENOS AIRES,113.0,50.0,AMERICANA,S.F,LLAVE EN MANO,MADERA,NO LE INTERESA,24634000.0
2024-06-16,Juan Garcia,PLAN 36-60,CARLOS PAZ,25.0,33.6,CABAÑA,W.F,LLAVE EN MANO,MADERA,NO LE INTERESA,14460000.0
2025-09-01,Elena Lopez,FINANCIACION PROPIA,CÓRDOBA CAPITAL,163.0,20.0,MINIMALISTA,S.F,OBRA GRIS,LADRILLO,POTABLE,7043000.0
2024-09-24,Ana Gonzalez,PLAN 36-60,ALTA GRACIA,27.0,77.1,AMERICANA,E.E,LLAVE EN MANO,LADRILLO,POTABLE,30054000.0
2026-01-18,Diego Garcia,CONTADO,SANTIAGO DEL ESTERO,46.0,58.1,MINIMALISTA,S.F,OBRA GRIS,PIEDRA NATURAL,POTABLE,20764000.0
2025-03-30,Pedro Perez,PLAN 36-60,BUENOS AIRES,62.0,55.1,CABAÑA,E.E,OBRA GRIS,LADRILLO,NO LE INTERESA,15617000.0
2025-11-15,Pedro Rodriguez,CONTADO,CARLOS PAZ,150.0,63.0,AMERICANA,S.F,OBRA GRIS,MADERA,NO LE INTERESA,23054000.0
2025-02-04,Lucia Gonzalez,NO SABE,CARLOS PAZ,14.0,38.4,CABAÑA,E.E,OBRA GRIS,PIEDRA NATURAL,POTABLE,11127000.0
2025-04-20,Juan Martinez,FINANCIACION PROPIA,CARLOS PAZ,69.0,35.0,CABAÑA,S.F,OBRA GRIS,PIEDRA NATURAL,NO LE INTERESA,12465000.0
2025-12-02,Maria Garcia,CONTADO,CÓRDOBA CAPITAL,37.0,49.3,AMERICANA,S.F,OBRA GRIS,MADERA,NO LE INTERESA,17434000.0
2025-09-25,Carla Garcia,CONTADO,BUENOS AIRES,16.0,82.4,CABAÑA,S.F,LLAVE EN MANO,,VENDIDO,39504000.0
2025-07-11,Diego Gonzalez,PLAN 36-60,CARLOS PAZ,75.0,31.6,MINIMALISTA,E.E,LLAVE EN MANO,PIEDRA NATURAL,NO LE INTERESA,13072000.0
2025-07-29,Pedro Martinez,PLAN 36-60,CARLOS PAZ,40.0,20.0,AMERICANA,S.F,OBRA GRIS,MADERA,VENDIDO,6761000.0
2024-05-09,Lucia Rodriguez,PLAN 36-60,CÓRDOBA CAPITAL,54.0,44.6,MINIMALISTA,E.E,OBRA GRIS,MADERA,POTABLE,12440000.0
2024-12-28,Ana Garcia,FINANCIACION PROPIA,CARLOS PAZ,19.0,77.9,CABAÑA,W.F,LLAVE EN MANO,MADERA,VENDIDO,35711000.0
2025-12-05,Luis Perez,FINANCIACION PROPIA,ALTA GRACIA,33.0,20.3,AMERICANA,S.F,LLAVE EN MANO,LADRILLO,POTABLE,10442000.0
2025-11-23,Carla Gonzalez,PLAN 36-60,ALTA GRACIA,48.0,31.4,MINIMALISTA,E.E,LLAVE EN MANO,LADRILLO,NO LE INTERESA,12383000.0
2024-10-18,Elena Martinez,FINANCIACION PROPIA,CÓRDOBA CAPITAL,26.0,60.3,MINIMALISTA,E.E,LLAVE EN MANO,LADRILLO,POTABLE,24614000.0
2025-01-05,Diego Sanchez,FINANCIACION PROPIA,ALTA GRACIA,11.0,106.4,MINIMALISTA,E.E,OBRA GRIS,,NO LE INTERESA,28630000.0
2024-01-29,Juan Rodriguez,FINANCIACION PROPIA,MENDIOLAZA,163.0,27.8,MINIMALISTA,W.F,LLAVE EN MANO,MADERA,VENDIDO,12817000.0
2024-05-28,Diego Romero,NO SABE,MENDIOLAZA,36.0,27.1,MINIMALISTA,E.E,OBRA GRIS,PIEDRA NATURAL,NO LE INTERESA,7501000.0
2026-02-17,Ana Perez,CONTADO,MENDIOLAZA,66.0,61.8,CABAÑA,W.F,OBRA GRIS,MADERA,NO LE INTERESA,20590000.0
2024-10-22,Elena Romero,CONTADO,SANTIAGO DEL ESTERO,26.0,79.1,CABAÑA,W.F,LLAVE EN MANO,PIEDRA NATURAL,NO LE INTERESA,35501000.0
2024-01-11,Pedro Sanchez,FINANCIACION PROPIA,CARLOS PAZ,22.0,42.5,CABAÑA,E.E,LLAVE EN MANO,PIEDRA NATURAL,POTABLE,16652000.0
2025-05-26,Pedro Lopez,FINANCIACION PROPIA,SANTIAGO DEL ESTERO,26.0,22.6,CABAÑA,S.F,OBRA GRIS,PIEDRA NATURAL,NO LE INTERESA,7603000.0
2025-11-06,Diego Martinez,NO SABE,ALTA GRACIA,26.0,63.7,CABAÑA,W.F,OBRA GRIS,LADRILLO,POTABLE,20423000.0
2024-04-22,Lucia Lopez,CONTADO,CÓRDOBA CAPITAL,39.0,67.3,CABAÑA,E.E,OBRA GRIS,MADERA,NO LE INTERESA,18110000.0
2024-07-05,Maria Martinez,PLAN 36-60,MENDIOLAZA,39.0,90.6,CABAÑA,W.F,OBRA GRIS,PIEDRA NATURAL,NO LE INTERESA,28646000.0
2026-01-13,Carla Romero,,CÓRDOBA CAPITAL,34.0,68.1,MINIMALISTA,E.E,LLAVE EN MANO,MADERA,VENDIDO,25748000.0
2024-08-14,Ana Romero,PLAN 36-60,SANTIAGO DEL ESTERO,7.0,71.6,CABAÑA,E.E,LLAVE EN MANO,LADRILLO,NO LE INTERESA,27613000.0
2024-11-05,Maria Martinez,CONTADO,ALTA GRACIA,34.0,49.8,MINIMALISTA,W.F,LLAVE EN MANO,PIEDRA NATURAL,NO LE INTERESA,21887000.0
2024-04-07,Maria Perez,CONTADO,BUENOS AIRES,9.0,103.8,AMERICANA,E.E,LLAVE EN MANO,LADRILLO,NO LE INTERESA,39829000.0
2024-02-24,Maria Rodriguez,CONTADO,CARLOS PAZ,7.0,47.0,CABAÑA,W.F,LLAVE EN MANO,LADRILLO,NO LE INTERESA,20453000.0
2025-09-14,Juan Martinez,PLAN 36-60,BUENOS AIRES,135.0,42.8,MINIMALISTA,E.E,OBRA GRIS,,POTABLE,12113000.0
2025-10-25,Maria Garcia,CONTADO,ALTA GRACIA,46.0,91.2,AMERICANA,S.F,OBRA GRIS,,NO LE INTERESA,31981000.0
2026-01-27,Jorge Romero,CONTADO,MENDIOLAZA,54.0,25.5,AMERICANA,S.F,LLAVE EN MANO,LADRILLO,POTABLE,12999000.0
2025-02-09,Diego Perez,CONTADO,ALTA GRACIA,26.0,20.0,MINIMALISTA,W.F,LLAVE EN MANO,MADERA,NO LE INTERESA,9090000.0
2024-03-09,Pedro Perez,CONTADO,CÓRDOBA CAPITAL,120.0,57.4,MINIMALISTA,W.F,OBRA GRIS,PIEDRA NATURAL,NO LE INTERESA,18157000.0
2024-11-07,Diego Garcia,NO SABE,LA PLATA,51.0,55.0,MINIMALISTA,W.F,OBRA GRIS,PIEDRA NATURAL,VENDIDO,18206000.0
2024-10-15,Jorge Martinez,CONTADO,MENDIOLAZA,73.0,50.4,CABAÑA,W.F,LLAVE EN MANO,LADRILLO,NO LE INTERESA,22367000.0
2026-01-31,Carla Perez,CONTADO,BUENOS AIRES,23.0,74.9,AMERICANA,S.F,LLAVE EN MANO,LADRILLO,POTABLE,37677000.0
2025-07-01,Pedro Martinez,FINANCIACION PROPIA,CARLOS PAZ,161.0,36.8,CABAÑA,W.F,OBRA GRIS,LADRILLO,POTABLE,11955000.0
2026-01-20,Elena Lopez,PLAN 36-60,MENDIOLAZA,86.0,56.3,CABAÑA,E.E,LLAVE EN MANO,LADRILLO,POTABLE,22229000.0
2024-05-27,Carla Garcia,FINANCIACION PROPIA,MENDIOLAZA,96.0,47.8,CABAÑA,E.E,LLAVE EN MANO,PIEDRA NATURAL,VENDIDO,18889000.0
2025-04-11,Lucia Romero,PLAN 36-60,CARLOS PAZ,9.0,37.2,AMERICANA,W.F,OBRA GRIS,LADRILLO,POTABLE,12538000.0
2026-01-08,Jorge Perez,NO SABE,BUENOS AIRES,16.0,,AMERICANA,E.E,OBRA GRIS,LADRILLO,VENDIDO,14565000.0
2024-08-31,Juan Lopez,CONTADO,MENDIOLAZA,17.0,72.1,AMERICANA,W.F,OBRA GRIS,LADRILLO,VENDIDO,24261000.0
2025-05-05,Juan Sanchez,NO SABE,CÓRDOBA CAPITAL,16.0,97.4,MINIMALISTA,E.E,LLAVE EN MANO,PIEDRA NATURAL,NO LE INTERESA,38442000.0
2025-05-21,Luis Lopez,FINANCIACION PROPIA,ALTA GRACIA,97.0,,CABAÑA,E.E,OBRA GRIS,MADERA,POTABLE,19721000.0
2024-12-30,Maria Lopez,PLAN 36-60,CÓRDOBA CAPITAL,5.0,20.0,MINIMALISTA,W.F,LLAVE EN MANO,MADERA,POTABLE,9089000.0
2025-04-26,Jorge Lopez,PLAN 36-60,ALTA GRACIA,5.0,54.2,MINIMALISTA,W.F,OBRA GRIS,PIEDRA NATURAL,NO LE INTERESA,17733000.0
2024-07-19,Lucia Gonzalez,PLAN 36-60,LA PLATA,16.0,56.0,CABAÑA,S.F,LLAVE EN MANO,MADERA,NO LE INTERESA,28149000.0
2024-06-02,Pedro Lopez,CONTADO,MENDIOLAZA,11.0,73.7,AMERICANA,W.F,LLAVE EN MANO,PIEDRA NATURAL,VENDIDO,34310000.0
2025-03-25,Maria Gonzalez,CONTADO,LA PLATA,13.0,58.7,CABAÑA,S.F,OBRA GRIS,LADRILLO,POTABLE,20518000.0
2025-05-15,Juan Martinez,NO SABE,SANTIAGO DEL ESTERO,80.0,80.1,MINIMALISTA,W.F,LLAVE EN MANO,MADERA,NO LE INTERESA,36876000.0
2024-03-13,Lucia Garcia,PLAN 36-60,BUENOS AIRES,41.0,62.8,AMERICANA,E.E,LLAVE EN MANO,PIEDRA NATURAL,NO LE INTERESA,24963000.0
2025-12-13,Luis Martinez,CONTADO,ALTA GRACIA,5.0,86.2,AMERICANA,S.F,OBRA GRIS,PIEDRA NATURAL,POTABLE,29897000.0
2024-10-22,Ana Perez,FINANCIACION PROPIA,CÓRDOBA CAPITAL,28.0,46.2,MINIMALISTA,E.E,LLAVE EN MANO,LADRILLO,NO LE INTERESA,18735000.0
2024-01-17,Diego Garcia,PLAN 36-60,CÓRDOBA CAPITAL,26.0,57.9,AMERICANA,W.F,OBRA GRIS,PIEDRA NATURAL,NO LE INTERESA,18108000.0
2025-10-02,Juan Lopez,CONTADO,MENDIOLAZA,6.0,71.5,AMERICANA,W.F,LLAVE EN MANO,MADERA,POTABLE,31168000.0
2024-08-04,Elena Romero,FINANCIACION PROPIA,CÓRDOBA CAPITAL,56.0,43.6,CABAÑA,W.F,OBRA GRIS,LADRILLO,POTABLE,14457000.0
2024-03-01,Ana Perez,FINANCIACION PROPIA,SANTIAGO DEL ESTERO,61.0,39.2,CABAÑA,W.F,OBRA GRIS,PIEDRA NATURAL,NO LE INTERESA,12889000.0
2025-09-07,Elena Sanchez,CONTADO,CARLOS PAZ,64.0,42.4,MINIMALISTA,S.F,LLAVE EN MANO,LADRILLO,NO LE INTERESA,20491000.0
2024-02-11,Diego Romero,NO SABE,CÓRDOBA CAPITAL,65.0,40.0,MINIMALISTA,S.F,OBRA GRIS,PIEDRA NATURAL,POTABLE,14288000.0
2024-01-25,Elena Romero,CONTADO,MENDIOLAZA,5.0,65.5,MINIMALISTA,W.F,OBRA GRIS,MADERA,POTABLE,21670000.0
2024-02-08,Lucia Romero,PLAN 36-60,LA PLATA,154.0,20.0,AMERICANA,E.E,LLAVE EN MANO,MADERA,VENDIDO,7843000.0
2024-05-10,Lucia Perez,CONTADO,BUENOS AIRES,84.0,23.9,MINIMALISTA,S.F,OBRA GRIS,LADRILLO,NO LE INTERESA,8560000.0
2025-05-12,Jorge Lopez,PLAN 36-60,CÓRDOBA CAPITAL,117.0,92.3,CABAÑA,E.E,OBRA GRIS,,NO LE INTERESA,26864000.0
2024-08-16,Carla Gonzalez,CONTADO,CÓRDOBA CAPITAL,5.0,40.5,AMERICANA,W.F,OBRA GRIS,LADRILLO,POTABLE,12933000.0
2024-04-17,Lucia Martinez,CONTADO,CÓRDOBA CAPITAL,136.0,59.0,MINIMALISTA,S.F,OBRA GRIS,,POTABLE,21004000.0
2024-06-20,Ana Gonzalez,FINANCIACION PROPIA,MENDIOLAZA,83.0,,AMERICANA,S.F,LLAVE EN MANO,MADERA,NO LE INTERESA,11947000.0
2025-03-10,Elena Lopez,CONTADO,BUENOS AIRES,91.0,56.9,AMERICANA,S.F,OBRA GRIS,LADRILLO,POTABLE,20714000.0
2025-04-22,Elena Gonzalez,FINANCIACION PROPIA,CARLOS PAZ,5.0,40.6,AMERICANA,E.E,OBRA GRIS,PIEDRA NATURAL,NO LE INTERESA,11712000.0
2024-04-11,Luis Lopez,,CÓRDOBA CAPITAL,67.0,23.7,MINIMALISTA,W.F,OBRA GRIS,MADERA,POTABLE,7698000.0
2025-06-07,Carla Romero,NO SABE,CARLOS PAZ,161.0,81.7,AMERICANA,W.F,LLAVE EN MANO,PIEDRA NATURAL,POTABLE,35660000.0
2024-10-01,Ana Rodriguez,PLAN 36-60,CARLOS PAZ,57.0,78.7,AMERICANA,S.F,LLAVE EN MANO,LADRILLO,NO LE INTERESA,39268000.0
2025-09-04,Maria Martinez,CONTADO,BUENOS AIRES,42.0,52.9,AMERICANA,S.F,OBRA GRIS,MADERA,NO LE INTERESA,18714000.0
2024-02-13,Pedro Rodriguez,CONTADO,BUENOS AIRES,146.0,75.0,CABAÑA,W.F,OBRA GRIS,PIEDRA NATURAL,VENDIDO,25391000.0
2024-01-17,Juan Perez,FINANCIACION PROPIA,SANTIAGO DEL ESTERO,29.0,93.1,MINIMALISTA,E.E,LLAVE EN MANO,PIEDRA NATURAL,VENDIDO,35734000.0
2024-11-25,Lucia Martinez,FINANCIACION PROPIA,LA PLATA,46.0,70.1,CABAÑA,S.F,OBRA GRIS,LADRILLO,NO LE INTERESA,23453000.0
2025-07-22,Luis Rodriguez,CONTADO,CÓRDOBA CAPITAL,32.0,64.6,AMERICANA,E.E,OBRA GRIS,PIEDRA NATURAL,NO LE INTERESA,17691000.0
2025-05-11,Juan Gonzalez,PLAN 36-60,CÓRDOBA CAPITAL,135.0,59.0,AMERICANA,E.E,OBRA GRIS,LADRILLO,POTABLE,16602000.0
2024-01-12,Jorge Romero,PLAN 36-60,CÓRDOBA CAPITAL,5.0,68.0,CABAÑA,W.F,OBRA GRIS,LADRILLO,NO LE INTERESA,21149000.0
2024-11-13,Ana Romero,NO SABE,CARLOS PAZ,35.0,47.7,AMERICANA,W.F,LLAVE EN MANO,LADRILLO,POTABLE,22590000.0
2025-08-14,Elena Romero,NO SABE,BUENOS AIRES,58.0,49.5,CABAÑA,E.E,LLAVE EN MANO,LADRILLO,NO LE INTERESA,18950000.0
2024-08-03,Diego Lopez,NO SABE,ALTA GRACIA,78.0,64.0,AMERICANA,E.E,LLAVE EN MANO,MADERA,NO LE INTERESA,25653000.0
2024-12-04,Diego Garcia,FINANCIACION PROPIA,LA PLATA,44.0,45.5,AMERICANA,W.F,LLAVE EN MANO,PIEDRA NATURAL,NO LE INTERESA,20483000.0
2026-02-14,Carla Gonzalez,NO SABE,MENDIOLAZA,120.0,47.7,AMERICANA,S.F,LLAVE EN MANO,PIEDRA NATURAL,NO LE INTERESA,23683000.0
2025-10-22,Ana Perez,CONTADO,CÓRDOBA CAPITAL,142.0,55.0,AMERICANA,E.E,OBRA GRIS,MADERA,POTABLE,16289000.0
2024-03-21,Elena Rodriguez,FINANCIACION PROPIA,ALTA GRACIA,5.0,78.0,MINIMALISTA,S.F,LLAVE EN MANO,LADRILLO,NO LE INTERESA,38348000.0
2025-12-27,Elena Lopez,FINANCIACION PROPIA,ALTA GRACIA,26.0,32.3,MINIMALISTA,E.E,OBRA GRIS,LADRILLO,NO LE INTERESA,8906000.0
2025-04-29,Maria Rodriguez,NO SABE,BUENOS AIRES,5.0,70.2,MINIMALISTA,W.F,LLAVE EN MANO,LADRILLO,NO LE INTERESA,30770000.0
2025-01-08,Diego Garcia,PLAN 36-60,ALTA GRACIA,20.0,70.8,CABAÑA,S.F,OBRA GRIS,LADRILLO,NO LE INTERESA,25783000.0
2025-12-10,Luis Romero,CONTADO,LA PLATA,38.0,70.7,CABAÑA,W.F,LLAVE EN MANO,MADERA,POTABLE,33483000.0
2024-07-18,Luis Perez,PLAN 36-60,ALTA GRACIA,121.0,38.9,CABAÑA,E.E,LLAVE EN MANO,PIEDRA NATURAL,VENDIDO,15047000.0
2025-06-20,Diego Sanchez,PLAN 36-60,MENDIOLAZA,94.0,21.1,CABAÑA,W.F,OBRA GRIS,LADRILLO,NO LE INTERESA,7089000.0
2025-04-10,Jorge Lopez,CONTADO,CÓRDOBA CAPITAL,7.0,66.2,MINIMALISTA,S.F,OBRA GRIS,LADRILLO,NO LE INTERESA,23194000.0
2024-03-29,Juan Rodriguez,CONTADO,MENDIOLAZA,5.0,58.8,CABAÑA,W.F,OBRA GRIS,LADRILLO,NO LE INTERESA,19317000.0
2024-09-24,Carla Perez,PLAN 36-60,CÓRDOBA CAPITAL,44.0,75.1,CABAÑA,S.F,LLAVE EN MANO,PIEDRA NATURAL,POTABLE,38576000.0
2025-10-16,Elena Rodriguez,CONTADO,SANTIAGO DEL ESTERO,38.0,41.0,CABAÑA,W.F,LLAVE EN MANO,PIEDRA NATURAL,VENDIDO,18125000.0
2025-07-24,Jorge Lopez,CONTADO,CARLOS PAZ,15.0,70.2,AMERICANA,W.F,OBRA GRIS,MADERA,VENDIDO,23170000.0
2025-05-03,Elena Rodriguez,CONTADO,ALTA GRACIA,115.0,,CABAÑA,S.F,LLAVE EN MANO,PIEDRA NATURAL,NO LE INTERESA,37229000.0
2025-06-21,Juan Romero,NO SABE,MENDIOLAZA,131.0,53.1,AMERICANA,S.F,OBRA GRIS,PIEDRA NATURAL,NO LE INTERESA,19068000.0
2024-02-16,Maria Lopez,FINANCIACION PROPIA,CARLOS PAZ,26.0,63.3,CABAÑA,S.F,LLAVE EN MANO,LADRILLO,VENDIDO,30766000.0
2024-10-14,Diego Rodriguez,CONTADO,CARLOS PAZ,111.0,62.6,CABAÑA,E.E,OBRA GRIS,PIEDRA NATURAL,POTABLE,18063000.0
2026-02-16,Luis Rodriguez,FINANCIACION PROPIA,CARLOS PAZ,24.0,38.6,AMERICANA,W.F,OBRA GRIS,LADRILLO,VENDIDO,12263000.0
2024-01-16,Diego Rodriguez,FINANCIACION PROPIA,CARLOS PAZ,67.0,65.6,CABAÑA,S.F,LLAVE EN MANO,MADERA,NO LE INTERESA,32207000.0
2025-12-11,Lucia Romero,CONTADO,CARLOS PAZ,32.0,87.4,AMERICANA,E.E,OBRA GRIS,LADRILLO,NO LE INTERESA,25032000.0
2025-02-04,Lucia Rodriguez,CONTADO,CÓRDOBA CAPITAL,7.0,55.4,CABAÑA,E.E,LLAVE EN MANO,MADERA,NO LE INTERESA,20734000.0
2024-03-26,Jorge Garcia,PLAN 36-60,LA PLATA,132.0,25.8,CABAÑA,S.F,LLAVE EN MANO,PIEDRA NATURAL,NO LE INTERESA,12619000.0
2024-09-06,Juan Perez,PLAN 36-60,ALTA GRACIA,30.0,41.3,AMERICANA,S.F,LLAVE EN MANO,MADERA,NO LE INTERESA,20376000.0
2025-01-25,Elena Rodriguez,FINANCIACION PROPIA,ALTA GRACIA,66.0,20.0,MINIMALISTA,S.F,OBRA GRIS,LADRILLO,NO LE INTERESA,6797000.0
2026-02-20,Carla Perez,PLAN 36-60,CÓRDOBA CAPITAL,23.0,80.8,AMERICANA,E.E,OBRA GRIS,PIEDRA NATURAL,NO LE INTERESA,23119000.0
2024-11-30,Juan Gonzalez,CONTADO,MENDIOLAZA,5.0,70.3,MINIMALISTA,E.E,OBRA GRIS,PIEDRA NATURAL,NO LE INTERESA,20308000.0
2025-09-20,Luis Sanchez,NO SABE,CÓRDOBA CAPITAL,5.0,45.0,AMERICANA,W.F,LLAVE EN MANO,,NO LE INTERESA,19610000.0
2025-06-02,Ana Lopez,CONTADO,BUENOS AIRES,34.0,26.6,MINIMALISTA,E.E,LLAVE EN MANO,PIEDRA NATURAL,NO LE INTERESA,10723000.0
2024-05-16,Luis Martinez,FINANCIACION PROPIA,CARLOS PAZ,59.0,38.3,CABAÑA,S.F,OBRA GRIS,LADRILLO,POTABLE,13691000.0
2025-11-18,Juan Lopez,CONTADO,LA PLATA,20.0,42.2,MINIMALISTA,W.F,LLAVE EN MANO,MADERA,POTABLE,18884000.0
2025-05-12,Carla Sanchez,CONTADO,ALTA GRACIA,59.0,57.2,CABAÑA,W.F,LLAVE EN MANO,MADERA,POTABLE,25007000.0
2025-12-27,Lucia Sanchez,PLAN 36-60,MENDIOLAZA,60.0,56.5,AMERICANA,W.F,LLAVE EN MANO,PIEDRA NATURAL,NO LE INTERESA,26723000.0
2025-04-21,Maria Sanchez,,SANTIAGO DEL ESTERO,61.0,81.8,MINIMALISTA,W.F,OBRA GRIS,LADRILLO,NO LE INTERESA,26336000.0
2025-08-16,Diego Perez,PLAN 36-60,CÓRDOBA CAPITAL,34.0,41.1,CABAÑA,S.F,OBRA GRIS,LADRILLO,NO LE INTERESA,13979000.0
2024-08-10,Jorge Sanchez,CONTADO,SANTIAGO DEL ESTERO,123.0,24.8,AMERICANA,W.F,OBRA GRIS,MADERA,POTABLE,8348000.0
2025-01-06,Lucia Perez,PLAN 36-60,ALTA GRACIA,34.0,31.9,MINIMALISTA,S.F,LLAVE EN MANO,LADRILLO,POTABLE,15851000.0
2025-02-05,Ana Perez,PLAN 36-60,CÓRDOBA CAPITAL,30.0,54.5,CABAÑA,E.E,LLAVE EN MANO,PIEDRA NATURAL,NO LE INTERESA,22086000.0
2025-03-18,Jorge Garcia,CONTADO,ALTA GRACIA,11.0,40.4,MINIMALISTA,S.F,OBRA GRIS,PIEDRA NATURAL,NO LE INTERESA,14859000.0
2025-05-04,Carla Romero,FINANCIACION PROPIA,CÓRDOBA CAPITAL,18.0,49.2,MINIMALISTA,W.F,OBRA GRIS,,NO LE INTERESA,15147000.0
2025-09-06,Lucia Lopez,CONTADO,MENDIOLAZA,5.0,45.9,CABAÑA,E.E,OBRA GRIS,LADRILLO,POTABLE,13167000.0
2024-09-29,Ana Rodriguez,CONTADO,ALTA GRACIA,50.0,74.8,CABAÑA,E.E,LLAVE EN MANO,PIEDRA NATURAL,NO LE INTERESA,30834000.0
2025-06-09,Maria Romero,PLAN 36-60,BUENOS AIRES,14.0,43.3,AMERICANA,E.E,OBRA GRIS,PIEDRA NATURAL,NO LE INTERESA,12191000.0
2024-06-07,Elena Garcia,PLAN 36-60,SANTIAGO DEL ESTERO,18.0,47.5,CABAÑA,W.F,OBRA GRIS,PIEDRA NATURAL,NO LE INTERESA,15652000.0
2024-05-31,Luis Romero,PLAN 36-60,LA PLATA,74.0,69.3,CABAÑA,S.F,OBRA GRIS,LADRILLO,POTABLE,24223000.0
2025-09-11,Carla Martinez,CONTADO,MENDIOLAZA,20.0,43.7,MINIMALISTA,S.F,LLAVE EN MANO,MADERA,POTABLE,21136000.0
2024-07-06,Ana Gonzalez,FINANCIACION PROPIA,BUENOS AIRES,14.0,63.5,CABAÑA,W.F,OBRA GRIS,MADERA,VENDIDO,20870000.0
2024-04-07,Luis Romero,PLAN 36-60,MENDIOLAZA,9.0,61.6,MINIMALISTA,W.F,LLAVE EN MANO,PIEDRA NATURAL,NO LE INTERESA,29139000.0
2024-05-10,Jorge Romero,CONTADO,CÓRDOBA CAPITAL,75.0,57.8,MINIMALISTA,E.E,OBRA GRIS,MADERA,POTABLE,15631000.0
2024-06-19,Jorge Gonzalez,CONTADO,SANTIAGO DEL ESTERO,7.0,,CABAÑA,S.F,LLAVE EN MANO,PIEDRA NATURAL,VENDIDO,15714000.0
2024-07-01,Pedro Perez,,ALTA GRACIA,30.0,79.6,CABAÑA,W.F,OBRA GRIS,PIEDRA NATURAL,POTABLE,26808000.0
2024-12-29,Pedro Garcia,PLAN 36-60,SANTIAGO DEL ESTERO,35.0,99.4,CABAÑA,W.F,OBRA GRIS,,NO LE INTERESA,30818000.0
2024-02-08,Elena Gonzalez,CONTADO,MENDIOLAZA,58.0,55.2,CABAÑA,S.F,LLAVE EN MANO,PIEDRA NATURAL,POTABLE,27545000.0
2025-06-10,Carla Martinez,CONTADO,CÓRDOBA CAPITAL,50.0,34.1,AMERICANA,E.E,OBRA GRIS,PIEDRA NATURAL,POTABLE,9556000.0
2025-05-11,Lucia Rodriguez,CONTADO,SANTIAGO DEL ESTERO,83.0,55.6,MINIMALISTA,E.E,OBRA GRIS,,NO LE INTERESA,15499000.0
2025-05-30,Maria Sanchez,PLAN 36-60,BUENOS AIRES,5.0,,AMERICANA,E.E,OBRA GRIS,LADRILLO,POTABLE,20343000.0
2024-12-14,Luis Gonzalez,FINANCIACION PROPIA,ALTA GRACIA,18.0,42.7,AMERICANA,S.F,OBRA GRIS,MADERA,POTABLE,14487000.0
2025-01-31,Juan Sanchez,PLAN 36-60,CARLOS PAZ,16.0,52.4,MINIMALISTA,W.F,LLAVE EN MANO,LADRILLO,VENDIDO,23684000.0
2025-12-22,Diego Rodriguez,PLAN 36-60,MENDIOLAZA,8.0,61.8,AMERICANA,W.F,LLAVE EN MANO,PIEDRA NATURAL,POTABLE,27530000.0
2024-06-09,Carla Martinez,NO SABE,LA PLATA,17.0,79.1,CABAÑA,W.F,LLAVE EN MANO,LADRILLO,NO LE INTERESA,35654000.0
2024-01-16,Lucia Martinez,PLAN 36-60,LA PLATA,19.0,70.5,CABAÑA,W.F,LLAVE EN MANO,LADRILLO,POTABLE,30843000.0
2025-05-07,Maria Rodriguez,PLAN 36-60,MENDIOLAZA,37.0,71.3,CABAÑA,S.F,LLAVE EN MANO,MADERA,VENDIDO,34468000.0
2025-03-01,Maria Lopez,CONTADO,CARLOS PAZ,54.0,46.5,CABAÑA,E.E,LLAVE EN MANO,LADRILLO,VENDIDO,19218000.0
2024-04-17,Carla Garcia,PLAN 36-60,CÓRDOBA CAPITAL,24.0,63.0,MINIMALISTA,E.E,LLAVE EN MANO,PIEDRA NATURAL,POTABLE,24406000.0
2025-03-25,Maria Rodriguez,PLAN 36-60,SANTIAGO DEL ESTERO,64.0,40.6,CABAÑA,E.E,LLAVE EN MANO,PIEDRA NATURAL,NO LE INTERESA,15871000.0
2024-11-06,Maria Perez,CONTADO,SANTIAGO DEL ESTERO,20.0,71.9,MINIMALISTA,E.E,OBRA GRIS,PIEDRA NATURAL,NO LE INTERESA,19194000.0
2026-01-08,Juan Lopez,NO SABE,CARLOS PAZ,17.0,78.0,MINIMALISTA,W.F,OBRA GRIS,LADRILLO,POTABLE,24842000.0
2024-06-18,Elena Sanchez,FINANCIACION PROPIA,BUENOS AIRES,39.0,66.1,MINIMALISTA,W.F,LLAVE EN MANO,LADRILLO,NO LE INTERESA,30643000.0
2025-06-29,Juan Sanchez,FINANCIACION PROPIA,CARLOS PAZ,5.0,47.7,MINIMALISTA,S.F,LLAVE EN MANO,PIEDRA NATURAL,VENDIDO,23417000.0
2025-02-17,Luis Garcia,PLAN 36-60,ALTA GRACIA,5.0,50.9,AMERICANA,E.E,LLAVE EN MANO,LADRILLO,POTABLE,20274000.0
2024-09-07,Maria Garcia,PLAN 36-60,ALTA GRACIA,27.0,91.1,AMERICANA,W.F,OBRA GRIS,MADERA,NO LE INTERESA,29541000.0
2026-01-28,Jorge Romero,CONTADO,LA PLATA,143.0,48.0,CABAÑA,W.F,LLAVE EN MANO,MADERA,POTABLE,20991000.0
2026-02-19,Elena Perez,CONTADO,CÓRDOBA CAPITAL,64.0,76.0,MINIMALISTA,W.F,LLAVE EN MANO,MADERA,NO LE INTERESA,33780000.0
2024-05-20,Luis Romero,FINANCIACION PROPIA,CÓRDOBA CAPITAL,5.0,61.8,CABAÑA,E.E,LLAVE EN MANO,MADERA,POTABLE,24704000.0
2024-09-30,Lucia Perez,PLAN 36-60,BUENOS AIRES,94.0,48.3,CABAÑA,W.F,LLAVE EN MANO,PIEDRA NATURAL,NO LE INTERESA,22020000.0
2025-02-19,Luis Martinez,FINANCIACION PROPIA,CARLOS PAZ,66.0,28.1,CABAÑA,E.E,OBRA GRIS,LADRILLO,POTABLE,8106000.0
2025-08-30,Diego Gonzalez,CONTADO,LA PLATA,47.0,59.2,CABAÑA,E.E,LLAVE EN MANO,MADERA,POTABLE,22951000.0
2026-01-08,Juan Martinez,PLAN 36-60,LA PLATA,86.0,56.8,MINIMALISTA,S.F,OBRA GRIS,PIEDRA NATURAL,NO LE INTERESA,19396000.0
2024-02-08,Maria Rodriguez,PLAN 36-60,ALTA GRACIA,26.0,91.1,MINIMALISTA,S.F,OBRA GRIS,MADERA,POTABLE,32977000.0
2024-01-29,Pedro Martinez,PLAN 36-60,SANTIAGO DEL ESTERO,13.0,37.8,AMERICANA,E.E,OBRA GRIS,LADRILLO,NO LE INTERESA,10472000.0
2025-04-21,Juan Lopez,FINANCIACION PROPIA,BUENOS AIRES,36.0,100.9,MINIMALISTA,E.E,LLAVE EN MANO,MADERA,POTABLE,40221000.0
2024-11-13,Maria Gonzalez,NO SABE,CÓRDOBA CAPITAL,40.0,62.6,MINIMALISTA,E.E,OBRA GRIS,MADERA,POTABLE,17379000.0
2024-09-01,Juan Romero,CONTADO,BUENOS AIRES,39.0,62.6,CABAÑA,W.F,LLAVE EN MANO,MADERA,NO LE INTERESA,29487000.0
2026-01-17,Ana Lopez,CONTADO,LA PLATA,42.0,43.1,MINIMALISTA,W.F,LLAVE EN MANO,MADERA,POTABLE,20451000.0
2025-11-27,Juan Rodriguez,CONTADO,ALTA GRACIA,149.0,61.3,CABAÑA,W.F,LLAVE EN MANO,,NO LE INTERESA,28272000.0
2024-09-28,Pedro Lopez,PLAN 36-60,ALTA GRACIA,116.0,64.5,MINIMALISTA,S.F,LLAVE EN MANO,PIEDRA NATURAL,NO LE INTERESA,32104000.0
2025-03-15,Carla Rodriguez,CONTADO,ALTA GRACIA,104.0,73.7,AMERICANA,E.E,LLAVE EN MANO,MADERA,NO LE INTERESA,30036000.0
2026-01-17,Lucia Perez,FINANCIACION PROPIA,BUENOS AIRES,81.0,35.4,CABAÑA,W.F,LLAVE EN MANO,PIEDRA NATURAL,POTABLE,16106000.0
2024-08-26,Maria Rodriguez,PLAN 36-60,SANTIAGO DEL ESTERO,144.0,83.1,MINIMALISTA,W.F,LLAVE EN MANO,LADRILLO,NO LE INTERESA,39070000.0
2025-01-11,Diego Garcia,PLAN 36-60,LA PLATA,5.0,62.2,MINIMALISTA,S.F,LLAVE EN MANO,LADRILLO,NO LE INTERESA,30220000.0
2024-09-22,Juan Sanchez,FINANCIACION PROPIA,CARLOS PAZ,15.0,67.2,CABAÑA,S.F,OBRA GRIS,,POTABLE,22440000.0
2024-12-24,Jorge Gonzalez,PLAN 36-60,CARLOS PAZ,34.0,50.6,AMERICANA,E.E,LLAVE EN MANO,PIEDRA NATURAL,NO LE INTERESA,20735000.0
2024-12-05,Juan Gonzalez,PLAN 36-60,ALTA GRACIA,94.0,36.4,AMERICANA,E.E,OBRA GRIS,MADERA,NO LE INTERESA,10562000.0
2025-01-23,Juan Rodriguez,CONTADO,ALTA GRACIA,35.0,56.5,MINIMALISTA,W.F,LLAVE EN MANO,LADRILLO,POTABLE,25550000.0
2025-07-30,Jorge Martinez,PLAN 36-60,SANTIAGO DEL ESTERO,69.0,58.7,MINIMALISTA,W.F,OBRA GRIS,MADERA,VENDIDO,19850000.0
2025-11-19,Jorge Rodriguez,PLAN 36-60,ALTA GRACIA,7.0,27.3,MINIMALISTA,W.F,OBRA GRIS,MADERA,NO LE INTERESA,9141000.0
2024-01-03,Diego Romero,PLAN 36-60,MENDIOLAZA,15.0,70.9,CABAÑA,W.F,LLAVE EN MANO,PIEDRA NATURAL,POTABLE,30732000.0
2025-03-04,Maria Martinez,NO SABE,LA PLATA,66.0,74.9,CABAÑA,W.F,OBRA GRIS,LADRILLO,POTABLE,24518000.0
2024-05-21,Ana Perez,NO SABE,ALTA GRACIA,9.0,40.4,CABAÑA,S.F,LLAVE EN MANO,MADERA,NO LE INTERESA,19885000.0
2025-01-10,Maria Rodriguez,FINANCIACION PROPIA,ALTA GRACIA,22.0,34.5,MINIMALISTA,E.E,OBRA GRIS,MADERA,POTABLE,9961000.0
2025-10-31,Maria Lopez,CONTADO,LA PLATA,15.0,48.9,AMERICANA,S.F,LLAVE EN MANO,MADERA,POTABLE,23506000.0
2024-11-19,Luis Garcia,FINANCIACION PROPIA,CÓRDOBA CAPITAL,22.0,55.5,CABAÑA,E.E,OBRA GRIS,PIEDRA NATURAL,POTABLE,14807000.0
2024-05-25,Carla Sanchez,CONTADO,MENDIOLAZA,62.0,49.7,AMERICANA,E.E,OBRA GRIS,LADRILLO,POTABLE,13568000.0
2024-10-19,Jorge Rodriguez,CONTADO,MENDIOLAZA,23.0,53.8,MINIMALISTA,E.E,LLAVE EN MANO,MADERA,NO LE INTERESA,20513000.0
2025-10-26,Luis Romero,CONTADO,CARLOS PAZ,41.0,59.4,CABAÑA,S.F,OBRA GRIS,MADERA,POTABLE,20417000.0
2025-03-07,Carla Rodriguez,CONTADO,ALTA GRACIA,5.0,27.6,CABAÑA,W.F,LLAVE EN MANO,MADERA,POTABLE,12288000.0
2025-12-05,Lucia Romero,CONTADO,LA PLATA,82.0,29.9,CABAÑA,E.E,LLAVE EN MANO,LADRILLO,POTABLE,12088000.0
2025-08-07,Pedro Rodriguez,PLAN 36-60,CARLOS PAZ,23.0,20.0,MINIMALISTA,E.E,OBRA GRIS,PIEDRA NATURAL,NO LE INTERESA,5395000.0
2025-02-02,Pedro Perez,NO SABE,BUENOS AIRES,52.0,73.9,MINIMALISTA,S.F,OBRA GRIS,PIEDRA NATURAL,NO LE INTERESA,25908000.0
2024-12-09,Jorge Romero,CONTADO,BUENOS AIRES,65.0,55.3,MINIMALISTA,S.F,OBRA GRIS,MADERA,NO LE INTERESA,19450000.0
2024-05-19,Carla Rodriguez,NO SABE,SANTIAGO DEL ESTERO,12.0,76.0,AMERICANA,W.F,LLAVE EN MANO,MADERA,VENDIDO,34676000.0
2024-07-05,Ana Rodriguez,CONTADO,BUENOS AIRES,108.0,32.2,AMERICANA,W.F,LLAVE EN MANO,PIEDRA NATURAL,POTABLE,14400000.0
2024-03-01,Pedro Gonzalez,CONTADO,BUENOS AIRES,48.0,55.5,CABAÑA,E.E,LLAVE EN MANO,PIEDRA NATURAL,POTABLE,21304000.0
2025-01-14,Maria Sanchez,PLAN 36-60,CÓRDOBA CAPITAL,28.0,59.3,CABAÑA,S.F,LLAVE EN MANO,PIEDRA NATURAL,NO LE INTERESA,29052000.0
2025-12-10,Ana Garcia,PLAN 36-60,ALTA GRACIA,10.0,43.8,MINIMALISTA,W.F,OBRA GRIS,MADERA,POTABLE,14344000.0
2025-03-15,Ana Gonzalez,CONTADO,CÓRDOBA CAPITAL,143.0,,MINIMALISTA,W.F,LLAVE EN MANO,MADERA,POTABLE,10488000.0
2024-11-14,Luis Romero,CONTADO,ALTA GRACIA,70.0,89.9,MINIMALISTA,W.F,LLAVE EN MANO,PIEDRA NATURAL,POTABLE,39793000.0
2024-10-28,Lucia Rodriguez,PLAN 36-60,ALTA GRACIA,12.0,83.0,CABAÑA,S.F,OBRA GRIS,PIEDRA NATURAL,NO LE INTERESA,29903000.0
2024-12-09,Pedro Perez,CONTADO,ALTA GRACIA,21.0,47.4,MINIMALISTA,S.F,OBRA GRIS,LADRILLO,NO LE INTERESA,16595000.0
2024-01-11,Diego Martinez,FINANCIACION PROPIA,CÓRDOBA CAPITAL,83.0,65.2,AMERICANA,S.F,OBRA GRIS,MADERA,VENDIDO,23981000.0
2024-03-02,Juan Sanchez,PLAN 36-60,MENDIOLAZA,59.0,45.3,AMERICANA,S.F,LLAVE EN MANO,LADRILLO,NO LE INTERESA,23105000.0
2024-08-13,Jorge Garcia,CONTADO,SANTIAGO DEL ESTERO,73.0,35.1,CABAÑA,S.F,OBRA GRIS,PIEDRA NATURAL,NO LE INTERESA,12201000.0
2024-06-01,Juan Garcia,FINANCIACION PROPIA,MENDIOLAZA,29.0,91.5,CABAÑA,E.E,OBRA GRIS,MADERA,NO LE INTERESA,26244000.0
2025-12-11,Elena Sanchez,CONTADO,LA PLATA,63.0,21.9,AMERICANA,E.E,LLAVE EN MANO,MADERA,POTABLE,8483000.0
2025-07-17,Jorge Romero,FINANCIACION PROPIA,LA PLATA,24.0,49.3,MINIMALISTA,S.F,LLAVE EN MANO,LADRILLO,POTABLE,23407000.0
2026-02-10,Pedro Romero,FINANCIACION PROPIA,BUENOS AIRES,12.0,56.7,CABAÑA,E.E,LLAVE EN MANO,LADRILLO,NO LE INTERESA,23092000.0
2025-07-24,Jorge Lopez,NO SABE,MENDIOLAZA,50.0,88.0,CABAÑA,S.F,LLAVE EN MANO,LADRILLO,POTABLE,42548000.0
2025-08-06,Pedro Sanchez,PLAN 36-60,SANTIAGO DEL ESTERO,187.0,72.9,CABAÑA,E.E,OBRA GRIS,LADRILLO,POTABLE,20079000.0
2025-10-21,Juan Rodriguez,PLAN 36-60,BUENOS AIRES,19.0,21.6,AMERICANA,E.E,LLAVE EN MANO,MADERA,POTABLE,8891000.0
2025-07-28,Diego Lopez,CONTADO,SANTIAGO DEL ESTERO,31.0,54.9,CABAÑA,W.F,OBRA GRIS,PIEDRA NATURAL,POTABLE,16893000.0
2024-11-05,Diego Romero,PLAN 36-60,ALTA GRACIA,56.0,55.4,AMERICANA,S.F,OBRA GRIS,PIEDRA NATURAL,POTABLE,19215000.0
2024-08-30,Luis Rodriguez,PLAN 36-60,ALTA GRACIA,39.0,50.4,AMERICANA,E.E,LLAVE EN MANO,PIEDRA NATURAL,NO LE INTERESA,18901000.0
2025-05-07,Lucia Gonzalez,PLAN 36-60,LA PLATA,93.0,,MINIMALISTA,E.E,LLAVE EN MANO,LADRILLO,POTABLE,26571000.0
2024-12-31,Pedro Garcia,FINANCIACION PROPIA,ALTA GRACIA,72.0,26.8,MINIMALISTA,W.F,LLAVE EN MANO,PIEDRA NATURAL,POTABLE,12069000.0
2024-11-25,Diego Gonzalez,CONTADO,BUENOS AIRES,5.0,46.8,MINIMALISTA,E.E,LLAVE EN MANO,LADRILLO,NO LE INTERESA,18758000.0
2024-04-16,Diego Lopez,FINANCIACION PROPIA,ALTA GRACIA,323.0,64.6,CABAÑA,W.F,OBRA GRIS,,NO LE INTERESA,22252000.0
2024-08-13,Elena Garcia,FINANCIACION PROPIA,SANTIAGO DEL ESTERO,70.0,68.6,AMERICANA,E.E,LLAVE EN MANO,PIEDRA NATURAL,NO LE INTERESA,27049000.0
2024-08-05,Luis Sanchez,,CÓRDOBA CAPITAL,100.0,58.0,CABAÑA,W.F,LLAVE EN MANO,PIEDRA NATURAL,NO LE INTERESA,25732000.0
2026-01-22,Jorge Garcia,PLAN 36-60,MENDIOLAZA,53.0,49.2,AMERICANA,W.F,OBRA GRIS,PIEDRA NATURAL,POTABLE,16514000.0
2025-05-20,Ana Garcia,CONTADO,CARLOS PAZ,97.0,52.6,CABAÑA,S.F,OBRA GRIS,MADERA,NO LE INTERESA,18749000.0
2024-09-15,Lucia Lopez,NO SABE,CARLOS PAZ,6.0,69.8,AMERICANA,S.F,OBRA GRIS,LADRILLO,NO LE INTERESA,24570000.0
2026-02-12,Maria Perez,CONTADO,ALTA GRACIA,21.0,55.7,MINIMALISTA,E.E,LLAVE EN MANO,MADERA,NO LE INTERESA,21185000.0
2025-05-31,Ana Lopez,PLAN 36-60,ALTA GRACIA,105.0,34.2,MINIMALISTA,S.F,OBRA GRIS,PIEDRA NATURAL,NO LE INTERESA,11570000.0
2026-02-11,Pedro Lopez,PLAN 36-60,MENDIOLAZA,11.0,30.3,CABAÑA,S.F,OBRA GRIS,MADERA,NO LE INTERESA,10581000.0
2024-02-23,Luis Sanchez,NO SABE,CARLOS PAZ,5.0,25.2,AMERICANA,S.F,OBRA GRIS,MADERA,NO LE INTERESA,8852000.0
2024-02-16,Lucia Rodriguez,,SANTIAGO DEL ESTERO,78.0,84.1,MINIMALISTA,E.E,LLAVE EN MANO,PIEDRA NATURAL,NO LE INTERESA,31850000.0
2025-12-27,Lucia Lopez,PLAN 36-60,CARLOS PAZ,90.0,71.1,AMERICANA,E.E,OBRA GRIS,PIEDRA NATURAL,NO LE INTERESA,19160000.0
2025-11-19,Diego Romero,CONTADO,CARLOS PAZ,9.0,52.9,CABAÑA,S.F,LLAVE EN MANO,LADRILLO,NO LE INTERESA,25198000.0
2025-06-04,Luis Rodriguez,CONTADO,BUENOS AIRES,96.0,45.9,MINIMALISTA,S.F,OBRA GRIS,LADRILLO,NO LE INTERESA,15501000.0
2024-04-08,Elena Lopez,CONTADO,CARLOS PAZ,58.0,43.5,CABAÑA,E.E,OBRA GRIS,MADERA,POTABLE,11723000.0
2024-01-20,Carla Romero,FINANCIACION PROPIA,ALTA GRACIA,37.0,76.9,CABAÑA,S.F,OBRA GRIS,PIEDRA NATURAL,NO LE INTERESA,26820000.0
2026-01-22,Juan Perez,FINANCIACION PROPIA,BUENOS AIRES,89.0,93.1,AMERICANA,W.F,OBRA GRIS,LADRILLO,VENDIDO,31046000.0
2025-07-26,Carla Sanchez,FINANCIACION PROPIA,ALTA GRACIA,27.0,42.9,CABAÑA,E.E,OBRA GRIS,LADRILLO,POTABLE,12250000.0
2025-05-04,Luis Martinez,PLAN 36-60,MENDIOLAZA,11.0,77.8,CABAÑA,E.E,OBRA GRIS,MADERA,NO LE INTERESA,22192000.0
2025-02-22,Juan Lopez,PLAN 36-60,CARLOS PAZ,17.0,55.6,AMERICANA,W.F,LLAVE EN MANO,MADERA,NO LE INTERESA,24494000.0
2025-11-20,Elena Lopez,CONTADO,ALTA GRACIA,35.0,50.8,AMERICANA,S.F,LLAVE EN MANO,MADERA,NO LE INTERESA,23725000.0
2024-03-02,Lucia Perez,CONTADO,MENDIOLAZA,38.0,,CABAÑA,W.F,LLAVE EN MANO,PIEDRA NATURAL,NO LE INTERESA,38230000.0
2024-05-24,Pedro Martinez,CONTADO,CARLOS PAZ,82.0,54.8,MINIMALISTA,S.F,OBRA GRIS,LADRILLO,NO LE INTERESA,19066000.0
2024-08-03,Pedro Martinez,FINANCIACION PROPIA,SANTIAGO DEL ESTERO,78.0,60.9,MINIMALISTA,S.F,LLAVE EN MANO,LADRILLO,NO LE INTERESA,31298000.0
2024-01-03,Carla Martinez,CONTADO,ALTA GRACIA,44.0,60.0,AMERICANA,E.E,OBRA GRIS,LADRILLO,POTABLE,16144000.0
2024-06-08,Diego Romero,FINANCIACION PROPIA,CÓRDOBA CAPITAL,76.0,22.5,CABAÑA,E.E,LLAVE EN MANO,MADERA,POTABLE,9181000.0
2026-01-08,Luis Rodriguez,PLAN 36-60,MENDIOLAZA,11.0,60.8,MINIMALISTA,S.F,OBRA GRIS,PIEDRA NATURAL,NO LE INTERESA,21052000.0
2026-02-19,Carla Romero,PLAN 36-60,ALTA GRACIA,5.0,43.7,AMERICANA,W.F,LLAVE EN MANO,MADERA,NO LE INTERESA,20357000.0
2024-04-29,Juan Perez,CONTADO,SANTIAGO DEL ESTERO,103.0,26.6,AMERICANA,E.E,OBRA GRIS,MADERA,NO LE INTERESA,7599000.0
2024-03-29,Jorge Rodriguez,,SANTIAGO DEL ESTERO,5.0,44.7,AMERICANA,S.F,OBRA GRIS,PIEDRA NATURAL,POTABLE,16154000.0
2024-11-24,Ana Perez,CONTADO,ALTA GRACIA,14.0,44.5,CABAÑA,E.E,LLAVE EN MANO,PIEDRA NATURAL,POTABLE,17407000.0
2025-08-02,Elena Gonzalez,FINANCIACION PROPIA,LA PLATA,59.0,75.6,AMERICANA,E.E,OBRA GRIS,MADERA,NO LE INTERESA,21048000.0
2024-12-22,Juan Perez,CONTADO,MENDIOLAZA,26.0,33.7,MINIMALISTA,E.E,LLAVE EN MANO,PIEDRA NATURAL,NO LE INTERESA,13864000.0
2025-09-01,Jorge Romero,FINANCIACION PROPIA,CARLOS PAZ,105.0,39.2,CABAÑA,W.F,LLAVE EN MANO,MADERA,NO LE INTERESA,17595000.0
2024-09-23,Ana Rodriguez,FINANCIACION PROPIA,CARLOS PAZ,18.0,59.7,MINIMALISTA,W.F,LLAVE EN MANO,LADRILLO,NO LE INTERESA,27762000.0
2025-09-08,Juan Lopez,CONTADO,SANTIAGO DEL ESTERO,5.0,28.5,MINIMALISTA,S.F,LLAVE EN MANO,PIEDRA NATURAL,POTABLE,13368000.0
2024-11-18,Diego Lopez,,ALTA GRACIA,18.0,41.8,MINIMALISTA,W.F,OBRA GRIS,LADRILLO,POTABLE,12897000.0
2025-09-26,Elena Romero,PLAN 36-60,LA PLATA,43.0,21.7,CABAÑA,S.F,LLAVE EN MANO,PIEDRA NATURAL,NO LE INTERESA,10631000.0
2025-06-24,Maria Sanchez,FINANCIACION PROPIA,MENDIOLAZA,24.0,73.4,MINIMALISTA,S.F,OBRA GRIS,MADERA,POTABLE,25946000.0
2025-10-10,Jorge Martinez,CONTADO,CÓRDOBA CAPITAL,38.0,49.0,AMERICANA,E.E,OBRA GRIS,MADERA,POTABLE,13927000.0
2024-07-13,Maria Gonzalez,CONTADO,CARLOS PAZ,105.0,,AMERICANA,E.E,OBRA GRIS,MADERA,POTABLE,14756000.0
2026-01-07,Lucia Gonzalez,CONTADO,BUENOS AIRES,122.0,73.3,MINIMALISTA,W.F,LLAVE EN MANO,MADERA,POTABLE,33880000.0
2024-11-27,Elena Romero,CONTADO,MENDIOLAZA,15.0,40.6,AMERICANA,S.F,OBRA GRIS,MADERA,POTABLE,13706000.0
2024-06-18,Pedro Rodriguez,FINANCIACION PROPIA,MENDIOLAZA,31.0,48.8,CABAÑA,S.F,OBRA GRIS,MADERA,NO LE INTERESA,17906000.0
2025-06-04,Jorge Romero,FINANCIACION PROPIA,LA PLATA,40.0,33.9,CABAÑA,E.E,LLAVE EN MANO,PIEDRA NATURAL,VENDIDO,13127000.0
2025-04-07,Pedro Romero,NO SABE,MENDIOLAZA,149.0,33.8,AMERICANA,E.E,OBRA GRIS,PIEDRA NATURAL,POTABLE,9456000.0
2024-02-09,Maria Lopez,CONTADO,CARLOS PAZ,329.0,36.6,AMERICANA,E.E,OBRA GRIS,LADRILLO,NO LE INTERESA,10517000.0
2025-06-20,Juan Perez,CONTADO,ALTA GRACIA,13.0,45.2,CABAÑA,W.F,OBRA GRIS,PIEDRA NATURAL,POTABLE,15211000.0
2024-09-17,Carla Gonzalez,PLAN 36-60,CARLOS PAZ,65.0,47.3,MINIMALISTA,S.F,OBRA GRIS,PIEDRA NATURAL,POTABLE,16624000.0
2025-01-29,Diego Romero,CONTADO,CÓRDOBA CAPITAL,24.0,60.8,CABAÑA,S.F,OBRA GRIS,LADRILLO,NO LE INTERESA,21177000.0
2024-08-13,Ana Garcia,CONTADO,ALTA GRACIA,5.0,37.2,MINIMALISTA,S.F,LLAVE EN MANO,LADRILLO,VENDIDO,18356000.0
2024-05-03,Pedro Garcia,PLAN 36-60,SANTIAGO DEL ESTERO,5.0,,AMERICANA,E.E,LLAVE EN MANO,MADERA,VENDIDO,25113000.0
2024-02-07,Luis Perez,CONTADO,LA PLATA,31.0,64.7,AMERICANA,W.F,LLAVE EN MANO,LADRILLO,POTABLE,28653000.0
2024-11-23,Ana Garcia,PLAN 36-60,CARLOS PAZ,34.0,,MINIMALISTA,W.F,LLAVE EN MANO,LADRILLO,POTABLE,19950000.0
2024-09-07,Luis Gonzalez,CONTADO,ALTA GRACIA,5.0,38.9,MINIMALISTA,E.E,LLAVE EN MANO,PIEDRA NATURAL,VENDIDO,15402000.0
2024-06-24,Luis Romero,PLAN 36-60,MENDIOLAZA,58.0,56.7,CABAÑA,W.F,OBRA GRIS,MADERA,POTABLE,18329000.0
2025-08-24,Carla Lopez,FINANCIACION PROPIA,ALTA GRACIA,17.0,50.9,MINIMALISTA,W.F,LLAVE EN MANO,LADRILLO,NO LE INTERESA,21965000.0
2025-03-29,Maria Garcia,CONTADO,CARLOS PAZ,41.0,59.4,AMERICANA,S.F,OBRA GRIS,MADERA,POTABLE,20897000.0
2024-02-06,Maria Gonzalez,,SANTIAGO DEL ESTERO,18.0,86.4,AMERICANA,E.E,OBRA GRIS,MADERA,NO LE INTERESA,24370000.0
2024-11-11,Elena Perez,PLAN 36-60,CARLOS PAZ,9.0,56.4,AMERICANA,E.E,LLAVE EN MANO,LADRILLO,NO LE INTERESA,22552000.0
2025-11-18,Luis Romero,NO SABE,SANTIAGO DEL ESTERO,26.0,42.2,MINIMALISTA,E.E,LLAVE EN MANO,LADRILLO,NO LE INTERESA,17403000.0
2025-08-15,Luis Martinez,CONTADO,MENDIOLAZA,13.0,37.2,MINIMALISTA,E.E,OBRA GRIS,LADRILLO,NO LE INTERESA,10354000.0
2024-04-23,Carla Perez,PLAN 36-60,CARLOS PAZ,38.0,,AMERICANA,S.F,OBRA GRIS,LADRILLO,POTABLE,13371000.0
2024-02-09,Elena Sanchez,PLAN 36-60,ALTA GRACIA,11.0,25.7,MINIMALISTA,W.F,LLAVE EN MANO,MADERA,POTABLE,11109000.0
2024-10-27,Jorge Sanchez,FINANCIACION PROPIA,CÓRDOBA CAPITAL,36.0,73.7,CABAÑA,W.F,LLAVE EN MANO,PIEDRA NATURAL,NO LE INTERESA,34381000.0
2024-08-11,Maria Perez,PLAN 36-60,CÓRDOBA CAPITAL,9.0,20.0,CABAÑA,S.F,OBRA GRIS,MADERA,POTABLE,6732000.0
2024-11-13,Jorge Sanchez,PLAN 36-60,MENDIOLAZA,56.0,64.8,MINIMALISTA,W.F,OBRA GRIS,MADERA,POTABLE,21858000.0
2024-12-14,Maria Lopez,NO SABE,BUENOS AIRES,70.0,37.6,MINIMALISTA,E.E,LLAVE EN MANO,MADERA,POTABLE,14619000.0
2024-04-24,Lucia Lopez,CONTADO,BUENOS AIRES,6.0,44.8,AMERICANA,S.F,LLAVE EN MANO,LADRILLO,POTABLE,21604000.0
2025-11-28,Jorge Martinez,CONTADO,ALTA GRACIA,32.0,37.0,MINIMALISTA,S.F,LLAVE EN MANO,LADRILLO,VENDIDO,17866000.0
2024-11-18,Jorge Rodriguez,PLAN 36-60,CÓRDOBA CAPITAL,5.0,83.9,AMERICANA,E.E,OBRA GRIS,PIEDRA NATURAL,NO LE INTERESA,24558000.0
2025-07-21,Luis Lopez,PLAN 36-60,MENDIOLAZA,46.0,55.3,CABAÑA,E.E,OBRA GRIS,PIEDRA NATURAL,NO LE INTERESA,16300000.0
2024-02-09,Maria Lopez,PLAN 36-60,SANTIAGO DEL ESTERO,15.0,70.8,MINIMALISTA,E.E,OBRA GRIS,PIEDRA NATURAL,NO LE INTERESA,20786000.0
2024-02-09,Juan Gonzalez,PLAN 36-60,ALTA GRACIA,37.0,81.0,CABAÑA,W.F,OBRA GRIS,MADERA,NO LE INTERESA,26673000.0
2026-01-18,Luis Rodriguez,NO SABE,BUENOS AIRES,36.0,58.3,MINIMALISTA,E.E,LLAVE EN MANO,PIEDRA NATURAL,NO LE INTERESA,22017000.0
2024-10-15,Diego Romero,FINANCIACION PROPIA,SANTIAGO DEL ESTERO,129.0,31.1,MINIMALISTA,S.F,LLAVE EN MANO,MADERA,POTABLE,15257000.0
2024-09-18,Maria Sanchez,CONTADO,ALTA GRACIA,40.0,50.6,AMERICANA,W.F,OBRA GRIS,LADRILLO,POTABLE,16009000.0
2024-08-03,Ana Garcia,CONTADO,SANTIAGO DEL ESTERO,44.0,40.2,AMERICANA,W.F,OBRA GRIS,MADERA,POTABLE,13282000.0
2024-05-26,Pedro Lopez,NO SABE,SANTIAGO DEL ESTERO,26.0,44.9,MINIMALISTA,S.F,LLAVE EN MANO,LADRILLO,NO LE INTERESA,22024000.0
2024-12-01,Juan Gonzalez,FINANCIACION PROPIA,CÓRDOBA CAPITAL,149.0,53.1,MINIMALISTA,W.F,OBRA GRIS,LADRILLO,NO LE INTERESA,17524000.0
2024-06-16,Lucia Garcia,NO SABE,ALTA GRACIA,75.0,52.3,AMERICANA,E.E,LLAVE EN MANO,PIEDRA NATURAL,NO LE INTERESA,19601000.0
2024-04-01,Jorge Lopez,CONTADO,CARLOS PAZ,17.0,63.2,CABAÑA,E.E,LLAVE EN MANO,LADRILLO,POTABLE,25501000.0
2024-12-18,Luis Garcia,FINANCIACION PROPIA,CÓRDOBA CAPITAL,93.0,66.1,MINIMALISTA,E.E,OBRA GRIS,PIEDRA NATURAL,NO LE INTERESA,19490000.0
2025-07-24,Luis Garcia,FINANCIACION PROPIA,SANTIAGO DEL ESTERO,28.0,52.3,AMERICANA,E.E,OBRA GRIS,PIEDRA NATURAL,NO LE INTERESA,14935000.0
2025-07-24,Elena Romero,CONTADO,SANTIAGO DEL ESTERO,88.0,63.1,MINIMALISTA,W.F,LLAVE EN MANO,PIEDRA NATURAL,POTABLE,29583000.0
2025-11-11,Diego Lopez,PLAN 36-60,BUENOS AIRES,87.0,44.0,AMERICANA,S.F,LLAVE EN MANO,MADERA,POTABLE,21643000.0
2026-02-19,Juan Martinez,PLAN 36-60,CARLOS PAZ,10.0,81.3,CABAÑA,W.F,OBRA GRIS,PIEDRA NATURAL,NO LE INTERESA,24937000.0
2024-12-28,Jorge Rodriguez,PLAN 36-60,BUENOS AIRES,60.0,43.7,MINIMALISTA,S.F,OBRA GRIS,PIEDRA NATURAL,NO LE INTERESA,16140000.0
2025-07-10,Lucia Martinez,FINANCIACION PROPIA,CARLOS PAZ,17.0,78.9,MINIMALISTA,S.F,OBRA GRIS,LADRILLO,POTABLE,26421000.0
2024-12-10,Juan Rodriguez,FINANCIACION PROPIA,SANTIAGO DEL ESTERO,18.0,25.5,CABAÑA,E.E,LLAVE EN MANO,MADERA,POTABLE,9715000.0
2025-11-23,Ana Sanchez,FINANCIACION PROPIA,CARLOS PAZ,18.0,47.4,MINIMALISTA,W.F,OBRA GRIS,PIEDRA NATURAL,POTABLE,14605000.0
2024-06-18,Pedro Perez,FINANCIACION PROPIA,LA PLATA,65.0,48.4,MINIMALISTA,E.E,LLAVE EN MANO,PIEDRA NATURAL,NO LE INTERESA,19309000.0
2024-12-21,Luis Gonzalez,,BUENOS AIRES,13.0,60.6,MINIMALISTA,W.F,LLAVE EN MANO,PIEDRA NATURAL,NO LE INTERESA,27566000.0
2024-07-09,Maria Martinez,CONTADO,BUENOS AIRES,5.0,72.2,AMERICANA,W.F,OBRA GRIS,LADRILLO,NO LE INTERESA,22581000.0
2025-10-28,Pedro Lopez,FINANCIACION PROPIA,CÓRDOBA CAPITAL,63.0,30.0,AMERICANA,E.E,LLAVE EN MANO,LADRILLO,VENDIDO,12396000.0
2025-02-25,Carla Rodriguez,PLAN 36-60,ALTA GRACIA,9.0,32.8,MINIMALISTA,W.F,OBRA GRIS,LADRILLO,NO LE INTERESA,11012000.0
2025-11-30,Ana Rodriguez,CONTADO,BUENOS AIRES,6.0,27.0,CABAÑA,E.E,OBRA GRIS,,NO LE INTERESA,7402000.0
2024-01-07,Jorge Lopez,PLAN 36-60,CARLOS PAZ,14.0,81.4,CABAÑA,S.F,OBRA GRIS,PIEDRA NATURAL,POTABLE,28964000.0
2024-05-12,Elena Rodriguez,CONTADO,CARLOS PAZ,24.0,61.0,MINIMALISTA,E.E,OBRA GRIS,PIEDRA NATURAL,NO LE INTERESA,17724000.0
2026-01-16,Carla Sanchez,PLAN 36-60,LA PLATA,32.0,33.3,AMERICANA,W.F,OBRA GRIS,,NO LE INTERESA,10620000.0
2025-07-10,Juan Gonzalez,CONTADO,ALTA GRACIA,5.0,46.1,AMERICANA,W.F,LLAVE EN MANO,PIEDRA NATURAL,NO LE INTERESA,20277000.0
2026-01-30,Elena Lopez,CONTADO,LA PLATA,176.0,78.6,MINIMALISTA,S.F,OBRA GRIS,LADRILLO,NO LE INTERESA,27097000.0
2024-01-31,Lucia Gonzalez,NO SABE,ALTA GRACIA,63.0,49.4,AMERICANA,S.F,LLAVE EN MANO,,POTABLE,25079000.0
2025-06-18,Lucia Romero,FINANCIACION PROPIA,BUENOS AIRES,20.0,48.3,AMERICANA,S.F,OBRA GRIS,MADERA,NO LE INTERESA,16872000.0
2025-03-01,Maria Sanchez,FINANCIACION PROPIA,BUENOS AIRES,19.0,39.4,CABAÑA,E.E,OBRA GRIS,PIEDRA NATURAL,NO LE INTERESA,11299000.0
2025-01-28,Jorge Sanchez,PLAN 36-60,CÓRDOBA CAPITAL,30.0,34.5,MINIMALISTA,E.E,OBRA GRIS,LADRILLO,POTABLE,9851000.0
2025-11-02,Pedro Sanchez,FINANCIACION PROPIA,CARLOS PAZ,49.0,78.7,AMERICANA,W.F,OBRA GRIS,PIEDRA NATURAL,NO LE INTERESA,24922000.0
2024-12-28,Lucia Perez,FINANCIACION PROPIA,CÓRDOBA CAPITAL,8.0,88.5,AMERICANA,S.F,LLAVE EN MANO,MADERA,POTABLE,42111000.0
2025-03-12,Juan Gonzalez,PLAN 36-60,ALTA GRACIA,10.0,35.3,AMERICANA,S.F,OBRA GRIS,PIEDRA NATURAL,POTABLE,11907000.0
2025-10-31,Pedro Gonzalez,NO SABE,CARLOS PAZ,98.0,83.1,MINIMALISTA,E.E,OBRA GRIS,MADERA,NO LE INTERESA,22300000.0
2025-07-04,Carla Lopez,,BUENOS AIRES,15.0,45.3,MINIMALISTA,W.F,OBRA GRIS,MADERA,NO LE INTERESA,13997000.0
2024-03-22,Ana Gonzalez,NO SABE,LA PLATA,24.0,65.7,AMERICANA,S.F,LLAVE EN MANO,LADRILLO,POTABLE,31443000.0
2024-12-21,Pedro Romero,PLAN 36-60,BUENOS AIRES,103.0,83.2,CABAÑA,E.E,OBRA GRIS,MADERA,VENDIDO,23951000.0
2024-09-14,Ana Gonzalez,PLAN 36-60,BUENOS AIRES,54.0,52.1,CABAÑA,E.E,LLAVE EN MANO,PIEDRA NATURAL,POTABLE,19797000.0
2025-12-18,Maria Rodriguez,CONTADO,SANTIAGO DEL ESTERO,21.0,48.4,MINIMALISTA,S.F,OBRA GRIS,MADERA,POTABLE,17011000.0
2025-08-11,Jorge Rodriguez,PLAN 36-60,LA PLATA,58.0,71.0,CABAÑA,S.F,OBRA GRIS,PIEDRA NATURAL,POTABLE,24301000.0
2025-06-07,Lucia Martinez,PLAN 36-60,SANTIAGO DEL ESTERO,5.0,32.8,AMERICANA,W.F,OBRA GRIS,PIEDRA NATURAL,POTABLE,10582000.0
2024-10-21,Carla Rodriguez,NO SABE,LA PLATA,67.0,77.9,MINIMALISTA,S.F,OBRA GRIS,PIEDRA NATURAL,POTABLE,28050000.0
2024-08-11,Pedro Lopez,NO SABE,ALTA GRACIA,33.0,57.9,MINIMALISTA,E.E,OBRA GRIS,PIEDRA NATURAL,NO LE INTERESA,15881000.0
2025-06-08,Maria Sanchez,,CÓRDOBA CAPITAL,84.0,43.4,CABAÑA,S.F,OBRA GRIS,LADRILLO,VENDIDO,15083000.0
2024-02-15,Lucia Rodriguez,CONTADO,SANTIAGO DEL ESTERO,155.0,42.9,MINIMALISTA,S.F,OBRA GRIS,PIEDRA NATURAL,NO LE INTERESA,15588000.0
2025-10-28,Juan Perez,NO SABE,ALTA GRACIA,130.0,27.3,CABAÑA,W.F,LLAVE EN MANO,LADRILLO,NO LE INTERESA,12560000.0
2024-04-22,Carla Sanchez,PLAN 36-60,CÓRDOBA CAPITAL,120.0,44.3,CABAÑA,E.E,OBRA GRIS,MADERA,NO LE INTERESA,12074000.0
2024-08-20,Jorge Martinez,FINANCIACION PROPIA,CÓRDOBA CAPITAL,36.0,49.7,AMERICANA,S.F,OBRA GRIS,PIEDRA NATURAL,NO LE INTERESA,17899000.0
2024-01-17,Pedro Rodriguez,CONTADO,CARLOS PAZ,22.0,33.8,CABAÑA,E.E,LLAVE EN MANO,MADERA,NO LE INTERESA,12987000.0
2024-12-25,Luis Gonzalez,PLAN 36-60,BUENOS AIRES,31.0,54.1,CABAÑA,W.F,OBRA GRIS,LADRILLO,NO LE INTERESA,17266000.0
2024-08-10,Elena Garcia,NO SABE,CARLOS PAZ,59.0,64.5,MINIMALISTA,E.E,OBRA GRIS,PIEDRA NATURAL,VENDIDO,17686000.0
2025-11-30,Carla Garcia,NO SABE,BUENOS AIRES,108.0,50.7,AMERICANA,S.F,LLAVE EN MANO,PIEDRA NATURAL,POTABLE,25113000.0
2025-03-23,Elena Sanchez,PLAN 36-60,CARLOS PAZ,12.0,68.3,AMERICANA,S.F,OBRA GRIS,LADRILLO,POTABLE,24420000.0
2024-12-30,Jorge Sanchez,FINANCIACION PROPIA,SANTIAGO DEL ESTERO,125.0,38.9,CABAÑA,W.F,OBRA GRIS,MADERA,POTABLE,13099000.0
2025-11-05,Diego Sanchez,CONTADO,SANTIAGO DEL ESTERO,84.0,75.1,MINIMALISTA,W.F,LLAVE EN MANO,LADRILLO,NO LE INTERESA,35415000.0
2024-11-21,Lucia Rodriguez,FINANCIACION PROPIA,BUENOS AIRES,193.0,57.4,MINIMALISTA,W.F,LLAVE EN MANO,MADERA,NO LE INTERESA,25797000.0
2025-04-11,Maria Perez,PLAN 36-60,CÓRDOBA CAPITAL,106.0,85.9,MINIMALISTA,E.E,OBRA GRIS,MADERA,NO LE INTERESA,25258000.0
2025-02-17,Carla Gonzalez,CONTADO,SANTIAGO DEL ESTERO,16.0,103.3,AMERICANA,E.E,LLAVE EN MANO,MADERA,POTABLE,40991000.0
2025-03-30,Luis Gonzalez,CONTADO,CÓRDOBA CAPITAL,6.0,45.6,AMERICANA,E.E,LLAVE EN MANO,PIEDRA NATURAL,NO LE INTERESA,17687000.0
2025-08-08,Pedro Lopez,CONTADO,ALTA GRACIA,6.0,46.4,CABAÑA,E.E,LLAVE EN MANO,LADRILLO,NO LE INTERESA,18903000.0
2024-08-20,Carla Martinez,FINANCIACION PROPIA,LA PLATA,17.0,,CABAÑA,W.F,OBRA GRIS,PIEDRA NATURAL,NO LE INTERESA,16286000.0
2024-08-11,Elena Gonzalez,CONTADO,CÓRDOBA CAPITAL,48.0,66.9,MINIMALISTA,E.E,OBRA GRIS,LADRILLO,NO LE INTERESA,18718000.0
2025-02-15,Elena Sanchez,PLAN 36-60,CÓRDOBA CAPITAL,82.0,81.5,CABAÑA,E.E,LLAVE EN MANO,MADERA,POTABLE,30504000.0
2025-07-25,Juan Perez,CONTADO,ALTA GRACIA,115.0,41.9,MINIMALISTA,E.E,LLAVE EN MANO,PIEDRA NATURAL,POTABLE,16958000.0
2024-11-30,Pedro Martinez,PLAN 36-60,BUENOS AIRES,49.0,62.6,AMERICANA,E.E,LLAVE EN MANO,PIEDRA NATURAL,POTABLE,23572000.0
2024-08-09,Juan Rodriguez,FINANCIACION PROPIA,CARLOS PAZ,5.0,52.3,CABAÑA,W.F,LLAVE EN MANO,PIEDRA NATURAL,POTABLE,23088000.0
2024-02-06,Pedro Gonzalez,PLAN 36-60,MENDIOLAZA,10.0,67.4,MINIMALISTA,W.F,OBRA GRIS,MADERA,POTABLE,22720000.0
2024-10-04,Jorge Lopez,,BUENOS AIRES,5.0,85.2,AMERICANA,S.F,OBRA GRIS,LADRILLO,POTABLE,28799000.0
2024-07-14,Elena Perez,PLAN 36-60,CARLOS PAZ,23.0,50.2,MINIMALISTA,S.F,OBRA GRIS,MADERA,NO LE INTERESA,17273000.0
2025-04-28,Elena Garcia,CONTADO,CARLOS PAZ,35.0,21.6,CABAÑA,E.E,OBRA GRIS,PIEDRA NATURAL,POTABLE,6364000.0
2024-08-29,Juan Perez,FINANCIACION PROPIA,BUENOS AIRES,5.0,,MINIMALISTA,E.E,LLAVE EN MANO,PIEDRA NATURAL,NO LE INTERESA,26963000.0
2024-11-19,Jorge Martinez,CONTADO,BUENOS AIRES,21.0,38.3,AMERICANA,W.F,OBRA GRIS,MADERA,POTABLE,12152000.0
2025-12-31,Luis Lopez,CONTADO,CÓRDOBA CAPITAL,10.0,52.1,CABAÑA,S.F,LLAVE EN MANO,PIEDRA NATURAL,POTABLE,25922000.0
2024-07-10,Elena Rodriguez,FINANCIACION PROPIA,CÓRDOBA CAPITAL,52.0,70.7,AMERICANA,E.E,LLAVE EN MANO,PIEDRA NATURAL,POTABLE,26768000.0
2024-01-17,Luis Garcia,CONTADO,SANTIAGO DEL ESTERO,31.0,60.9,CABAÑA,S.F,LLAVE EN MANO,LADRILLO,VENDIDO,31300000.0
2025-06-07,Jorge Rodriguez,FINANCIACION PROPIA,SANTIAGO DEL ESTERO,34.0,53.0,MINIMALISTA,S.F,LLAVE EN MANO,LADRILLO,NO LE INTERESA,25436000.0
2025-02-04,Elena Garcia,CONTADO,LA PLATA,28.0,43.5,AMERICANA,S.F,OBRA GRIS,LADRILLO,NO LE INTERESA,15703000.0
2025-12-05,Carla Lopez,FINANCIACION PROPIA,LA PLATA,156.0,20.0,AMERICANA,W.F,LLAVE EN MANO,LADRILLO,POTABLE,9054000.0
2024-01-22,Jorge Perez,CONTADO,MENDIOLAZA,12.0,69.0,MINIMALISTA,E.E,LLAVE EN MANO,LADRILLO,NO LE INTERESA,26458000.0
2025-04-18,Pedro Sanchez,,BUENOS AIRES,36.0,49.9,AMERICANA,E.E,LLAVE EN MANO,LADRILLO,NO LE INTERESA,18747000.0
2024-04-29,Ana Gonzalez,CONTADO,SANTIAGO DEL ESTERO,67.0,85.3,AMERICANA,W.F,LLAVE EN MANO,PIEDRA NATURAL,POTABLE,37086000.0
2024-07-28,Carla Martinez,FINANCIACION PROPIA,BUENOS AIRES,41.0,63.0,AMERICANA,W.F,OBRA GRIS,PIEDRA NATURAL,NO LE INTERESA,20392000.0
2024-11-01,Juan Sanchez,NO SABE,CÓRDOBA CAPITAL,132.0,44.2,AMERICANA,W.F,LLAVE EN MANO,LADRILLO,POTABLE,20278000.0
2024-09-26,Luis Perez,PLAN 36-60,ALTA GRACIA,24.0,76.3,MINIMALISTA,S.F,OBRA GRIS,MADERA,POTABLE,27586000.0
2025-12-04,Lucia Garcia,FINANCIACION PROPIA,SANTIAGO DEL ESTERO,31.0,78.0,AMERICANA,S.F,LLAVE EN MANO,LADRILLO,NO LE INTERESA,36584000.0
2025-11-17,Luis Romero,PLAN 36-60,CÓRDOBA CAPITAL,5.0,50.6,AMERICANA,E.E,OBRA GRIS,PIEDRA NATURAL,VENDIDO,13972000.0
2024-10-11,Juan Garcia,NO SABE,BUENOS AIRES,47.0,78.9,AMERICANA,E.E,LLAVE EN MANO,MADERA,NO LE INTERESA,30070000.0
2025-12-16,Diego Sanchez,FINANCIACION PROPIA,SANTIAGO DEL ESTERO,17.0,43.9,CABAÑA,S.F,LLAVE EN MANO,MADERA,POTABLE,21230000.0
2025-11-06,Carla Gonzalez,,CARLOS PAZ,9.0,58.2,CABAÑA,S.F,OBRA GRIS,MADERA,POTABLE,20087000.0
2026-02-01,Luis Perez,,SANTIAGO DEL ESTERO,39.0,66.4,MINIMALISTA,W.F,OBRA GRIS,PIEDRA NATURAL,VENDIDO,21127000.0
2024-08-14,Jorge Garcia,PLAN 36-60,BUENOS AIRES,38.0,70.7,MINIMALISTA,S.F,OBRA GRIS,MADERA,POTABLE,24330000.0
2025-01-15,Lucia Rodriguez,CONTADO,BUENOS AIRES,5.0,67.4,MINIMALISTA,E.E,LLAVE EN MANO,PIEDRA NATURAL,NO LE INTERESA,27126000.0
2025-04-04,Diego Perez,CONTADO,MENDIOLAZA,60.0,48.3,AMERICANA,E.E,OBRA GRIS,PIEDRA NATURAL,NO LE INTERESA,13872000.0
2024-01-07,Elena Rodriguez,NO SABE,BUENOS AIRES,49.0,76.9,CABAÑA,W.F,OBRA GRIS,LADRILLO,NO LE INTERESA,24442000.0
2024-01-29,Pedro Martinez,NO SABE,CARLOS PAZ,10.0,52.5,CABAÑA,W.F,LLAVE EN MANO,PIEDRA NATURAL,POTABLE,22845000.0
2024-02-02,Diego Romero,FINANCIACION PROPIA,CÓRDOBA CAPITAL,32.0,43.6,MINIMALISTA,E.E,OBRA GRIS,MADERA,POTABLE,12278000.0
2025-10-07,Maria Romero,NO SABE,CARLOS PAZ,64.0,,CABAÑA,S.F,LLAVE EN MANO,PIEDRA NATURAL,NO LE INTERESA,22512000.0
2024-03-19,Jorge Sanchez,FINANCIACION PROPIA,SANTIAGO DEL ESTERO,38.0,,MINIMALISTA,S.F,LLAVE EN MANO,PIEDRA NATURAL,VENDIDO,44287000.0
2025-04-03,Juan Perez,CONTADO,CARLOS PAZ,25.0,40.2,AMERICANA,E.E,OBRA GRIS,LADRILLO,POTABLE,11579000.0
2025-07-23,Lucia Gonzalez,CONTADO,MENDIOLAZA,19.0,80.8,CABAÑA,S.F,LLAVE EN MANO,LADRILLO,NO LE INTERESA,40014000.0
2025-06-21,Maria Sanchez,CONTADO,ALTA GRACIA,47.0,32.3,AMERICANA,S.F,LLAVE EN MANO,PIEDRA NATURAL,NO LE INTERESA,16038000.0
2025-04-26,Luis Romero,CONTADO,CARLOS PAZ,140.0,64.8,AMERICANA,E.E,LLAVE EN MANO,PIEDRA NATURAL,NO LE INTERESA,26725000.0
2025-03-05,Maria Garcia,CONTADO,BUENOS AIRES,56.0,60.9,CABAÑA,E.E,LLAVE EN MANO,PIEDRA NATURAL,NO LE INTERESA,25049000.0
2026-01-07,Ana Martinez,PLAN 36-60,MENDIOLAZA,5.0,87.4,MINIMALISTA,W.F,OBRA GRIS,LADRILLO,NO LE INTERESA,27429000.0
2024-10-11,Jorge Lopez,FINANCIACION PROPIA,CARLOS PAZ,31.0,41.9,CABAÑA,E.E,OBRA GRIS,LADRILLO,NO LE INTERESA,12142000.0
2025-05-30,Ana Lopez,FINANCIACION PROPIA,LA PLATA,111.0,36.4,AMERICANA,W.F,LLAVE EN MANO,MADERA,POTABLE,16776000.0
2024-04-08,Maria Martinez,PLAN 36-60,ALTA GRACIA,5.0,52.7,MINIMALISTA,W.F,OBRA GRIS,MADERA,NO LE INTERESA,16822000.0
2025-01-31,Lucia Garcia,NO SABE,CÓRDOBA CAPITAL,225.0,88.3,AMERICANA,S.F,LLAVE EN MANO,MADERA,NO LE INTERESA,44327000.0
2025-05-03,Lucia Romero,PLAN 36-60,BUENOS AIRES,149.0,37.3,MINIMALISTA,E.E,OBRA GRIS,MADERA,NO LE INTERESA,11154000.0
2024-02-08,Pedro Perez,FINANCIACION PROPIA,MENDIOLAZA,5.0,20.0,CABAÑA,S.F,OBRA GRIS,LADRILLO,POTABLE,7019000.0
2024-09-27,Elena Rodriguez,PLAN 36-60,CARLOS PAZ,135.0,56.2,AMERICANA,E.E,LLAVE EN MANO,LADRILLO,NO LE INTERESA,23211000.0
2024-06-05,Carla Gonzalez,CONTADO,ALTA GRACIA,23.0,74.0,MINIMALISTA,E.E,LLAVE EN MANO,PIEDRA NATURAL,POTABLE,29457000.0
2024-03-15,Ana Gonzalez,NO SABE,CÓRDOBA CAPITAL,93.0,34.7,MINIMALISTA,S.F,LLAVE EN MANO,MADERA,POTABLE,17113000.0
2024-05-09,Juan Perez,CONTADO,ALTA GRACIA,27.0,72.0,CABAÑA,W.F,LLAVE EN MANO,PIEDRA NATURAL,POTABLE,32967000.0
2025-11-17,Juan Gonzalez,PLAN 36-60,MENDIOLAZA,29.0,34.3,MINIMALISTA,E.E,OBRA GRIS,PIEDRA NATURAL,NO LE INTERESA,9746000.0
2024-03-24,Lucia Garcia,CONTADO,LA PLATA,50.0,52.1,MINIMALISTA,W.F,LLAVE EN MANO,LADRILLO,NO LE INTERESA,23377000.0
2024-01-22,Maria Sanchez,PLAN 36-60,MENDIOLAZA,74.0,70.1,AMERICANA,S.F,OBRA GRIS,PIEDRA NATURAL,NO LE INTERESA,24800000.0
2025-04-03,Lucia Martinez,NO SABE,MENDIOLAZA,5.0,31.3,CABAÑA,S.F,OBRA GRIS,PIEDRA NATURAL,NO LE INTERESA,11185000.0
2025-06-22,Pedro Lopez,CONTADO,CÓRDOBA CAPITAL,45.0,58.6,CABAÑA,E.E,LLAVE EN MANO,LADRILLO,NO LE INTERESA,23819000.0
2025-12-07,Lucia Garcia,FINANCIACION PROPIA,CÓRDOBA CAPITAL,10.0,79.3,AMERICANA,S.F,OBRA GRIS,LADRILLO,NO LE INTERESA,27227000.0
2025-01-16,Jorge Martinez,CONTADO,CARLOS PAZ,21.0,64.5,AMERICANA,E.E,LLAVE EN MANO,LADRILLO,POTABLE,24087000.0
2026-01-17,Maria Perez,CONTADO,SANTIAGO DEL ESTERO,21.0,40.6,AMERICANA,E.E,LLAVE EN MANO,LADRILLO,POTABLE,16028000.0
2025-03-15,Maria Martinez,CONTADO,MENDIOLAZA,32.0,85.4,MINIMALISTA,E.E,OBRA GRIS,MADERA,NO LE INTERESA,23934000.0
2025-08-26,Elena Lopez,FINANCIACION PROPIA,CÓRDOBA CAPITAL,20.0,68.2,CABAÑA,E.E,LLAVE EN MANO,MADERA,POTABLE,25571000.0
2024-01-21,Ana Perez,CONTADO,MENDIOLAZA,6.0,20.0,CABAÑA,E.E,LLAVE EN MANO,MADERA,VENDIDO,7953000.0
2024-10-29,Diego Gonzalez,PLAN 36-60,MENDIOLAZA,8.0,72.3,CABAÑA,S.F,LLAVE EN MANO,PIEDRA NATURAL,POTABLE,37003000.0
2024-03-24,Maria Lopez,CONTADO,CÓRDOBA CAPITAL,5.0,43.6,MINIMALISTA,E.E,OBRA GRIS,MADERA,NO LE INTERESA,12096000.0
2026-02-12,Elena Lopez,CONTADO,LA PLATA,32.0,58.9,CABAÑA,W.F,OBRA GRIS,LADRILLO,NO LE INTERESA,19764000.0
2025-10-20,Pedro Perez,FINANCIACION PROPIA,LA PLATA,154.0,75.2,CABAÑA,E.E,LLAVE EN MANO,MADERA,POTABLE,30640000.0
2025-03-28,Luis Martinez,CONTADO,MENDIOLAZA,6.0,44.0,CABAÑA,E.E,LLAVE EN MANO,LADRILLO,POTABLE,16673000.0
2025-01-21,Luis Martinez,CONTADO,LA PLATA,146.0,22.1,CABAÑA,E.E,OBRA GRIS,MADERA,POTABLE,6591000.0
2025-05-21,Lucia Perez,CONTADO,MENDIOLAZA,66.0,85.1,AMERICANA,S.F,OBRA GRIS,MADERA,NO LE INTERESA,29934000.0
2024-09-13,Carla Garcia,PLAN 36-60,CARLOS PAZ,51.0,78.3,MINIMALISTA,W.F,LLAVE EN MANO,LADRILLO,POTABLE,36855000.0
2025-07-23,Carla Lopez,PLAN 36-60,CÓRDOBA CAPITAL,52.0,53.3,CABAÑA,W.F,OBRA GRIS,LADRILLO,NO LE INTERESA,16705000.0
2025-06-10,Carla Rodriguez,CONTADO,MENDIOLAZA,88.0,72.1,CABAÑA,W.F,LLAVE EN MANO,PIEDRA NATURAL,NO LE INTERESA,31411000.0
2024-06-10,Carla Rodriguez,CONTADO,LA PLATA,6.0,47.6,CABAÑA,S.F,LLAVE EN MANO,,NO LE INTERESA,22729000.0
2024-06-11,Juan Lopez,PLAN 36-60,LA PLATA,35.0,56.9,CABAÑA,S.F,LLAVE EN MANO,PIEDRA NATURAL,POTABLE,26703000.0
2025-06-07,Pedro Gonzalez,CONTADO,ALTA GRACIA,60.0,52.1,CABAÑA,E.E,OBRA GRIS,MADERA,POTABLE,14414000.0
2026-02-24,Ana Sanchez,FINANCIACION PROPIA,ALTA GRACIA,44.0,48.4,AMERICANA,S.F,OBRA GRIS,MADERA,NO LE INTERESA,16637000.0
2024-09-27,Ana Romero,FINANCIACION PROPIA,BUENOS AIRES,89.0,62.2,AMERICANA,W.F,OBRA GRIS,LADRILLO,POTABLE,19993000.0
2025-05-06,Diego Rodriguez,PLAN 36-60,LA PLATA,5.0,,MINIMALISTA,W.F,LLAVE EN MANO,LADRILLO,NO LE INTERESA,13841000.0
2024-07-26,Jorge Garcia,CONTADO,BUENOS AIRES,59.0,50.0,MINIMALISTA,S.F,OBRA GRIS,PIEDRA NATURAL,POTABLE,16964000.0
2025-06-22,Luis Gonzalez,FINANCIACION PROPIA,BUENOS AIRES,38.0,61.3,CABAÑA,S.F,OBRA GRIS,LADRILLO,NO LE INTERESA,21769000.0
2025-08-06,Ana Perez,FINANCIACION PROPIA,BUENOS AIRES,24.0,91.8,CABAÑA,W.F,LLAVE EN MANO,MADERA,NO LE INTERESA,40274000.0
2024-02-29,Juan Perez,PLAN 36-60,CARLOS PAZ,21.0,31.6,AMERICANA,W.F,OBRA GRIS,LADRILLO,NO LE INTERESA,9821000.0
2025-03-05,Juan Perez,FINANCIACION PROPIA,SANTIAGO DEL ESTERO,48.0,65.4,MINIMALISTA,W.F,LLAVE EN MANO,LADRILLO,VENDIDO,30171000.0
2025-10-18,Juan Romero,FINANCIACION PROPIA,MENDIOLAZA,111.0,67.6,CABAÑA,W.F,LLAVE EN MANO,LADRILLO,POTABLE,29178000.0
2025-08-27,Maria Rodriguez,PLAN 36-60,ALTA GRACIA,34.0,,CABAÑA,W.F,OBRA GRIS,LADRILLO,NO LE INTERESA,6406000.0
2024-11-04,Carla Romero,CONTADO,MENDIOLAZA,87.0,63.2,CABAÑA,S.F,OBRA GRIS,LADRILLO,POTABLE,21459000.0
2025-06-03,Carla Perez,FINANCIACION PROPIA,ALTA GRACIA,26.0,72.6,MINIMALISTA,S.F,LLAVE EN MANO,PIEDRA NATURAL,POTABLE,36976000.0
2025-08-13,Lucia Martinez,,CÓRDOBA CAPITAL,5.0,66.8,AMERICANA,E.E,OBRA GRIS,PIEDRA NATURAL,POTABLE,19319000.0
2024-01-27,Pedro Perez,FINANCIACION PROPIA,CÓRDOBA CAPITAL,5.0,53.3,AMERICANA,E.E,OBRA GRIS,MADERA,NO LE INTERESA,14275000.0
2025-11-16,Ana Rodriguez,FINANCIACION PROPIA,LA PLATA,5.0,61.7,CABAÑA,E.E,OBRA GRIS,PIEDRA NATURAL,NO LE INTERESA,17371000.0
2025-07-15,Carla Rodriguez,FINANCIACION PROPIA,CÓRDOBA CAPITAL,24.0,58.4,CABAÑA,S.F,LLAVE EN MANO,LADRILLO,NO LE INTERESA,28066000.0
2024-07-17,Luis Lopez,PLAN 36-60,CÓRDOBA CAPITAL,21.0,21.2,CABAÑA,E.E,LLAVE EN MANO,PIEDRA NATURAL,NO LE INTERESA,8085000.0
2025-01-21,Jorge Lopez,CONTADO,SANTIAGO DEL ESTERO,63.0,58.9,CABAÑA,E.E,OBRA GRIS,MADERA,NO LE INTERESA,16274000.0
2024-12-14,Carla Perez,CONTADO,BUENOS AIRES,68.0,47.7,CABAÑA,S.F,LLAVE EN MANO,PIEDRA NATURAL,NO LE INTERESA,24217000.0
2025-11-23,Pedro Lopez,FINANCIACION PROPIA,CARLOS PAZ,5.0,40.9,MINIMALISTA,W.F,OBRA GRIS,MADERA,POTABLE,12595000.0
2025-06-19,Luis Sanchez,FINANCIACION PROPIA,LA PLATA,12.0,104.7,AMERICANA,S.F,OBRA GRIS,MADERA,POTABLE,37206000.0
2025-01-12,Elena Romero,PLAN 36-60,SANTIAGO DEL ESTERO,16.0,80.1,MINIMALISTA,S.F,OBRA GRIS,MADERA,POTABLE,29219000.0
2025-07-11,Jorge Romero,CONTADO,LA PLATA,40.0,32.0,MINIMALISTA,W.F,OBRA GRIS,LADRILLO,POTABLE,10310000.0
2025-06-10,Pedro Garcia,NO SABE,CARLOS PAZ,8.0,61.9,CABAÑA,E.E,LLAVE EN MANO,MADERA,POTABLE,25252000.0
2024-06-01,Pedro Romero,NO SABE,LA PLATA,7.0,84.2,MINIMALISTA,S.F,OBRA GRIS,PIEDRA NATURAL,POTABLE,30680000.0
2026-01-03,Elena Garcia,PLAN 36-60,MENDIOLAZA,144.0,25.1,AMERICANA,S.F,LLAVE EN MANO,PIEDRA NATURAL,VENDIDO,12652000.0
2024-07-24,Diego Martinez,PLAN 36-60,MENDIOLAZA,82.0,56.5,CABAÑA,W.F,LLAVE EN MANO,PIEDRA NATURAL,NO LE INTERESA,25480000.0
2025-03-30,Elena Sanchez,FINANCIACION PROPIA,MENDIOLAZA,10.0,57.5,AMERICANA,S.F,OBRA GRIS,MADERA,NO LE INTERESA,20619000.0
2024-09-29,Jorge Lopez,FINANCIACION PROPIA,CÓRDOBA CAPITAL,26.0,29.5,MINIMALISTA,E.E,OBRA GRIS,MADERA,VENDIDO,8644000.0
2024-08-23,Pedro Rodriguez,NO SABE,CARLOS PAZ,22.0,,CABAÑA,W.F,LLAVE EN MANO,LADRILLO,NO LE INTERESA,28762000.0
2026-01-09,Elena Sanchez,CONTADO,SANTIAGO DEL ESTERO,78.0,77.3,AMERICANA,S.F,OBRA GRIS,MADERA,POTABLE,26383000.0
2025-06-04,Pedro Garcia,PLAN 36-60,SANTIAGO DEL ESTERO,36.0,85.2,AMERICANA,E.E,OBRA GRIS,PIEDRA NATURAL,NO LE INTERESA,24675000.0
2025-11-08,Ana Romero,PLAN 36-60,ALTA GRACIA,7.0,50.0,CABAÑA,E.E,LLAVE EN MANO,LADRILLO,POTABLE,20496000.0
2025-12-26,Luis Rodriguez,FINANCIACION PROPIA,SANTIAGO DEL ESTERO,67.0,105.0,AMERICANA,S.F,LLAVE EN MANO,PIEDRA NATURAL,POTABLE,51088000.0
2025-05-15,Pedro Garcia,FINANCIACION PROPIA,BUENOS AIRES,25.0,20.0,CABAÑA,E.E,LLAVE EN MANO,LADRILLO,POTABLE,8033000.0
2024-04-26,Maria Garcia,NO SABE,MENDIOLAZA,15.0,62.1,CABAÑA,W.F,OBRA GRIS,MADERA,POTABLE,20055000.0
2025-01-20,Maria Lopez,PLAN 36-60,BUENOS AIRES,24.0,26.8,MINIMALISTA,E.E,OBRA GRIS,LADRILLO,NO LE INTERESA,7247000.0
2024-12-09,Juan Lopez,FINANCIACION PROPIA,BUENOS AIRES,34.0,,AMERICANA,W.F,LLAVE EN MANO,,NO LE INTERESA,25271000.0
2025-08-06,Jorge Rodriguez,PLAN 36-60,MENDIOLAZA,21.0,44.6,CABAÑA,W.F,LLAVE EN MANO,MADERA,POTABLE,19460000.0
2025-01-29,Luis Romero,PLAN 36-60,ALTA GRACIA,14.0,65.1,MINIMALISTA,W.F,OBRA GRIS,PIEDRA NATURAL,POTABLE,21347000.0
2024-03-04,Lucia Gonzalez,CONTADO,CÓRDOBA CAPITAL,25.0,52.5,MINIMALISTA,S.F,LLAVE EN MANO,MADERA,POTABLE,25974000.0
2025-12-17,Lucia Sanchez,FINANCIACION PROPIA,SANTIAGO DEL ESTERO,5.0,38.5,CABAÑA,E.E,LLAVE EN MANO,MADERA,NO LE INTERESA,14395000.0
2025-12-21,Ana Sanchez,NO SABE,CARLOS PAZ,74.0,39.8,CABAÑA,S.F,OBRA GRIS,MADERA,POTABLE,13425000.0
2024-03-12,Diego Perez,CONTADO,ALTA GRACIA,9.0,93.6,AMERICANA,S.F,LLAVE EN MANO,PIEDRA NATURAL,VENDIDO,44780000.0
2026-02-27,Pedro Garcia,CONTADO,SANTIAGO DEL ESTERO,5.0,63.9,AMERICANA,W.F,OBRA GRIS,MADERA,POTABLE,21087000.0
2024-09-30,Elena Sanchez,FINANCIACION PROPIA,CÓRDOBA CAPITAL,53.0,21.0,AMERICANA,S.F,LLAVE EN MANO,PIEDRA NATURAL,VENDIDO,9983000.0
2024-11-15,Jorge Perez,PLAN 36-60,BUENOS AIRES,74.0,66.0,CABAÑA,E.E,OBRA GRIS,LADRILLO,POTABLE,18042000.0
2024-12-03,Luis Romero,NO SABE,CARLOS PAZ,84.0,51.1,MINIMALISTA,S.F,OBRA GRIS,PIEDRA NATURAL,NO LE INTERESA,18745000.0
2024-12-31,Diego Garcia,CONTADO,CARLOS PAZ,34.0,55.1,MINIMALISTA,S.F,LLAVE EN MANO,PIEDRA NATURAL,POTABLE,27175000.0
2025-05-09,Diego Martinez,CONTADO,BUENOS AIRES,11.0,71.4,CABAÑA,W.F,LLAVE EN MANO,,NO LE INTERESA,32593000.0
2025-08-29,Ana Lopez,PLAN 36-60,CÓRDOBA CAPITAL,67.0,78.7,AMERICANA,W.F,LLAVE EN MANO,PIEDRA NATURAL,POTABLE,35421000.0
2024-06-14,Lucia Perez,CONTADO,SANTIAGO DEL ESTERO,60.0,37.8,MINIMALISTA,S.F,OBRA GRIS,LADRILLO,NO LE INTERESA,13053000.0
2025-06-27,Jorge Perez,CONTADO,BUENOS AIRES,14.0,54.4,MINIMALISTA,W.F,LLAVE EN MANO,PIEDRA NATURAL,POTABLE,23929000.0
2024-01-11,Elena Perez,CONTADO,LA PLATA,117.0,44.1,AMERICANA,S.F,OBRA GRIS,MADERA,NO LE INTERESA,15750000.0
2024-10-27,Diego Sanchez,CONTADO,SANTIAGO DEL ESTERO,6.0,66.9,MINIMALISTA,E.E,LLAVE EN MANO,LADRILLO,POTABLE,26158000.0
2025-12-29,Ana Lopez,CONTADO,BUENOS AIRES,203.0,50.4,AMERICANA,E.E,OBRA GRIS,MADERA,POTABLE,14277000.0
2024-04-11,Lucia Sanchez,NO SABE,BUENOS AIRES,98.0,55.6,MINIMALISTA,W.F,LLAVE EN MANO,MADERA,POTABLE,25702000.0
2025-02-28,Ana Gonzalez,CONTADO,ALTA GRACIA,58.0,49.6,MINIMALISTA,E.E,OBRA GRIS,,VENDIDO,13841000.0
2025-01-26,Ana Garcia,PLAN 36-60,ALTA GRACIA,140.0,,MINIMALISTA,E.E,OBRA GRIS,MADERA,POTABLE,14326000.0
2026-02-17,Diego Garcia,FINANCIACION PROPIA,SANTIAGO DEL ESTERO,64.0,89.1,AMERICANA,S.F,OBRA GRIS,LADRILLO,POTABLE,32344000.0
2024-08-01,Elena Rodriguez,PLAN 36-60,MENDIOLAZA,11.0,102.8,MINIMALISTA,W.F,OBRA GRIS,LADRILLO,POTABLE,32517000.0
2025-11-21,Ana Lopez,PLAN 36-60,ALTA GRACIA,29.0,62.5,MINIMALISTA,E.E,OBRA GRIS,LADRILLO,NO LE INTERESA,18327000.0
2024-03-28,Pedro Lopez,FINANCIACION PROPIA,LA PLATA,5.0,53.0,MINIMALISTA,W.F,OBRA GRIS,LADRILLO,POTABLE,17722000.0
2025-07-06,Pedro Martinez,FINANCIACION PROPIA,MENDIOLAZA,25.0,23.1,CABAÑA,W.F,LLAVE EN MANO,PIEDRA NATURAL,NO LE INTERESA,10173000.0
2025-02-04,Juan Martinez,FINANCIACION PROPIA,LA PLATA,68.0,39.8,MINIMALISTA,W.F,OBRA GRIS,LADRILLO,NO LE INTERESA,13519000.0
2025-08-10,Juan Perez,PLAN 36-60,CARLOS PAZ,24.0,52.5,MINIMALISTA,E.E,LLAVE EN MANO,PIEDRA NATURAL,NO LE INTERESA,21345000.0
2024-02-15,Lucia Sanchez,FINANCIACION PROPIA,ALTA GRACIA,20.0,,AMERICANA,W.F,LLAVE EN MANO,MADERA,POTABLE,19269000.0
2025-11-02,Juan Martinez,PLAN 36-60,BUENOS AIRES,45.0,42.8,AMERICANA,W.F,LLAVE EN MANO,MADERA,NO LE INTERESA,19706000.0
2025-04-07,Carla Sanchez,CONTADO,MENDIOLAZA,103.0,86.5,CABAÑA,S.F,LLAVE EN MANO,PIEDRA NATURAL,POTABLE,44372000.0
2025-08-14,Elena Perez,FINANCIACION PROPIA,SANTIAGO DEL ESTERO,5.0,55.6,AMERICANA,S.F,LLAVE EN MANO,MADERA,POTABLE,27770000.0
2024-11-05,Maria Martinez,PLAN 36-60,MENDIOLAZA,24.0,57.4,AMERICANA,S.F,LLAVE EN MANO,MADERA,POTABLE,29162000.0
2024-03-26,Pedro Gonzalez,NO SABE,BUENOS AIRES,9.0,41.5,AMERICANA,S.F,LLAVE EN MANO,LADRILLO,NO LE INTERESA,20573000.0
2024-04-01,Jorge Perez,CONTADO,CARLOS PAZ,59.0,78.6,CABAÑA,W.F,OBRA GRIS,MADERA,POTABLE,26488000.0
2025-10-21,Diego Rodriguez,CONTADO,LA PLATA,6.0,50.7,CABAÑA,S.F,LLAVE EN MANO,MADERA,POTABLE,24897000.0
2025-11-03,Carla Garcia,NO SABE,CARLOS PAZ,55.0,44.6,MINIMALISTA,S.F,LLAVE EN MANO,PIEDRA NATURAL,NO LE INTERESA,22455000.0
2025-12-14,Pedro Perez,CONTADO,CÓRDOBA CAPITAL,17.0,23.4,MINIMALISTA,E.E,OBRA GRIS,LADRILLO,POTABLE,6852000.0
2024-08-29,Carla Perez,,ALTA GRACIA,11.0,53.8,AMERICANA,S.F,OBRA GRIS,MADERA,NO LE INTERESA,18700000.0
2024-01-02,Pedro Lopez,NO SABE,SANTIAGO DEL ESTERO,138.0,44.0,MINIMALISTA,S.F,LLAVE EN MANO,MADERA,NO LE INTERESA,20736000.0
2024-08-12,Ana Garcia,,LA PLATA,5.0,88.7,MINIMALISTA,E.E,OBRA GRIS,PIEDRA NATURAL,POTABLE,23882000.0
2026-01-14,Lucia Garcia,PLAN 36-60,CARLOS PAZ,29.0,91.9,CABAÑA,W.F,LLAVE EN MANO,MADERA,POTABLE,43429000.0
2025-08-11,Juan Sanchez,PLAN 36-60,SANTIAGO DEL ESTERO,5.0,30.3,CABAÑA,W.F,OBRA GRIS,LADRILLO,POTABLE,10128000.0
2024-04-25,Pedro Perez,,ALTA GRACIA,33.0,32.6,MINIMALISTA,E.E,LLAVE EN MANO,LADRILLO,NO LE INTERESA,12807000.0
2025-10-27,Diego Garcia,FINANCIACION PROPIA,BUENOS AIRES,35.0,49.5,MINIMALISTA,E.E,OBRA GRIS,LADRILLO,VENDIDO,14554000.0
2024-04-12,Pedro Lopez,PLAN 36-60,SANTIAGO DEL ESTERO,19.0,38.7,MINIMALISTA,W.F,LLAVE EN MANO,PIEDRA NATURAL,POTABLE,16925000.0
2024-07-12,Maria Rodriguez,NO SABE,ALTA GRACIA,7.0,59.3,AMERICANA,S.F,OBRA GRIS,LADRILLO,NO LE INTERESA,19958000.0
2024-06-14,Juan Garcia,PLAN 36-60,ALTA GRACIA,24.0,48.5,CABAÑA,E.E,LLAVE EN MANO,LADRILLO,NO LE INTERESA,19241000.0
2024-03-30,Carla Perez,NO SABE,ALTA GRACIA,56.0,60.6,MINIMALISTA,E.E,OBRA GRIS,LADRILLO,NO LE INTERESA,16851000.0
2025-11-16,Lucia Lopez,CONTADO,CARLOS PAZ,76.0,75.3,MINIMALISTA,E.E,OBRA GRIS,LADRILLO,NO LE INTERESA,20858000.0
2024-05-01,Luis Garcia,CONTADO,BUENOS AIRES,38.0,,AMERICANA,W.F,OBRA GRIS,LADRILLO,POTABLE,11164000.0
2024-05-22,Luis Rodriguez,PLAN 36-60,ALTA GRACIA,45.0,74.9,CABAÑA,W.F,OBRA GRIS,LADRILLO,POTABLE,23339000.0
2024-04-15,Carla Sanchez,CONTADO,SANTIAGO DEL ESTERO,11.0,40.4,AMERICANA,W.F,OBRA GRIS,PIEDRA NATURAL,NO LE INTERESA,13388000.0
2025-03-03,Jorge Lopez,FINANCIACION PROPIA,BUENOS AIRES,17.0,98.0,AMERICANA,W.F,LLAVE EN MANO,,NO LE INTERESA,43583000.0
2024-10-31,Elena Romero,CONTADO,CÓRDOBA CAPITAL,9.0,87.4,MINIMALISTA,W.F,LLAVE EN MANO,MADERA,POTABLE,41332000.0
2024-11-12,Ana Rodriguez,NO SABE,SANTIAGO DEL ESTERO,14.0,52.7,AMERICANA,S.F,LLAVE EN MANO,PIEDRA NATURAL,POTABLE,26642000.0
2025-09-26,Lucia Perez,CONTADO,CARLOS PAZ,13.0,35.7,AMERICANA,S.F,OBRA GRIS,MADERA,POTABLE,12697000.0
2024-01-09,Diego Sanchez,PLAN 36-60,ALTA GRACIA,37.0,31.9,MINIMALISTA,W.F,OBRA GRIS,MADERA,NO LE INTERESA,10048000.0
2026-02-12,Ana Sanchez,CONTADO,BUENOS AIRES,41.0,72.5,CABAÑA,W.F,OBRA GRIS,LADRILLO,NO LE INTERESA,24475000.0
2024-03-13,Carla Martinez,PLAN 36-60,CÓRDOBA CAPITAL,145.0,54.4,MINIMALISTA,W.F,LLAVE EN MANO,MADERA,NO LE INTERESA,23585000.0
2024-12-24,Jorge Lopez,CONTADO,CARLOS PAZ,11.0,73.5,CABAÑA,E.E,LLAVE EN MANO,MADERA,POTABLE,28031000.0
2024-08-10,Lucia Sanchez,,LA PLATA,51.0,99.1,AMERICANA,E.E,LLAVE EN MANO,MADERA,POTABLE,37121000.0
2025-02-19,Ana Rodriguez,FINANCIACION PROPIA,LA PLATA,85.0,39.6,AMERICANA,W.F,OBRA GRIS,LADRILLO,POTABLE,13480000.0
2025-07-06,Pedro Perez,CONTADO,LA PLATA,41.0,30.4,MINIMALISTA,W.F,OBRA GRIS,LADRILLO,NO LE INTERESA,10216000.0
2025-01-04,Diego Rodriguez,CONTADO,CÓRDOBA CAPITAL,15.0,58.9,MINIMALISTA,E.E,OBRA GRIS,LADRILLO,POTABLE,17261000.0
2025-12-16,Jorge Martinez,FINANCIACION PROPIA,BUENOS AIRES,15.0,77.9,MINIMALISTA,E.E,LLAVE EN MANO,PIEDRA NATURAL,POTABLE,31216000.0
2024-09-20,Elena Lopez,CONTADO,SANTIAGO DEL ESTERO,5.0,36.2,AMERICANA,E.E,OBRA GRIS,LADRILLO,POTABLE,9664000.0
2025-11-20,Elena Garcia,PLAN 36-60,CÓRDOBA CAPITAL,18.0,55.7,AMERICANA,E.E,OBRA GRIS,LADRILLO,NO LE INTERESA,16297000.0
2024-11-13,Lucia Martinez,CONTADO,BUENOS AIRES,68.0,82.4,CABAÑA,E.E,OBRA GRIS,MADERA,POTABLE,22991000.0
2024-03-24,Pedro Sanchez,CONTADO,CÓRDOBA CAPITAL,5.0,22.3,MINIMALISTA,W.F,LLAVE EN MANO,LADRILLO,NO LE INTERESA,9928000.0
2024-11-13,Lucia Martinez,PLAN 36-60,BUENOS AIRES,12.0,59.7,AMERICANA,W.F,LLAVE EN MANO,MADERA,NO LE INTERESA,26349000.0
2024-04-20,Ana Perez,CONTADO,CÓRDOBA CAPITAL,61.0,,CABAÑA,E.E,LLAVE EN MANO,,POTABLE,17047000.0
2024-09-07,Elena Rodriguez,FINANCIACION PROPIA,LA PLATA,76.0,57.5,MINIMALISTA,W.F,OBRA GRIS,LADRILLO,POTABLE,19189000.0
2025-01-17,Lucia Gonzalez,NO SABE,MENDIOLAZA,30.0,69.2,MINIMALISTA,E.E,OBRA GRIS,LADRILLO,NO LE INTERESA,18948000.0
2024-01-07,Jorge Sanchez,CONTADO,BUENOS AIRES,60.0,59.4,CABAÑA,E.E,LLAVE EN MANO,LADRILLO,NO LE INTERESA,22725000.0
2025-04-03,Lucia Sanchez,NO SABE,BUENOS AIRES,25.0,34.8,CABAÑA,E.E,OBRA GRIS,LADRILLO,NO LE INTERESA,9975000.0
2024-03-24,Elena Martinez,CONTADO,BUENOS AIRES,9.0,45.0,CABAÑA,W.F,OBRA GRIS,LADRILLO,POTABLE,14195000.0
2024-07-26,Juan Romero,CONTADO,SANTIAGO DEL ESTERO,25.0,83.5,AMERICANA,W.F,OBRA GRIS,LADRILLO,VENDIDO,25614000.0
2025-01-24,Pedro Sanchez,CONTADO,MENDIOLAZA,43.0,61.6,MINIMALISTA,W.F,LLAVE EN MANO,MADERA,POTABLE,29036000.0
2024-11-09,Diego Lopez,PLAN 36-60,MENDIOLAZA,148.0,71.8,MINIMALISTA,W.F,LLAVE EN MANO,PIEDRA NATURAL,VENDIDO,31982000.0
2024-01-22,Pedro Garcia,PLAN 36-60,CÓRDOBA CAPITAL,5.0,,CABAÑA,S.F,LLAVE EN MANO,PIEDRA NATURAL,VENDIDO,30185000.0
2025-02-13,Elena Garcia,CONTADO,SANTIAGO DEL ESTERO,35.0,71.2,AMERICANA,E.E,OBRA GRIS,LADRILLO,NO LE INTERESA,19927000.0
2025-05-29,Carla Gonzalez,FINANCIACION PROPIA,MENDIOLAZA,20.0,47.1,CABAÑA,E.E,LLAVE EN MANO,PIEDRA NATURAL,NO LE INTERESA,17816000.0
2024-05-06,Diego Garcia,FINANCIACION PROPIA,ALTA GRACIA,35.0,39.6,AMERICANA,W.F,LLAVE EN MANO,MADERA,NO LE INTERESA,18194000.0
2025-11-30,Juan Martinez,CONTADO,CÓRDOBA CAPITAL,5.0,70.3,MINIMALISTA,W.F,LLAVE EN MANO,MADERA,POTABLE,30848000.0
2024-01-14,Diego Perez,FINANCIACION PROPIA,CÓRDOBA CAPITAL,19.0,77.5,MINIMALISTA,S.F,LLAVE EN MANO,,NO LE INTERESA,37198000.0
2024-01-12,Lucia Rodriguez,NO SABE,CÓRDOBA CAPITAL,86.0,36.7,AMERICANA,E.E,LLAVE EN MANO,PIEDRA NATURAL,VENDIDO,13837000.0
2024-03-27,Jorge Garcia,CONTADO,ALTA GRACIA,40.0,43.5,MINIMALISTA,E.E,OBRA GRIS,PIEDRA NATURAL,POTABLE,11648000.0
2025-06-07,Ana Martinez,CONTADO,ALTA GRACIA,30.0,51.7,MINIMALISTA,W.F,OBRA GRIS,PIEDRA NATURAL,VENDIDO,16715000.0
2025-06-20,Pedro Sanchez,PLAN 36-60,LA PLATA,17.0,87.4,CABAÑA,W.F,OBRA GRIS,LADRILLO,NO LE INTERESA,26923000.0
2024-10-27,Juan Garcia,PLAN 36-60,CARLOS PAZ,18.0,66.3,AMERICANA,S.F,OBRA GRIS,MADERA,NO LE INTERESA,22557000.0
2024-08-30,Lucia Rodriguez,PLAN 36-60,SANTIAGO DEL ESTERO,24.0,28.5,MINIMALISTA,E.E,OBRA GRIS,MADERA,POTABLE,8356000.0
2024-05-01,Maria Romero,CONTADO,CARLOS PAZ,90.0,53.1,MINIMALISTA,S.F,OBRA GRIS,LADRILLO,POTABLE,17939000.0
2024-05-26,Juan Gonzalez,PLAN 36-60,CÓRDOBA CAPITAL,171.0,50.1,AMERICANA,E.E,LLAVE EN MANO,,VENDIDO,19479000.0
2025-07-20,Diego Garcia,PLAN 36-60,MENDIOLAZA,29.0,31.5,MINIMALISTA,W.F,OBRA GRIS,MADERA,POTABLE,10417000.0
2026-01-19,Pedro Sanchez,PLAN 36-60,CÓRDOBA CAPITAL,25.0,52.9,AMERICANA,S.F,OBRA GRIS,,NO LE INTERESA,19266000.0
2024-12-21,Carla Sanchez,CONTADO,MENDIOLAZA,94.0,49.2,AMERICANA,W.F,OBRA GRIS,LADRILLO,NO LE INTERESA,15258000.0
2025-11-15,Diego Sanchez,PLAN 36-60,LA PLATA,28.0,47.8,CABAÑA,E.E,OBRA GRIS,PIEDRA NATURAL,POTABLE,13004000.0
2026-01-02,Elena Garcia,CONTADO,BUENOS AIRES,40.0,46.9,AMERICANA,E.E,OBRA GRIS,LADRILLO,NO LE INTERESA,13044000.0
2025-09-22,Pedro Romero,PLAN 36-60,CARLOS PAZ,13.0,84.4,CABAÑA,S.F,OBRA GRIS,PIEDRA NATURAL,POTABLE,29149000.0
2024-11-04,Elena Garcia,NO SABE,BUENOS AIRES,68.0,47.7,MINIMALISTA,W.F,OBRA GRIS,LADRILLO,NO LE INTERESA,15134000.0
2025-11-25,Luis Lopez,PLAN 36-60,BUENOS AIRES,38.0,56.0,AMERICANA,E.E,OBRA GRIS,MADERA,POTABLE,15331000.0
2024-10-14,Juan Rodriguez,CONTADO,CÓRDOBA CAPITAL,83.0,53.8,CABAÑA,E.E,LLAVE EN MANO,LADRILLO,NO LE INTERESA,20723000.0
2024-11-02,Elena Gonzalez,PLAN 36-60,CARLOS PAZ,76.0,44.9,AMERICANA,S.F,OBRA GRIS,PIEDRA NATURAL,NO LE INTERESA,15249000.0
2025-08-16,Pedro Perez,FINANCIACION PROPIA,LA PLATA,12.0,56.6,MINIMALISTA,S.F,OBRA GRIS,MADERA,POTABLE,19160000.0
2025-12-23,Jorge Perez,FINANCIACION PROPIA,CARLOS PAZ,63.0,56.3,CABAÑA,W.F,OBRA GRIS,PIEDRA NATURAL,NO LE INTERESA,18418000.0
2025-10-23,Maria Romero,,MENDIOLAZA,80.0,56.6,CABAÑA,S.F,OBRA GRIS,PIEDRA NATURAL,NO LE INTERESA,19516000.0
2025-07-02,Maria Sanchez,CONTADO,SANTIAGO DEL ESTERO,21.0,37.8,CABAÑA,E.E,OBRA GRIS,LADRILLO,POTABLE,10509000.0
2024-12-17,Lucia Lopez,PLAN 36-60,BUENOS AIRES,9.0,50.9,MINIMALISTA,W.F,LLAVE EN MANO,LADRILLO,NO LE INTERESA,22757000.0
2024-11-07,Lucia Perez,PLAN 36-60,LA PLATA,5.0,70.2,CABAÑA,W.F,LLAVE EN MANO,PIEDRA NATURAL,NO LE INTERESA,30418000.0
2024-02-28,Elena Sanchez,NO SABE,CARLOS PAZ,30.0,51.4,MINIMALISTA,W.F,LLAVE EN MANO,LADRILLO,VENDIDO,23958000.0
2025-10-04,Juan Sanchez,PLAN 36-60,CÓRDOBA CAPITAL,22.0,58.2,MINIMALISTA,E.E,LLAVE EN MANO,PIEDRA NATURAL,POTABLE,23890000.0
2025-12-14,Jorge Gonzalez,PLAN 36-60,ALTA GRACIA,40.0,58.3,AMERICANA,S.F,LLAVE EN MANO,LADRILLO,NO LE INTERESA,27950000.0
2026-01-24,Jorge Romero,PLAN 36-60,ALTA GRACIA,10.0,63.3,MINIMALISTA,W.F,OBRA GRIS,,NO LE INTERESA,19978000.0
2024-02-04,Maria Perez,CONTADO,LA PLATA,98.0,,CABAÑA,E.E,LLAVE EN MANO,PIEDRA NATURAL,VENDIDO,26601000.0
2025-03-20,Lucia Sanchez,FINANCIACION PROPIA,ALTA GRACIA,15.0,51.5,CABAÑA,S.F,LLAVE EN MANO,MADERA,POTABLE,24198000.0
2024-04-02,Ana Lopez,PLAN 36-60,SANTIAGO DEL ESTERO,13.0,36.8,MINIMALISTA,W.F,LLAVE EN MANO,LADRILLO,NO LE INTERESA,17285000.0
2024-07-25,Ana Martinez,NO SABE,LA PLATA,33.0,30.6,MINIMALISTA,S.F,LLAVE EN MANO,PIEDRA NATURAL,VENDIDO,14473000.0
2024-12-18,Elena Rodriguez,PLAN 36-60,CÓRDOBA CAPITAL,35.0,75.4,AMERICANA,S.F,OBRA GRIS,MADERA,VENDIDO,27056000.0
2024-11-27,Lucia Gonzalez,CONTADO,CÓRDOBA CAPITAL,12.0,70.4,AMERICANA,S.F,OBRA GRIS,LADRILLO,NO LE INTERESA,24144000.0
2025-12-25,Ana Perez,PLAN 36-60,LA PLATA,16.0,68.0,CABAÑA,E.E,LLAVE EN MANO,LADRILLO,POTABLE,26208000.0
2024-06-07,Luis Rodriguez,CONTADO,ALTA GRACIA,9.0,71.2,MINIMALISTA,W.F,OBRA GRIS,PIEDRA NATURAL,NO LE INTERESA,22116000.0
2024-01-24,Ana Sanchez,CONTADO,ALTA GRACIA,63.0,51.8,CABAÑA,W.F,OBRA GRIS,LADRILLO,POTABLE,17020000.0
2025-02-07,Pedro Perez,CONTADO,CÓRDOBA CAPITAL,74.0,42.5,MINIMALISTA,W.F,OBRA GRIS,PIEDRA NATURAL,NO LE INTERESA,14203000.0
2025-05-30,Juan Romero,FINANCIACION PROPIA,SANTIAGO DEL ESTERO,31.0,35.4,CABAÑA,E.E,OBRA GRIS,PIEDRA NATURAL,NO LE INTERESA,10407000.0
2026-01-01,Lucia Romero,PLAN 36-60,MENDIOLAZA,63.0,33.2,CABAÑA,S.F,LLAVE EN MANO,LADRILLO,POTABLE,16087000.0
2024-12-29,Carla Sanchez,CONTADO,ALTA GRACIA,67.0,79.2,CABAÑA,E.E,OBRA GRIS,MADERA,POTABLE,22546000.0
2025-01-16,Elena Lopez,PLAN 36-60,SANTIAGO DEL ESTERO,7.0,45.1,MINIMALISTA,W.F,OBRA GRIS,LADRILLO,POTABLE,14409000.0
2025-06-15,Maria Gonzalez,PLAN 36-60,BUENOS AIRES,169.0,76.1,AMERICANA,S.F,LLAVE EN MANO,,POTABLE,37760000.0
2024-05-31,Diego Sanchez,NO SABE,ALTA GRACIA,86.0,51.3,AMERICANA,E.E,LLAVE EN MANO,LADRILLO,NO LE INTERESA,19556000.0
2025-07-15,Jorge Garcia,PLAN 36-60,MENDIOLAZA,11.0,41.5,MINIMALISTA,E.E,OBRA GRIS,MADERA,POTABLE,11732000.0
2025-11-19,Pedro Perez,FINANCIACION PROPIA,LA PLATA,10.0,33.1,AMERICANA,E.E,LLAVE EN MANO,LADRILLO,NO LE INTERESA,13444000.0
2025-08-30,Diego Perez,CONTADO,CARLOS PAZ,7.0,43.2,CABAÑA,E.E,LLAVE EN MANO,MADERA,NO LE INTERESA,17561000.0
2025-09-08,Juan Martinez,FINANCIACION PROPIA,CÓRDOBA CAPITAL,7.0,83.4,MINIMALISTA,S.F,LLAVE EN MANO,MADERA,NO LE INTERESA,40809000.0
2025-02-23,Carla Romero,FINANCIACION PROPIA,LA PLATA,69.0,33.3,MINIMALISTA,E.E,LLAVE EN MANO,LADRILLO,POTABLE,12809000.0
2024-09-06,Elena Sanchez,,ALTA GRACIA,32.0,97.3,AMERICANA,S.F,OBRA GRIS,LADRILLO,NO LE INTERESA,35251000.0
2024-04-26,Ana Sanchez,CONTADO,MENDIOLAZA,76.0,38.2,AMERICANA,E.E,LLAVE EN MANO,PIEDRA NATURAL,VENDIDO,15842000.0
2025-05-26,Pedro Romero,PLAN 36-60,CÓRDOBA CAPITAL,69.0,70.0,CABAÑA,W.F,OBRA GRIS,MADERA,POTABLE,22365000.0
2026-01-09,Juan Martinez,PLAN 36-60,CARLOS PAZ,46.0,52.1,MINIMALISTA,E.E,LLAVE EN MANO,LADRILLO,POTABLE,21362000.0
2025-07-31,Lucia Rodriguez,,CARLOS PAZ,58.0,48.6,AMERICANA,E.E,OBRA GRIS,PIEDRA NATURAL,NO LE INTERESA,14357000.0
2024-11-30,Ana Rodriguez,PLAN 36-60,MENDIOLAZA,5.0,29.6,MINIMALISTA,W.F,LLAVE EN MANO,LADRILLO,NO LE INTERESA,13212000.0
2025-02-21,Maria Martinez,NO SABE,MENDIOLAZA,19.0,53.0,CABAÑA,S.F,LLAVE EN MANO,MADERA,POTABLE,26561000.0
2026-02-12,Ana Romero,PLAN 36-60,ALTA GRACIA,51.0,31.8,CABAÑA,E.E,LLAVE EN MANO,LADRILLO,VENDIDO,12644000.0
2024-10-21,Maria Sanchez,NO SABE,CÓRDOBA CAPITAL,5.0,21.4,CABAÑA,E.E,OBRA GRIS,LADRILLO,NO LE INTERESA,6133000.0
2026-01-24,Carla Romero,CONTADO,BUENOS AIRES,5.0,57.4,MINIMALISTA,W.F,OBRA GRIS,,NO LE INTERESA,17851000.0
2025-01-05,Pedro Romero,FINANCIACION PROPIA,BUENOS AIRES,95.0,42.3,MINIMALISTA,S.F,LLAVE EN MANO,LADRILLO,POTABLE,20591000.0
2024-07-04,Lucia Garcia,PLAN 36-60,ALTA GRACIA,58.0,88.7,MINIMALISTA,W.F,LLAVE EN MANO,PIEDRA NATURAL,POTABLE,38321000.0
2024-09-02,Pedro Gonzalez,PLAN 36-60,CARLOS PAZ,15.0,75.0,MINIMALISTA,E.E,LLAVE EN MANO,,POTABLE,29756000.0
2025-09-28,Maria Martinez,NO SABE,LA PLATA,58.0,88.9,MINIMALISTA,S.F,OBRA GRIS,MADERA,POTABLE,32533000.0
2024-09-24,Luis Lopez,CONTADO,LA PLATA,79.0,41.4,CABAÑA,E.E,OBRA GRIS,LADRILLO,VENDIDO,11781000.0
2025-10-04,Elena Lopez,FINANCIACION PROPIA,SANTIAGO DEL ESTERO,18.0,57.7,CABAÑA,W.F,OBRA GRIS,PIEDRA NATURAL,NO LE INTERESA,17807000.0
2024-08-24,Jorge Lopez,PLAN 36-60,CARLOS PAZ,5.0,20.0,CABAÑA,E.E,OBRA GRIS,MADERA,NO LE INTERESA,5849000.0
2025-06-13,Juan Romero,CONTADO,BUENOS AIRES,135.0,49.4,AMERICANA,W.F,LLAVE EN MANO,LADRILLO,VENDIDO,21647000.0
2025-07-05,Ana Rodriguez,NO SABE,BUENOS AIRES,21.0,57.0,CABAÑA,W.F,OBRA GRIS,LADRILLO,POTABLE,19090000.0
2024-01-21,Carla Sanchez,PLAN 36-60,CARLOS PAZ,6.0,58.1,MINIMALISTA,S.F,OBRA GRIS,LADRILLO,POTABLE,20780000.0
2026-01-06,Jorge Lopez,FINANCIACION PROPIA,ALTA GRACIA,34.0,54.2,CABAÑA,W.F,LLAVE EN MANO,LADRILLO,VENDIDO,24818000.0
2025-06-03,Pedro Sanchez,CONTADO,SANTIAGO DEL ESTERO,73.0,56.3,AMERICANA,S.F,LLAVE EN MANO,LADRILLO,NO LE INTERESA,27937000.0
2024-04-09,Luis Sanchez,FINANCIACION PROPIA,MENDIOLAZA,13.0,20.0,AMERICANA,S.F,OBRA GRIS,PIEDRA NATURAL,NO LE INTERESA,6761000.0
2026-01-21,Luis Romero,PLAN 36-60,SANTIAGO DEL ESTERO,16.0,60.1,AMERICANA,S.F,OBRA GRIS,LADRILLO,NO LE INTERESA,21061000.0
2025-04-22,Lucia Gonzalez,CONTADO,CÓRDOBA CAPITAL,14.0,64.7,AMERICANA,S.F,LLAVE EN MANO,LADRILLO,NO LE INTERESA,30762000.0
2025-08-21,Diego Perez,PLAN 36-60,ALTA GRACIA,239.0,81.8,AMERICANA,S.F,OBRA GRIS,LADRILLO,NO LE INTERESA,29197000.0
2024-10-24,Elena Romero,CONTADO,MENDIOLAZA,11.0,62.4,MINIMALISTA,W.F,LLAVE EN MANO,LADRILLO,NO LE INTERESA,27998000.0
2025-06-09,Maria Lopez,PLAN 36-60,MENDIOLAZA,43.0,52.4,CABAÑA,W.F,OBRA GRIS,LADRILLO,VENDIDO,17242000.0
2024-11-29,Ana Gonzalez,CONTADO,BUENOS AIRES,130.0,77.1,MINIMALISTA,S.F,OBRA GRIS,LADRILLO,NO LE INTERESA,28491000.0
2024-01-02,Jorge Perez,CONTADO,LA PLATA,8.0,20.0,MINIMALISTA,W.F,OBRA GRIS,LADRILLO,NO LE INTERESA,6362000.0
2025-01-09,Juan Lopez,CONTADO,CÓRDOBA CAPITAL,177.0,44.7,AMERICANA,S.F,LLAVE EN MANO,MADERA,POTABLE,22427000.0
2024-10-19,Diego Romero,PLAN 36-60,SANTIAGO DEL ESTERO,147.0,39.7,CABAÑA,W.F,OBRA GRIS,MADERA,POTABLE,13478000.0
2025-07-06,Diego Gonzalez,PLAN 36-60,LA PLATA,108.0,54.3,CABAÑA,S.F,LLAVE EN MANO,LADRILLO,NO LE INTERESA,25679000.0
2024-11-13,Elena Romero,PLAN 36-60,CARLOS PAZ,12.0,20.0,CABAÑA,E.E,LLAVE EN MANO,PIEDRA NATURAL,POTABLE,8094000.0
2025-05-16,Jorge Sanchez,,ALTA GRACIA,50.0,81.4,AMERICANA,E.E,OBRA GRIS,LADRILLO,VENDIDO,22271000.0
2025-01-15,Jorge Garcia,PLAN 36-60,SANTIAGO DEL ESTERO,72.0,50.0,MINIMALISTA,S.F,OBRA GRIS,PIEDRA NATURAL,NO LE INTERESA,17679000.0
2025-09-14,Jorge Lopez,FINANCIACION PROPIA,CARLOS PAZ,214.0,61.4,CABAÑA,W.F,OBRA GRIS,PIEDRA NATURAL,VENDIDO,21079000.0
2024-01-14,Carla Romero,CONTADO,MENDIOLAZA,10.0,59.5,MINIMALISTA,S.F,LLAVE EN MANO,PIEDRA NATURAL,POTABLE,30582000.0
2025-05-18,Pedro Martinez,FINANCIACION PROPIA,BUENOS AIRES,73.0,80.2,CABAÑA,W.F,OBRA GRIS,PIEDRA NATURAL,VENDIDO,25456000.0
2024-08-18,Diego Martinez,PLAN 36-60,SANTIAGO DEL ESTERO,21.0,20.0,CABAÑA,S.F,LLAVE EN MANO,PIEDRA NATURAL,NO LE INTERESA,9469000.0
2024-03-24,Diego Martinez,FINANCIACION PROPIA,LA PLATA,10.0,57.2,CABAÑA,S.F,LLAVE EN MANO,MADERA,NO LE INTERESA,29272000.0
2024-05-09,Jorge Gonzalez,CONTADO,CÓRDOBA CAPITAL,27.0,,CABAÑA,W.F,OBRA GRIS,LADRILLO,POTABLE,26113000.0
2026-01-12,Pedro Martinez,CONTADO,LA PLATA,79.0,53.0,AMERICANA,W.F,OBRA GRIS,MADERA,NO LE INTERESA,17384000.0
2024-05-24,Lucia Romero,FINANCIACION PROPIA,ALTA GRACIA,31.0,36.0,AMERICANA,S.F,OBRA GRIS,MADERA,NO LE INTERESA,12055000.0
2024-01-28,Ana Romero,FINANCIACION PROPIA,BUENOS AIRES,39.0,42.9,MINIMALISTA,E.E,OBRA GRIS,LADRILLO,POTABLE,12374000.0
2024-03-06,Diego Martinez,CONTADO,ALTA GRACIA,267.0,47.1,AMERICANA,E.E,LLAVE EN MANO,,POTABLE,18224000.0
2024-06-11,Juan Garcia,CONTADO,SANTIAGO DEL ESTERO,25.0,40.6,CABAÑA,E.E,OBRA GRIS,LADRILLO,VENDIDO,11911000.0
2024-08-16,Juan Rodriguez,PLAN 36-60,LA PLATA,48.0,51.9,MINIMALISTA,E.E,LLAVE EN MANO,LADRILLO,POTABLE,20284000.0
2024-09-17,Carla Martinez,PLAN 36-60,CÓRDOBA CAPITAL,23.0,85.2,MINIMALISTA,E.E,OBRA GRIS,LADRILLO,POTABLE,24166000.0
2025-03-24,Elena Lopez,FINANCIACION PROPIA,MENDIOLAZA,25.0,43.1,MINIMALISTA,W.F,LLAVE EN MANO,LADRILLO,POTABLE,19041000.0
2025-02-27,Luis Lopez,CONTADO,ALTA GRACIA,59.0,45.2,CABAÑA,E.E,LLAVE EN MANO,,VENDIDO,17763000.0
2025-04-04,Maria Romero,PLAN 36-60,CÓRDOBA CAPITAL,139.0,64.2,CABAÑA,W.F,LLAVE EN MANO,,NO LE INTERESA,29892000.0
2025-11-06,Jorge Sanchez,CONTADO,CARLOS PAZ,39.0,51.5,MINIMALISTA,E.E,LLAVE EN MANO,MADERA,POTABLE,20230000.0
2024-10-27,Jorge Martinez,CONTADO,SANTIAGO DEL ESTERO,73.0,28.4,AMERICANA,W.F,OBRA GRIS,LADRILLO,NO LE INTERESA,9576000.0
2024-10-29,Diego Gonzalez,CONTADO,CÓRDOBA CAPITAL,5.0,53.8,CABAÑA,E.E,OBRA GRIS,LADRILLO,NO LE INTERESA,15393000.0
2024-10-13,Luis Lopez,FINANCIACION PROPIA,SANTIAGO DEL ESTERO,12.0,53.0,CABAÑA,E.E,OBRA GRIS,LADRILLO,POTABLE,14230000.0
2025-01-29,Jorge Gonzalez,PLAN 36-60,CARLOS PAZ,35.0,74.5,AMERICANA,W.F,OBRA GRIS,LADRILLO,POTABLE,24298000.0
2024-01-10,Elena Gonzalez,FINANCIACION PROPIA,CÓRDOBA CAPITAL,5.0,35.6,MINIMALISTA,W.F,LLAVE EN MANO,PIEDRA NATURAL,POTABLE,16237000.0
2025-12-07,Carla Lopez,CONTADO,BUENOS AIRES,15.0,74.6,AMERICANA,S.F,OBRA GRIS,PIEDRA NATURAL,NO LE INTERESA,25821000.0
2025-09-21,Elena Sanchez,CONTADO,CÓRDOBA CAPITAL,36.0,53.0,CABAÑA,E.E,LLAVE EN MANO,PIEDRA NATURAL,NO LE INTERESA,20461000.0
2024-09-26,Jorge Garcia,CONTADO,MENDIOLAZA,5.0,32.8,MINIMALISTA,E.E,LLAVE EN MANO,MADERA,NO LE INTERESA,12303000.0
2025-08-14,Elena Perez,CONTADO,CARLOS PAZ,15.0,28.8,MINIMALISTA,W.F,LLAVE EN MANO,LADRILLO,NO LE INTERESA,12936000.0
2025-08-27,Elena Gonzalez,FINANCIACION PROPIA,BUENOS AIRES,36.0,93.7,AMERICANA,W.F,LLAVE EN MANO,PIEDRA NATURAL,POTABLE,41603000.0
2026-02-16,Diego Gonzalez,CONTADO,BUENOS AIRES,43.0,51.8,CABAÑA,E.E,LLAVE EN MANO,PIEDRA NATURAL,POTABLE,21289000.0
2024-12-26,Pedro Perez,CONTADO,LA PLATA,130.0,73.7,CABAÑA,E.E,LLAVE EN MANO,LADRILLO,POTABLE,29592000.0
2024-09-13,Lucia Gonzalez,CONTADO,CÓRDOBA CAPITAL,52.0,20.8,MINIMALISTA,W.F,LLAVE EN MANO,PIEDRA NATURAL,POTABLE,9417000.0
2024-05-12,Lucia Romero,CONTADO,MENDIOLAZA,27.0,107.8,CABAÑA,W.F,LLAVE EN MANO,LADRILLO,POTABLE,49875000.0
2024-10-02,Maria Perez,FINANCIACION PROPIA,CÓRDOBA CAPITAL,133.0,72.9,MINIMALISTA,E.E,LLAVE EN MANO,LADRILLO,NO LE INTERESA,29578000.0
2026-02-14,Diego Martinez,PLAN 36-60,MENDIOLAZA,77.0,49.9,MINIMALISTA,W.F,LLAVE EN MANO,PIEDRA NATURAL,POTABLE,22566000.0
2025-11-13,Diego Lopez,FINANCIACION PROPIA,BUENOS AIRES,11.0,48.9,MINIMALISTA,W.F,LLAVE EN MANO,MADERA,NO LE INTERESA,21125000.0
2025-05-27,Jorge Rodriguez,PLAN 36-60,ALTA GRACIA,7.0,69.7,CABAÑA,E.E,OBRA GRIS,LADRILLO,NO LE INTERESA,20074000.0
2024-11-08,Pedro Sanchez,CONTADO,BUENOS AIRES,56.0,68.5,AMERICANA,S.F,LLAVE EN MANO,MADERA,POTABLE,32270000.0
2025-07-29,Maria Lopez,CONTADO,LA PLATA,41.0,58.7,MINIMALISTA,W.F,OBRA GRIS,PIEDRA NATURAL,NO LE INTERESA,19622000.0
2024-10-10,Jorge Martinez,FINANCIACION PROPIA,CÓRDOBA CAPITAL,78.0,55.2,AMERICANA,S.F,LLAVE EN MANO,LADRILLO,NO LE INTERESA,26714000.0
2024-04-30,Maria Lopez,FINANCIACION PROPIA,CARLOS PAZ,67.0,66.2,AMERICANA,W.F,LLAVE EN MANO,LADRILLO,NO LE INTERESA,30357000.0
2024-04-16,Ana Sanchez,CONTADO,SANTIAGO DEL ESTERO,49.0,20.2,AMERICANA,S.F,LLAVE EN MANO,PIEDRA NATURAL,NO LE INTERESA,10211000.0
2025-11-17,Elena Gonzalez,CONTADO,CARLOS PAZ,215.0,47.6,AMERICANA,W.F,LLAVE EN MANO,MADERA,NO LE INTERESA,20768000.0
2024-07-22,Carla Gonzalez,CONTADO,LA PLATA,38.0,22.1,AMERICANA,S.F,LLAVE EN MANO,PIEDRA NATURAL,NO LE INTERESA,10760000.0
2024-06-13,Pedro Romero,CONTADO,ALTA GRACIA,6.0,,MINIMALISTA,S.F,OBRA GRIS,PIEDRA NATURAL,POTABLE,23739000.0
2024-10-31,Elena Romero,CONTADO,ALTA GRACIA,88.0,41.5,CABAÑA,W.F,OBRA GRIS,PIEDRA NATURAL,NO LE INTERESA,13965000.0
2025-05-11,Lucia Sanchez,CONTADO,ALTA GRACIA,15.0,23.6,AMERICANA,S.F,LLAVE EN MANO,MADERA,VENDIDO,11839000.0
2025-09-23,Pedro Perez,PLAN 36-60,MENDIOLAZA,75.0,39.1,CABAÑA,E.E,LLAVE EN MANO,LADRILLO,NO LE INTERESA,16051000.0
2025-07-09,Juan Gonzalez,CONTADO,CARLOS PAZ,157.0,58.0,CABAÑA,E.E,LLAVE EN MANO,LADRILLO,POTABLE,22013000.0
2024-06-04,Juan Perez,CONTADO,SANTIAGO DEL ESTERO,60.0,50.9,MINIMALISTA,E.E,OBRA GRIS,,NO LE INTERESA,13728000.0
2025-01-01,Diego Sanchez,FINANCIACION PROPIA,BUENOS AIRES,45.0,31.5,AMERICANA,S.F,OBRA GRIS,PIEDRA NATURAL,VENDIDO,11329000.0
2025-12-19,Luis Martinez,PLAN 36-60,BUENOS AIRES,31.0,20.9,CABAÑA,W.F,LLAVE EN MANO,MADERA,POTABLE,9372000.0
2025-09-11,Maria Gonzalez,NO SABE,SANTIAGO DEL ESTERO,23.0,,CABAÑA,S.F,LLAVE EN MANO,PIEDRA NATURAL,NO LE INTERESA,27669000.0
2024-09-07,Jorge Martinez,CONTADO,BUENOS AIRES,22.0,43.4,AMERICANA,W.F,LLAVE EN MANO,MADERA,POTABLE,19802000.0
2024-11-29,Maria Gonzalez,PLAN 36-60,MENDIOLAZA,51.0,49.8,MINIMALISTA,S.F,OBRA GRIS,MADERA,POTABLE,18357000.0
2025-10-03,Carla Romero,CONTADO,CÓRDOBA CAPITAL,70.0,51.8,MINIMALISTA,W.F,LLAVE EN MANO,MADERA,POTABLE,22441000.0
2025-05-25,Maria Garcia,PLAN 36-60,MENDIOLAZA,57.0,63.6,AMERICANA,S.F,LLAVE EN MANO,PIEDRA NATURAL,POTABLE,30027000.0
2024-10-19,Diego Perez,CONTADO,SANTIAGO DEL ESTERO,11.0,71.9,CABAÑA,S.F,LLAVE EN MANO,LADRILLO,POTABLE,36408000.0
2024-01-20,Maria Lopez,CONTADO,SANTIAGO DEL ESTERO,34.0,57.9,MINIMALISTA,E.E,OBRA GRIS,MADERA,NO LE INTERESA,15483000.0
2024-10-08,Luis Gonzalez,NO SABE,CÓRDOBA CAPITAL,78.0,48.6,MINIMALISTA,S.F,LLAVE EN MANO,LADRILLO,NO LE INTERESA,23812000.0
2024-01-01,Diego Gonzalez,PLAN 36-60,CARLOS PAZ,32.0,55.5,CABAÑA,E.E,LLAVE EN MANO,MADERA,POTABLE,22402000.0
2024-04-28,Luis Lopez,NO SABE,CARLOS PAZ,38.0,48.2,CABAÑA,W.F,LLAVE EN MANO,PIEDRA NATURAL,VENDIDO,21122000.0
2024-02-04,Carla Perez,CONTADO,LA PLATA,74.0,22.1,CABAÑA,W.F,OBRA GRIS,MADERA,POTABLE,7001000.0
2024-07-16,Jorge Lopez,CONTADO,CARLOS PAZ,54.0,76.8,CABAÑA,E.E,OBRA GRIS,MADERA,NO LE INTERESA,21175000.0
2025-04-29,Pedro Romero,PLAN 36-60,ALTA GRACIA,26.0,73.1,AMERICANA,S.F,LLAVE EN MANO,LADRILLO,POTABLE,34603000.0
2026-01-26,Elena Martinez,FINANCIACION PROPIA,ALTA GRACIA,113.0,94.8,CABAÑA,W.F,OBRA GRIS,PIEDRA NATURAL,POTABLE,31243000.0
2024-02-28,Carla Martinez,,LA PLATA,9.0,100.6,MINIMALISTA,S.F,LLAVE EN MANO,MADERA,NO LE INTERESA,47829000.0
2024-06-09,Elena Lopez,NO SABE,SANTIAGO DEL ESTERO,270.0,31.5,CABAÑA,S.F,OBRA GRIS,PIEDRA NATURAL,NO LE INTERESA,11118000.0
2025-11-21,Maria Gonzalez,CONTADO,LA PLATA,6.0,48.3,CABAÑA,S.F,LLAVE EN MANO,LADRILLO,NO LE INTERESA,23853000.0
2024-07-24,Maria Rodriguez,FINANCIACION PROPIA,CÓRDOBA CAPITAL,5.0,105.2,AMERICANA,W.F,LLAVE EN MANO,PIEDRA NATURAL,NO LE INTERESA,49648000.0
2024-01-12,Luis Sanchez,CONTADO,LA PLATA,110.0,54.2,AMERICANA,W.F,LLAVE EN MANO,PIEDRA NATURAL,NO LE INTERESA,25616000.0
2025-05-04,Luis Romero,CONTADO,LA PLATA,14.0,,CABAÑA,S.F,OBRA GRIS,LADRILLO,POTABLE,21751000.0
2024-10-02,Juan Rodriguez,PLAN 36-60,MENDIOLAZA,65.0,24.6,AMERICANA,E.E,OBRA GRIS,MADERA,NO LE INTERESA,7007000.0
2025-11-23,Maria Sanchez,PLAN 36-60,ALTA GRACIA,83.0,58.0,AMERICANA,E.E,OBRA GRIS,MADERA,NO LE INTERESA,16034000.0
2024-08-29,Ana Sanchez,CONTADO,CÓRDOBA CAPITAL,98.0,93.6,AMERICANA,E.E,LLAVE EN MANO,PIEDRA NATURAL,POTABLE,37596000.0
2024-08-03,Pedro Gonzalez,CONTADO,MENDIOLAZA,239.0,80.7,AMERICANA,S.F,OBRA GRIS,MADERA,POTABLE,28288000.0
2024-09-07,Jorge Gonzalez,PLAN 36-60,CÓRDOBA CAPITAL,17.0,42.8,CABAÑA,E.E,LLAVE EN MANO,LADRILLO,POTABLE,17270000.0
2024-05-05,Jorge Garcia,PLAN 36-60,LA PLATA,62.0,47.1,AMERICANA,W.F,OBRA GRIS,PIEDRA NATURAL,POTABLE,14521000.0
2024-08-04,Jorge Perez,CONTADO,MENDIOLAZA,6.0,32.4,AMERICANA,E.E,LLAVE EN MANO,PIEDRA NATURAL,NO LE INTERESA,12747000.0
2024-11-01,Luis Romero,CONTADO,MENDIOLAZA,26.0,38.0,MINIMALISTA,E.E,LLAVE EN MANO,MADERA,NO LE INTERESA,14692000.0
2024-07-03,Luis Perez,CONTADO,CÓRDOBA CAPITAL,94.0,20.0,CABAÑA,S.F,LLAVE EN MANO,MADERA,NO LE INTERESA,9692000.0
2024-02-08,Carla Romero,NO SABE,CÓRDOBA CAPITAL,23.0,53.3,AMERICANA,W.F,LLAVE EN MANO,MADERA,VENDIDO,24452000.0
2024-08-10,Maria Lopez,NO SABE,CARLOS PAZ,45.0,85.2,MINIMALISTA,W.F,OBRA GRIS,PIEDRA NATURAL,POTABLE,27937000.0
2024-07-02,Jorge Gonzalez,PLAN 36-60,BUENOS AIRES,35.0,62.1,AMERICANA,E.E,LLAVE EN MANO,MADERA,POTABLE,23266000.0
2025-05-09,Luis Garcia,NO SABE,CÓRDOBA CAPITAL,52.0,82.3,CABAÑA,S.F,OBRA GRIS,PIEDRA NATURAL,NO LE INTERESA,30176000.0
2025-03-02,Elena Lopez,PLAN 36-60,MENDIOLAZA,180.0,76.5,MINIMALISTA,S.F,LLAVE EN MANO,,NO LE INTERESA,37233000.0
2024-06-26,Ana Romero,CONTADO,SANTIAGO DEL ESTERO,5.0,44.1,MINIMALISTA,E.E,LLAVE EN MANO,PIEDRA NATURAL,NO LE INTERESA,18017000.0
2025-03-03,Diego Rodriguez,CONTADO,CÓRDOBA CAPITAL,43.0,39.8,CABAÑA,W.F,LLAVE EN MANO,PIEDRA NATURAL,NO LE INTERESA,18157000.0
2024-10-20,Lucia Gonzalez,NO SABE,ALTA GRACIA,99.0,40.6,MINIMALISTA,W.F,OBRA GRIS,PIEDRA NATURAL,NO LE INTERESA,13423000.0
2024-05-30,Juan Lopez,PLAN 36-60,CARLOS PAZ,33.0,20.7,MINIMALISTA,W.F,LLAVE EN MANO,MADERA,NO LE INTERESA,9813000.0
2025-01-18,Jorge Gonzalez,FINANCIACION PROPIA,ALTA GRACIA,5.0,55.6,AMERICANA,S.F,LLAVE EN MANO,MADERA,NO LE INTERESA,28130000.0
2025-09-29,Lucia Garcia,,BUENOS AIRES,41.0,20.0,MINIMALISTA,E.E,LLAVE EN MANO,LADRILLO,NO LE INTERESA,7617000.0
2024-11-03,Diego Sanchez,PLAN 36-60,ALTA GRACIA,20.0,66.8,CABAÑA,S.F,LLAVE EN MANO,PIEDRA NATURAL,POTABLE,31141000.0
2024-12-01,Lucia Lopez,CONTADO,SANTIAGO DEL ESTERO,8.0,56.4,AMERICANA,W.F,OBRA GRIS,MADERA,NO LE INTERESA,17825000.0
2026-01-15,Juan Lopez,CONTADO,CARLOS PAZ,95.0,64.4,MINIMALISTA,S.F,LLAVE EN MANO,LADRILLO,POTABLE,31662000.0
2025-01-09,Jorge Garcia,CONTADO,BUENOS AIRES,37.0,76.1,AMERICANA,W.F,LLAVE EN MANO,LADRILLO,VENDIDO,35159000.0
2024-01-08,Carla Garcia,CONTADO,LA PLATA,135.0,59.0,CABAÑA,E.E,LLAVE EN MANO,MADERA,POTABLE,23706000.0
2024-12-06,Maria Martinez,PLAN 36-60,MENDIOLAZA,82.0,87.6,MINIMALISTA,W.F,OBRA GRIS,PIEDRA NATURAL,NO LE INTERESA,27800000.0
2024-05-08,Maria Martinez,CONTADO,MENDIOLAZA,59.0,,CABAÑA,E.E,OBRA GRIS,LADRILLO,VENDIDO,19040000.0
2026-02-14,Maria Martinez,CONTADO,CÓRDOBA CAPITAL,5.0,39.9,CABAÑA,S.F,LLAVE EN MANO,LADRILLO,POTABLE,19854000.0
2025-10-30,Juan Lopez,PLAN 36-60,MENDIOLAZA,28.0,50.2,MINIMALISTA,S.F,OBRA GRIS,PIEDRA NATURAL,NO LE INTERESA,17636000.0
2024-12-17,Pedro Romero,CONTADO,SANTIAGO DEL ESTERO,11.0,20.0,MINIMALISTA,S.F,LLAVE EN MANO,MADERA,POTABLE,10002000.0
2024-12-23,Luis Romero,PLAN 36-60,MENDIOLAZA,121.0,37.0,AMERICANA,W.F,OBRA GRIS,PIEDRA NATURAL,POTABLE,12078000.0
2025-05-31,Ana Gonzalez,,SANTIAGO DEL ESTERO,10.0,47.4,CABAÑA,E.E,LLAVE EN MANO,PIEDRA NATURAL,VENDIDO,18651000.0
2025-05-09,Carla Perez,PLAN 36-60,LA PLATA,17.0,65.9,MINIMALISTA,S.F,LLAVE EN MANO,MADERA,POTABLE,33741000.0
2024-03-26,Luis Martinez,NO SABE,SANTIAGO DEL ESTERO,36.0,40.0,CABAÑA,S.F,OBRA GRIS,LADRILLO,NO LE INTERESA,13898000.0
2024-06-23,Carla Garcia,CONTADO,LA PLATA,15.0,30.1,MINIMALISTA,E.E,LLAVE EN MANO,PIEDRA NATURAL,POTABLE,12124000.0
2024-07-11,Luis Gonzalez,CONTADO,LA PLATA,12.0,20.0,CABAÑA,W.F,LLAVE EN MANO,LADRILLO,NO LE INTERESA,8885000.0
2024-11-06,Carla Martinez,FINANCIACION PROPIA,LA PLATA,46.0,43.1,AMERICANA,S.F,OBRA GRIS,LADRILLO,NO LE INTERESA,14899000.0
2024-04-28,Pedro Gonzalez,PLAN 36-60,SANTIAGO DEL ESTERO,5.0,94.0,CABAÑA,W.F,LLAVE EN MANO,LADRILLO,NO LE INTERESA,44191000.0
2024-08-05,Carla Lopez,,BUENOS AIRES,5.0,60.4,MINIMALISTA,W.F,LLAVE EN MANO,MADERA,VENDIDO,27777000.0
2025-03-02,Luis Martinez,CONTADO,LA PLATA,23.0,73.8,AMERICANA,W.F,LLAVE EN MANO,LADRILLO,POTABLE,34732000.0
2025-02-17,Luis Sanchez,FINANCIACION PROPIA,BUENOS AIRES,64.0,37.0,AMERICANA,S.F,OBRA GRIS,PIEDRA NATURAL,NO LE INTERESA,13691000.0
2024-04-23,Juan Romero,NO SABE,SANTIAGO DEL ESTERO,40.0,23.5,MINIMALISTA,S.F,OBRA GRIS,PIEDRA NATURAL,NO LE INTERESA,7871000.0
2024-05-24,Juan Lopez,PLAN 36-60,CARLOS PAZ,27.0,30.6,AMERICANA,E.E,LLAVE EN MANO,PIEDRA NATURAL,POTABLE,12617000.0
2025-06-21,Juan Rodriguez,CONTADO,LA PLATA,42.0,53.1,CABAÑA,E.E,OBRA GRIS,MADERA,NO LE INTERESA,14335000.0
2025-10-09,Jorge Gonzalez,FINANCIACION PROPIA,SANTIAGO DEL ESTERO,23.0,,CABAÑA,W.F,LLAVE EN MANO,PIEDRA NATURAL,NO LE INTERESA,8662000.0
2024-10-29,Luis Perez,FINANCIACION PROPIA,SANTIAGO DEL ESTERO,138.0,34.9,MINIMALISTA,S.F,OBRA GRIS,MADERA,NO LE INTERESA,12755000.0
2026-01-13,Jorge Gonzalez,FINANCIACION PROPIA,BUENOS AIRES,5.0,43.3,CABAÑA,W.F,OBRA GRIS,LADRILLO,POTABLE,13741000.0
2025-08-10,Luis Sanchez,CONTADO,SANTIAGO DEL ESTERO,56.0,28.6,MINIMALISTA,E.E,OBRA GRIS,LADRILLO,POTABLE,8430000.0
2024-12-10,Diego Perez,FINANCIACION PROPIA,CÓRDOBA CAPITAL,111.0,20.0,AMERICANA,W.F,LLAVE EN MANO,MADERA,POTABLE,9223000.0
2024-01-01,Carla Rodriguez,CONTADO,BUENOS AIRES,81.0,60.8,CABAÑA,W.F,OBRA GRIS,MADERA,POTABLE,19475000.0
2024-05-26,Pedro Gonzalez,CONTADO,BUENOS AIRES,10.0,55.9,MINIMALISTA,S.F,LLAVE EN MANO,MADERA,POTABLE,26237000.0
2024-10-13,Ana Perez,PLAN 36-60,CÓRDOBA CAPITAL,18.0,70.6,CABAÑA,W.F,LLAVE EN MANO,LADRILLO,NO LE INTERESA,31741000.0
2025-10-15,Carla Romero,CONTADO,LA PLATA,63.0,32.8,AMERICANA,W.F,OBRA GRIS,MADERA,NO LE INTERESA,10419000.0
2024-02-22,Lucia Lopez,PLAN 36-60,MENDIOLAZA,5.0,70.2,AMERICANA,S.F,LLAVE EN MANO,LADRILLO,NO LE INTERESA,32949000.0
2024-10-30,Ana Romero,PLAN 36-60,CARLOS PAZ,84.0,85.6,CABAÑA,S.F,OBRA GRIS,LADRILLO,NO LE INTERESA,30599000.0
2024-03-09,Juan Rodriguez,CONTADO,MENDIOLAZA,63.0,60.2,AMERICANA,E.E,LLAVE EN MANO,PIEDRA NATURAL,POTABLE,24824000.0
2024-12-26,Jorge Sanchez,PLAN 36-60,LA PLATA,65.0,,MINIMALISTA,S.F,LLAVE EN MANO,LADRILLO,POTABLE,20814000.0
2025-08-24,Elena Rodriguez,NO SABE,ALTA GRACIA,5.0,57.9,CABAÑA,W.F,LLAVE EN MANO,MADERA,NO LE INTERESA,25580000.0
2024-08-07,Maria Martinez,CONTADO,ALTA GRACIA,63.0,41.8,CABAÑA,E.E,OBRA GRIS,MADERA,NO LE INTERESA,11315000.0
2025-12-04,Carla Perez,PLAN 36-60,CARLOS PAZ,57.0,38.5,AMERICANA,E.E,LLAVE EN MANO,MADERA,NO LE INTERESA,14757000.0
2025-07-28,Diego Perez,CONTADO,BUENOS AIRES,89.0,68.7,MINIMALISTA,E.E,OBRA GRIS,LADRILLO,NO LE INTERESA,18953000.0
2025-08-07,Lucia Garcia,PLAN 36-60,CARLOS PAZ,5.0,52.2,CABAÑA,E.E,LLAVE EN MANO,LADRILLO,POTABLE,20151000.0
2024-06-09,Lucia Gonzalez,CONTADO,CARLOS PAZ,5.0,79.1,CABAÑA,W.F,LLAVE EN MANO,,NO LE INTERESA,36144000.0
2025-11-11,Lucia Rodriguez,CONTADO,CÓRDOBA CAPITAL,23.0,46.2,AMERICANA,W.F,LLAVE EN MANO,PIEDRA NATURAL,NO LE INTERESA,20058000.0
2024-03-29,Elena Garcia,CONTADO,CÓRDOBA CAPITAL,8.0,48.2,AMERICANA,W.F,LLAVE EN MANO,,POTABLE,20781000.0
2025-11-18,Lucia Rodriguez,NO SABE,ALTA GRACIA,41.0,43.7,MINIMALISTA,W.F,OBRA GRIS,LADRILLO,NO LE INTERESA,14741000.0
2026-02-19,Maria Martinez,PLAN 36-60,CARLOS PAZ,125.0,32.6,MINIMALISTA,E.E,LLAVE EN MANO,MADERA,POTABLE,13355000.0
2025-08-07,Pedro Sanchez,PLAN 36-60,SANTIAGO DEL ESTERO,25.0,71.3,AMERICANA,W.F,LLAVE EN MANO,MADERA,NO LE INTERESA,31466000.0
2026-01-26,Jorge Romero,CONTADO,MENDIOLAZA,93.0,98.7,MINIMALISTA,E.E,LLAVE EN MANO,MADERA,NO LE INTERESA,39369000.0
2025-08-11,Jorge Perez,PLAN 36-60,ALTA GRACIA,5.0,47.4,AMERICANA,S.F,LLAVE EN MANO,PIEDRA NATURAL,NO LE INTERESA,23448000.0
2024-06-07,Juan Perez,CONTADO,CARLOS PAZ,9.0,41.4,CABAÑA,W.F,OBRA GRIS,MADERA,NO LE INTERESA,13669000.0
2025-05-03,Ana Gonzalez,CONTADO,SANTIAGO DEL ESTERO,5.0,40.1,AMERICANA,S.F,LLAVE EN MANO,PIEDRA NATURAL,NO LE INTERESA,20363000.0
2024-11-19,Carla Sanchez,PLAN 36-60,CARLOS PAZ,20.0,41.4,AMERICANA,S.F,OBRA GRIS,LADRILLO,VENDIDO,14313000.0
2025-09-01,Carla Sanchez,CONTADO,BUENOS AIRES,119.0,88.0,AMERICANA,W.F,LLAVE EN MANO,MADERA,NO LE INTERESA,40490000.0
2025-01-15,Lucia Sanchez,CONTADO,LA PLATA,5.0,40.6,CABAÑA,E.E,OBRA GRIS,PIEDRA NATURAL,NO LE INTERESA,11719000.0
2024-04-11,Juan Gonzalez,PLAN 36-60,SANTIAGO DEL ESTERO,47.0,43.3,MINIMALISTA,S.F,OBRA GRIS,LADRILLO,POTABLE,15529000.0
2025-05-08,Maria Rodriguez,,BUENOS AIRES,30.0,30.2,MINIMALISTA,W.F,LLAVE EN MANO,PIEDRA NATURAL,NO LE INTERESA,14236000.0
2025-10-05,Carla Perez,CONTADO,MENDIOLAZA,139.0,60.9,MINIMALISTA,S.F,OBRA GRIS,MADERA,POTABLE,21512000.0
2025-09-05,Diego Rodriguez,CONTADO,LA PLATA,7.0,53.7,AMERICANA,S.F,LLAVE EN MANO,LADRILLO,POTABLE,27120000.0
2024-01-19,Luis Perez,CONTADO,BUENOS AIRES,12.0,32.3,AMERICANA,W.F,LLAVE EN MANO,LADRILLO,POTABLE,15176000.0
2025-03-29,Ana Garcia,NO SABE,CÓRDOBA CAPITAL,5.0,37.1,MINIMALISTA,S.F,OBRA GRIS,LADRILLO,NO LE INTERESA,13067000.0
2025-04-26,Pedro Romero,FINANCIACION PROPIA,ALTA GRACIA,28.0,85.7,CABAÑA,E.E,LLAVE EN MANO,PIEDRA NATURAL,NO LE INTERESA,32013000.0
2025-08-16,Elena Garcia,PLAN 36-60,CARLOS PAZ,16.0,55.7,CABAÑA,E.E,LLAVE EN MANO,PIEDRA NATURAL,NO LE INTERESA,22554000.0
2025-01-31,Carla Rodriguez,NO SABE,ALTA GRACIA,102.0,57.0,CABAÑA,S.F,OBRA GRIS,PIEDRA NATURAL,NO LE INTERESA,20799000.0
2024-10-05,Jorge Martinez,PLAN 36-60,MENDIOLAZA,46.0,57.1,CABAÑA,S.F,LLAVE EN MANO,LADRILLO,POTABLE,27767000.0
2024-12-30,Lucia Rodriguez,NO SABE,CARLOS PAZ,48.0,82.9,AMERICANA,W.F,LLAVE EN MANO,MADERA,NO LE INTERESA,36429000.0
2024-11-26,Diego Martinez,CONTADO,LA PLATA,38.0,34.1,MINIMALISTA,E.E,OBRA GRIS,MADERA,NO LE INTERESA,10064000.0
2025-10-02,Pedro Sanchez,CONTADO,SANTIAGO DEL ESTERO,5.0,47.1,CABAÑA,S.F,OBRA GRIS,LADRILLO,NO LE INTERESA,16578000.0
2024-12-09,Lucia Martinez,,SANTIAGO DEL ESTERO,29.0,51.6,AMERICANA,E.E,LLAVE EN MANO,,NO LE INTERESA,20303000.0
2025-03-30,Maria Lopez,CONTADO,CARLOS PAZ,381.0,20.6,AMERICANA,S.F,LLAVE EN MANO,LADRILLO,POTABLE,11141000.0
2025-08-23,Luis Garcia,PLAN 36-60,LA PLATA,90.0,36.7,AMERICANA,W.F,OBRA GRIS,MADERA,NO LE INTERESA,11843000.0
2025-12-25,Lucia Perez,CONTADO,CARLOS PAZ,112.0,75.9,MINIMALISTA,W.F,LLAVE EN MANO,MADERA,NO LE INTERESA,35581000.0
2025-10-16,Lucia Lopez,PLAN 36-60,CARLOS PAZ,87.0,,AMERICANA,E.E,OBRA GRIS,MADERA,VENDIDO,20184000.0
2024-03-05,Juan Martinez,,BUENOS AIRES,5.0,73.7,MINIMALISTA,E.E,LLAVE EN MANO,PIEDRA NATURAL,POTABLE,30249000.0
2024-03-16,Jorge Romero,CONTADO,CARLOS PAZ,13.0,43.2,MINIMALISTA,S.F,OBRA GRIS,PIEDRA NATURAL,NO LE INTERESA,15031000.0
2025-12-11,Jorge Sanchez,NO SABE,SANTIAGO DEL ESTERO,5.0,45.7,MINIMALISTA,S.F,LLAVE EN MANO,LADRILLO,NO LE INTERESA,23314000.0
2024-05-22,Juan Lopez,FINANCIACION PROPIA,MENDIOLAZA,18.0,20.0,MINIMALISTA,S.F,LLAVE EN MANO,PIEDRA NATURAL,POTABLE,9895000.0
2025-08-27,Diego Perez,NO SABE,CARLOS PAZ,6.0,73.6,AMERICANA,E.E,OBRA GRIS,LADRILLO,NO LE INTERESA,20567000.0
2025-04-17,Diego Sanchez,FINANCIACION PROPIA,SANTIAGO DEL ESTERO,32.0,76.9,AMERICANA,W.F,LLAVE EN MANO,PIEDRA NATURAL,NO LE INTERESA,34040000.0
2025-02-20,Lucia Romero,PLAN 36-60,CÓRDOBA CAPITAL,57.0,76.7,AMERICANA,W.F,OBRA GRIS,MADERA,NO LE INTERESA,24914000.0
2024-10-31,Lucia Rodriguez,PLAN 36-60,LA PLATA,104.0,87.1,CABAÑA,E.E,OBRA GRIS,,POTABLE,24722000.0
2026-01-05,Maria Martinez,CONTADO,CÓRDOBA CAPITAL,69.0,,CABAÑA,W.F,OBRA GRIS,PIEDRA NATURAL,POTABLE,21336000.0
2025-05-11,Ana Martinez,CONTADO,CARLOS PAZ,140.0,86.1,MINIMALISTA,E.E,LLAVE EN MANO,PIEDRA NATURAL,POTABLE,34654000.0
2024-10-17,Elena Martinez,CONTADO,SANTIAGO DEL ESTERO,5.0,51.0,MINIMALISTA,S.F,LLAVE EN MANO,LADRILLO,POTABLE,25814000.0
2024-04-11,Lucia Romero,FINANCIACION PROPIA,LA PLATA,5.0,20.0,MINIMALISTA,E.E,OBRA GRIS,LADRILLO,NO LE INTERESA,5758000.0
2024-09-23,Pedro Martinez,CONTADO,ALTA GRACIA,54.0,72.2,MINIMALISTA,W.F,OBRA GRIS,MADERA,NO LE INTERESA,22808000.0
2025-09-13,Pedro Gonzalez,,LA PLATA,17.0,20.0,MINIMALISTA,E.E,OBRA GRIS,MADERA,NO LE INTERESA,5460000.0
2026-02-15,Maria Garcia,PLAN 36-60,LA PLATA,15.0,58.4,CABAÑA,E.E,LLAVE EN MANO,MADERA,NO LE INTERESA,22362000.0
2024-01-03,Lucia Perez,FINANCIACION PROPIA,CARLOS PAZ,20.0,74.1,MINIMALISTA,E.E,OBRA GRIS,PIEDRA NATURAL,NO LE INTERESA,20044000.0
2024-03-25,Jorge Garcia,CONTADO,BUENOS AIRES,16.0,61.5,AMERICANA,E.E,OBRA GRIS,MADERA,NO LE INTERESA,17047000.0
2024-11-23,Lucia Gonzalez,CONTADO,CÓRDOBA CAPITAL,36.0,100.6,MINIMALISTA,W.F,LLAVE EN MANO,LADRILLO,POTABLE,46103000.0
2025-03-25,Juan Garcia,NO SABE,CÓRDOBA CAPITAL,29.0,20.0,AMERICANA,S.F,OBRA GRIS,MADERA,NO LE INTERESA,7070000.0
2025-03-29,Carla Martinez,CONTADO,ALTA GRACIA,36.0,53.3,AMERICANA,W.F,LLAVE EN MANO,MADERA,POTABLE,24513000.0
2025-09-20,Diego Romero,CONTADO,CARLOS PAZ,56.0,55.3,AMERICANA,W.F,OBRA GRIS,MADERA,NO LE INTERESA,17633000.0
2024-08-08,Luis Perez,CONTADO,LA PLATA,24.0,28.1,AMERICANA,S.F,OBRA GRIS,MADERA,NO LE INTERESA,9580000.0
2024-06-02,Diego Sanchez,CONTADO,BUENOS AIRES,14.0,31.9,MINIMALISTA,W.F,OBRA GRIS,MADERA,NO LE INTERESA,9987000.0
2025-10-26,Maria Perez,CONTADO,MENDIOLAZA,9.0,38.1,MINIMALISTA,S.F,LLAVE EN MANO,,NO LE INTERESA,18871000.0
2024-01-12,Juan Romero,PLAN 36-60,CÓRDOBA CAPITAL,21.0,33.0,MINIMALISTA,S.F,LLAVE EN MANO,PIEDRA NATURAL,NO LE INTERESA,15658000.0
2024-05-12,Luis Rodriguez,PLAN 36-60,CÓRDOBA CAPITAL,68.0,52.8,MINIMALISTA,E.E,LLAVE EN MANO,MADERA,NO LE INTERESA,20586000.0
2024-10-30,Maria Lopez,PLAN 36-60,SANTIAGO DEL ESTERO,71.0,42.9,MINIMALISTA,W.F,OBRA GRIS,PIEDRA NATURAL,POTABLE,13521000.0
2024-10-19,Carla Rodriguez,CONTADO,LA PLATA,55.0,61.4,CABAÑA,S.F,OBRA GRIS,MADERA,POTABLE,21924000.0
2024-10-26,Carla Romero,,CARLOS PAZ,13.0,68.0,AMERICANA,W.F,OBRA GRIS,PIEDRA NATURAL,VENDIDO,22168000.0
2026-01-09,Luis Gonzalez,FINANCIACION PROPIA,CÓRDOBA CAPITAL,44.0,66.6,AMERICANA,W.F,OBRA GRIS,LADRILLO,POTABLE,21255000.0
2026-02-21,Diego Rodriguez,CONTADO,BUENOS AIRES,42.0,46.8,CABAÑA,S.F,LLAVE EN MANO,PIEDRA NATURAL,NO LE INTERESA,22141000.0
2024-02-12,Luis Romero,CONTADO,CARLOS PAZ,33.0,60.7,CABAÑA,E.E,OBRA GRIS,MADERA,NO LE INTERESA,16554000.0
2024-12-08,Jorge Perez,CONTADO,LA PLATA,40.0,75.7,MINIMALISTA,S.F,OBRA GRIS,PIEDRA NATURAL,NO LE INTERESA,26481000.0
2024-11-21,Diego Martinez,FINANCIACION PROPIA,LA PLATA,34.0,63.9,MINIMALISTA,E.E,LLAVE EN MANO,PIEDRA NATURAL,NO LE INTERESA,26285000.0
2025-05-12,Lucia Gonzalez,FINANCIACION PROPIA,CÓRDOBA CAPITAL,42.0,92.2,AMERICANA,S.F,OBRA GRIS,MADERA,NO LE INTERESA,31592000.0
2024-12-29,Luis Perez,NO SABE,ALTA GRACIA,63.0,74.6,MINIMALISTA,S.F,LLAVE EN MANO,PIEDRA NATURAL,NO LE INTERESA,35517000.0
2025-03-02,Ana Sanchez,CONTADO,CARLOS PAZ,6.0,89.4,AMERICANA,E.E,OBRA GRIS,MADERA,NO LE INTERESA,24342000.0
2024-01-21,Lucia Martinez,PLAN 36-60,CARLOS PAZ,69.0,20.0,MINIMALISTA,E.E,LLAVE EN MANO,LADRILLO,POTABLE,8109000.0
2025-02-10,Elena Garcia,CONTADO,SANTIAGO DEL ESTERO,7.0,56.9,MINIMALISTA,W.F,OBRA GRIS,MADERA,NO LE INTERESA,19093000.0
2025-09-10,Juan Lopez,,BUENOS AIRES,5.0,48.5,AMERICANA,S.F,LLAVE EN MANO,LADRILLO,POTABLE,22763000.0
2024-12-01,Ana Gonzalez,PLAN 36-60,LA PLATA,187.0,,CABAÑA,W.F,LLAVE EN MANO,,POTABLE,24544000.0
2024-04-26,Diego Perez,CONTADO,LA PLATA,157.0,38.9,CABAÑA,W.F,OBRA GRIS,MADERA,NO LE INTERESA,12754000.0
2024-05-03,Elena Rodriguez,FINANCIACION PROPIA,CÓRDOBA CAPITAL,5.0,62.9,MINIMALISTA,E.E,OBRA GRIS,PIEDRA NATURAL,NO LE INTERESA,18192000.0
2025-02-02,Juan Romero,PLAN 36-60,CÓRDOBA CAPITAL,29.0,20.0,CABAÑA,E.E,LLAVE EN MANO,LADRILLO,NO LE INTERESA,7822000.0
2025-12-15,Ana Perez,FINANCIACION PROPIA,CÓRDOBA CAPITAL,10.0,,MINIMALISTA,W.F,LLAVE EN MANO,LADRILLO,POTABLE,27052000.0
2024-02-20,Pedro Sanchez,CONTADO,SANTIAGO DEL ESTERO,33.0,39.6,CABAÑA,E.E,OBRA GRIS,PIEDRA NATURAL,NO LE INTERESA,11341000.0
2026-02-21,Maria Rodriguez,NO SABE,BUENOS AIRES,89.0,45.0,CABAÑA,S.F,LLAVE EN MANO,MADERA,POTABLE,22867000.0
2024-11-19,Elena Martinez,NO SABE,ALTA GRACIA,150.0,63.8,AMERICANA,E.E,OBRA GRIS,MADERA,VENDIDO,18816000.0
2026-02-27,Ana Gonzalez,NO SABE,CÓRDOBA CAPITAL,50.0,56.6,CABAÑA,E.E,OBRA GRIS,MADERA,NO LE INTERESA,16033000.0
2024-05-20,Juan Sanchez,FINANCIACION PROPIA,CÓRDOBA CAPITAL,22.0,76.1,MINIMALISTA,S.F,OBRA GRIS,MADERA,POTABLE,25660000.0
2025-04-14,Elena Rodriguez,FINANCIACION PROPIA,MENDIOLAZA,46.0,35.6,AMERICANA,E.E,OBRA GRIS,LADRILLO,NO LE INTERESA,9906000.0
2026-02-25,Elena Sanchez,PLAN 36-60,BUENOS AIRES,19.0,53.4,CABAÑA,W.F,OBRA GRIS,MADERA,VENDIDO,17713000.0
2024-11-29,Maria Martinez,CONTADO,CÓRDOBA CAPITAL,120.0,72.8,AMERICANA,W.F,OBRA GRIS,PIEDRA NATURAL,VENDIDO,23608000.0
2025-01-07,Ana Garcia,PLAN 36-60,SANTIAGO DEL ESTERO,102.0,62.2,CABAÑA,W.F,LLAVE EN MANO,LADRILLO,POTABLE,28754000.0
2025-07-17,Diego Sanchez,FINANCIACION PROPIA,CARLOS PAZ,41.0,63.5,MINIMALISTA,E.E,OBRA GRIS,PIEDRA NATURAL,NO LE INTERESA,16958000.0
2025-05-08,Elena Lopez,NO SABE,ALTA GRACIA,20.0,77.2,MINIMALISTA,E.E,LLAVE EN MANO,PIEDRA NATURAL,NO LE INTERESA,28999000.0
2025-06-22,Elena Rodriguez,PLAN 36-60,CARLOS PAZ,17.0,46.9,AMERICANA,E.E,OBRA GRIS,PIEDRA NATURAL,NO LE INTERESA,13396000.0
2025-10-30,Juan Lopez,CONTADO,MENDIOLAZA,5.0,42.7,CABAÑA,W.F,OBRA GRIS,LADRILLO,NO LE INTERESA,13468000.0
2026-01-20,Lucia Rodriguez,PLAN 36-60,LA PLATA,85.0,66.5,CABAÑA,E.E,OBRA GRIS,,NO LE INTERESA,18538000.0
2024-06-04,Diego Sanchez,NO SABE,LA PLATA,30.0,52.0,AMERICANA,S.F,LLAVE EN MANO,PIEDRA NATURAL,NO LE INTERESA,25888000.0
2024-10-17,Carla Martinez,CONTADO,CÓRDOBA CAPITAL,20.0,,AMERICANA,E.E,OBRA GRIS,PIEDRA NATURAL,NO LE INTERESA,20860000.0
2025-10-09,Ana Lopez,CONTADO,MENDIOLAZA,32.0,62.4,MINIMALISTA,W.F,OBRA GRIS,MADERA,NO LE INTERESA,20811000.0
2024-05-23,Lucia Rodriguez,PLAN 36-60,CARLOS PAZ,85.0,42.5,AMERICANA,S.F,OBRA GRIS,MADERA,NO LE INTERESA,14469000.0
2024-04-15,Diego Lopez,CONTADO,SANTIAGO DEL ESTERO,7.0,61.8,CABAÑA,S.F,OBRA GRIS,MADERA,NO LE INTERESA,22145000.0
2025-02-23,Pedro Perez,CONTADO,ALTA GRACIA,97.0,36.9,AMERICANA,W.F,LLAVE EN MANO,MADERA,POTABLE,16432000.0
2025-10-31,Diego Martinez,CONTADO,BUENOS AIRES,114.0,73.9,MINIMALISTA,S.F,LLAVE EN MANO,,NO LE INTERESA,35509000.0
2025-10-19,Pedro Sanchez,FINANCIACION PROPIA,CARLOS PAZ,147.0,27.1,AMERICANA,S.F,OBRA GRIS,LADRILLO,NO LE INTERESA,10017000.0
2024-01-02,Luis Romero,CONTADO,MENDIOLAZA,25.0,79.4,CABAÑA,S.F,OBRA GRIS,MADERA,POTABLE,27973000.0
2025-08-11,Ana Sanchez,PLAN 36-60,MENDIOLAZA,12.0,61.4,AMERICANA,S.F,LLAVE EN MANO,MADERA,NO LE INTERESA,29217000.0
2025-10-05,Diego Rodriguez,FINANCIACION PROPIA,BUENOS AIRES,23.0,51.7,AMERICANA,S.F,OBRA GRIS,PIEDRA NATURAL,NO LE INTERESA,17228000.0
2024-03-30,Lucia Rodriguez,NO SABE,CARLOS PAZ,20.0,70.3,AMERICANA,E.E,LLAVE EN MANO,MADERA,VENDIDO,28893000.0
2024-12-10,Elena Sanchez,NO SABE,ALTA GRACIA,10.0,65.2,MINIMALISTA,W.F,LLAVE EN MANO,PIEDRA NATURAL,NO LE INTERESA,29205000.0
2024-12-15,Jorge Perez,PLAN 36-60,CARLOS PAZ,47.0,81.6,MINIMALISTA,W.F,LLAVE EN MANO,PIEDRA NATURAL,NO LE INTERESA,36478000.0
2025-04-03,Luis Garcia,NO SABE,CARLOS PAZ,32.0,81.4,MINIMALISTA,E.E,LLAVE EN MANO,PIEDRA NATURAL,VENDIDO,30520000.0
2024-09-19,Juan Garcia,CONTADO,ALTA GRACIA,100.0,62.0,MINIMALISTA,E.E,LLAVE EN MANO,PIEDRA NATURAL,POTABLE,25418000.0
2024-12-16,Ana Garcia,FINANCIACION PROPIA,SANTIAGO DEL ESTERO,5.0,37.6,CABAÑA,W.F,LLAVE EN MANO,,NO LE INTERESA,16348000.0
2024-04-17,Elena Martinez,PLAN 36-60,BUENOS AIRES,52.0,44.2,CABAÑA,W.F,LLAVE EN MANO,LADRILLO,VENDIDO,19674000.0
2025-08-08,Pedro Perez,CONTADO,MENDIOLAZA,72.0,53.6,MINIMALISTA,E.E,OBRA GRIS,MADERA,NO LE INTERESA,14997000.0
2024-02-08,Lucia Gonzalez,PLAN 36-60,ALTA GRACIA,71.0,,MINIMALISTA,E.E,LLAVE EN MANO,LADRILLO,VENDIDO,31068000.0
2024-06-07,Elena Rodriguez,CONTADO,CÓRDOBA CAPITAL,109.0,45.9,MINIMALISTA,S.F,OBRA GRIS,MADERA,NO LE INTERESA,16000000.0
2025-08-05,Lucia Perez,FINANCIACION PROPIA,CÓRDOBA CAPITAL,65.0,47.5,AMERICANA,E.E,OBRA GRIS,PIEDRA NATURAL,POTABLE,13440000.0
2024-11-07,Juan Romero,CONTADO,CÓRDOBA CAPITAL,131.0,92.0,CABAÑA,E.E,OBRA GRIS,MADERA,POTABLE,25772000.0
2024-08-28,Maria Romero,PLAN 36-60,CÓRDOBA CAPITAL,20.0,52.9,AMERICANA,S.F,LLAVE EN MANO,PIEDRA NATURAL,NO LE INTERESA,25463000.0
2025-03-20,Diego Gonzalez,CONTADO,BUENOS AIRES,35.0,42.3,MINIMALISTA,S.F,LLAVE EN MANO,MADERA,POTABLE,21707000.0
2024-10-24,Elena Rodriguez,CONTADO,LA PLATA,5.0,70.5,CABAÑA,W.F,LLAVE EN MANO,PIEDRA NATURAL,NO LE INTERESA,32733000.0
2024-02-05,Jorge Gonzalez,NO SABE,SANTIAGO DEL ESTERO,5.0,53.9,MINIMALISTA,W.F,OBRA GRIS,LADRILLO,POTABLE,16798000.0
2024-03-24,Lucia Gonzalez,FINANCIACION PROPIA,LA PLATA,14.0,27.2,AMERICANA,E.E,OBRA GRIS,PIEDRA NATURAL,VENDIDO,7679000.0
2025-03-27,Ana Perez,NO SABE,CARLOS PAZ,5.0,75.8,CABAÑA,S.F,OBRA GRIS,MADERA,POTABLE,27324000.0
2026-02-13,Jorge Rodriguez,CONTADO,CARLOS PAZ,15.0,40.1,AMERICANA,S.F,OBRA GRIS,PIEDRA NATURAL,NO LE INTERESA,14170000.0
2025-01-19,Diego Rodriguez,CONTADO,ALTA GRACIA,10.0,55.9,CABAÑA,W.F,LLAVE EN MANO,LADRILLO,NO LE INTERESA,25199000.0
2024-06-20,Pedro Perez,PLAN 36-60,CÓRDOBA CAPITAL,5.0,53.6,MINIMALISTA,W.F,OBRA GRIS,LADRILLO,NO LE INTERESA,16528000.0
2025-01-10,Maria Gonzalez,PLAN 36-60,ALTA GRACIA,120.0,,CABAÑA,E.E,LLAVE EN MANO,MADERA,NO LE INTERESA,22616000.0
2025-11-15,Maria Romero,CONTADO,CARLOS PAZ,5.0,20.0,AMERICANA,S.F,OBRA GRIS,PIEDRA NATURAL,VENDIDO,6829000.0
2024-12-27,Luis Gonzalez,FINANCIACION PROPIA,CÓRDOBA CAPITAL,67.0,48.3,AMERICANA,W.F,LLAVE EN MANO,,NO LE INTERESA,21903000.0
2025-07-12,Jorge Rodriguez,CONTADO,BUENOS AIRES,8.0,77.5,AMERICANA,E.E,OBRA GRIS,PIEDRA NATURAL,POTABLE,22770000.0
2024-05-20,Jorge Sanchez,CONTADO,MENDIOLAZA,122.0,80.3,AMERICANA,E.E,LLAVE EN MANO,LADRILLO,NO LE INTERESA,32618000.0
2024-04-27,Diego Perez,CONTADO,SANTIAGO DEL ESTERO,112.0,35.2,MINIMALISTA,E.E,OBRA GRIS,MADERA,NO LE INTERESA,9633000.0
2024-10-03,Luis Romero,PLAN 36-60,CARLOS PAZ,53.0,73.4,AMERICANA,W.F,LLAVE EN MANO,LADRILLO,NO LE INTERESA,33889000.0
2025-12-26,Diego Perez,,MENDIOLAZA,56.0,39.8,MINIMALISTA,W.F,LLAVE EN MANO,PIEDRA NATURAL,NO LE INTERESA,18585000.0
2024-08-07,Maria Perez,PLAN 36-60,ALTA GRACIA,5.0,,CABAÑA,W.F,LLAVE EN MANO,LADRILLO,NO LE INTERESA,21237000.0
2024-01-26,Maria Garcia,,MENDIOLAZA,210.0,48.6,AMERICANA,W.F,OBRA GRIS,PIEDRA NATURAL,POTABLE,15693000.0
2025-06-04,Jorge Gonzalez,CONTADO,ALTA GRACIA,105.0,57.2,CABAÑA,W.F,LLAVE EN MANO,MADERA,POTABLE,26163000.0
2026-02-21,Luis Rodriguez,NO SABE,CARLOS PAZ,113.0,75.0,CABAÑA,S.F,LLAVE EN MANO,PIEDRA NATURAL,VENDIDO,36990000.0
2024-01-10,Elena Martinez,NO SABE,LA PLATA,54.0,60.3,MINIMALISTA,S.F,LLAVE EN MANO,PIEDRA NATURAL,NO LE INTERESA,28932000.0
2025-01-12,Lucia Sanchez,PLAN 36-60,BUENOS AIRES,21.0,52.5,AMERICANA,S.F,LLAVE EN MANO,MADERA,POTABLE,25492000.0
2025-09-24,Luis Perez,CONTADO,BUENOS AIRES,112.0,74.3,MINIMALISTA,S.F,LLAVE EN MANO,MADERA,POTABLE,36738000.0
2025-09-28,Diego Lopez,PLAN 36-60,SANTIAGO DEL ESTERO,17.0,38.9,AMERICANA,E.E,OBRA GRIS,,POTABLE,11005000.0
2025-11-12,Lucia Romero,PLAN 36-60,BUENOS AIRES,41.0,53.5,CABAÑA,E.E,LLAVE EN MANO,PIEDRA NATURAL,NO LE INTERESA,21100000.0
2025-08-06,Pedro Garcia,NO SABE,MENDIOLAZA,5.0,,MINIMALISTA,S.F,OBRA GRIS,PIEDRA NATURAL,POTABLE,27130000.0
2024-05-31,Lucia Garcia,NO SABE,BUENOS AIRES,128.0,65.6,AMERICANA,W.F,LLAVE EN MANO,LADRILLO,NO LE INTERESA,28371000.0
2025-12-20,Lucia Martinez,FINANCIACION PROPIA,MENDIOLAZA,8.0,45.7,CABAÑA,S.F,OBRA GRIS,PIEDRA NATURAL,POTABLE,15740000.0
2024-02-18,Ana Perez,CONTADO,CARLOS PAZ,13.0,24.7,MINIMALISTA,S.F,OBRA GRIS,PIEDRA NATURAL,NO LE INTERESA,8881000.0
2024-06-02,Elena Garcia,NO SABE,BUENOS AIRES,41.0,61.2,MINIMALISTA,E.E,OBRA GRIS,MADERA,POTABLE,17459000.0
2024-10-19,Luis Sanchez,PLAN 36-60,CARLOS PAZ,72.0,23.4,MINIMALISTA,W.F,OBRA GRIS,MADERA,POTABLE,7962000.0
2025-08-02,Juan Garcia,FINANCIACION PROPIA,BUENOS AIRES,48.0,50.7,MINIMALISTA,E.E,OBRA GRIS,MADERA,NO LE INTERESA,14394000.0
2024-02-19,Carla Lopez,PLAN 36-60,ALTA GRACIA,13.0,78.6,CABAÑA,W.F,OBRA GRIS,LADRILLO,NO LE INTERESA,25679000.0
2025-10-25,Ana Perez,,CÓRDOBA CAPITAL,5.0,66.9,CABAÑA,E.E,LLAVE EN MANO,MADERA,NO LE INTERESA,26770000.0
2025-06-14,Luis Lopez,PLAN 36-60,CÓRDOBA CAPITAL,71.0,20.0,CABAÑA,S.F,LLAVE EN MANO,LADRILLO,POTABLE,9596000.0
2025-09-03,Diego Lopez,CONTADO,CÓRDOBA CAPITAL,211.0,59.0,CABAÑA,W.F,LLAVE EN MANO,MADERA,NO LE INTERESA,27595000.0
2024-02-29,Maria Perez,CONTADO,ALTA GRACIA,83.0,48.6,AMERICANA,E.E,LLAVE EN MANO,PIEDRA NATURAL,POTABLE,18792000.0
2024-06-15,Ana Sanchez,FINANCIACION PROPIA,CÓRDOBA CAPITAL,31.0,29.5,CABAÑA,S.F,OBRA GRIS,PIEDRA NATURAL,NO LE INTERESA,10293000.0
2024-07-20,Luis Perez,CONTADO,CARLOS PAZ,117.0,61.7,MINIMALISTA,E.E,OBRA GRIS,MADERA,POTABLE,16603000.0
2024-05-25,Jorge Rodriguez,CONTADO,LA PLATA,26.0,45.2,MINIMALISTA,E.E,OBRA GRIS,MADERA,POTABLE,13131000.0
2025-11-06,Diego Martinez,CONTADO,LA PLATA,37.0,45.3,MINIMALISTA,E.E,LLAVE EN MANO,LADRILLO,POTABLE,18621000.0
2025-03-14,Jorge Perez,PLAN 36-60,BUENOS AIRES,32.0,57.5,MINIMALISTA,S.F,LLAVE EN MANO,PIEDRA NATURAL,NO LE INTERESA,26982000.0
2024-08-29,Jorge Martinez,NO SABE,LA PLATA,30.0,42.5,AMERICANA,W.F,OBRA GRIS,MADERA,NO LE INTERESA,13916000.0
2025-08-03,Maria Sanchez,CONTADO,CÓRDOBA CAPITAL,75.0,56.9,MINIMALISTA,E.E,LLAVE EN MANO,MADERA,NO LE INTERESA,23450000.0
2025-11-17,Juan Lopez,CONTADO,LA PLATA,37.0,43.1,MINIMALISTA,S.F,OBRA GRIS,PIEDRA NATURAL,NO LE INTERESA,15302000.0
2025-07-14,Ana Martinez,NO SABE,MENDIOLAZA,19.0,44.2,MINIMALISTA,E.E,OBRA GRIS,MADERA,POTABLE,12774000.0
2025-04-27,Maria Lopez,FINANCIACION PROPIA,CÓRDOBA CAPITAL,15.0,74.9,CABAÑA,W.F,LLAVE EN MANO,PIEDRA NATURAL,POTABLE,32497000.0
2024-04-17,Pedro Gonzalez,CONTADO,MENDIOLAZA,5.0,76.9,CABAÑA,E.E,OBRA GRIS,MADERA,POTABLE,20990000.0
2024-08-13,Juan Garcia,FINANCIACION PROPIA,CARLOS PAZ,44.0,20.8,AMERICANA,S.F,LLAVE EN MANO,PIEDRA NATURAL,POTABLE,10100000.0
2025-11-03,Lucia Romero,PLAN 36-60,MENDIOLAZA,13.0,69.9,AMERICANA,E.E,LLAVE EN MANO,LADRILLO,POTABLE,28740000.0
2025-09-22,Pedro Rodriguez,FINANCIACION PROPIA,CARLOS PAZ,8.0,83.0,AMERICANA,E.E,LLAVE EN MANO,MADERA,POTABLE,33465000.0
2025-10-22,Juan Martinez,PLAN 36-60,ALTA GRACIA,53.0,86.1,MINIMALISTA,W.F,LLAVE EN MANO,MADERA,NO LE INTERESA,40393000.0
2025-10-23,Carla Gonzalez,NO SABE,ALTA GRACIA,57.0,65.4,AMERICANA,W.F,OBRA GRIS,MADERA,NO LE INTERESA,21117000.0
2025-03-07,Elena Garcia,CONTADO,BUENOS AIRES,70.0,33.9,CABAÑA,W.F,OBRA GRIS,LADRILLO,NO LE INTERESA,11260000.0
2025-10-16,Luis Garcia,CONTADO,MENDIOLAZA,35.0,67.6,CABAÑA,E.E,OBRA GRIS,MADERA,NO LE INTERESA,19420000.0
2025-02-22,Jorge Gonzalez,CONTADO,SANTIAGO DEL ESTERO,112.0,37.6,CABAÑA,S.F,OBRA GRIS,,VENDIDO,13420000.0
2025-03-30,Ana Sanchez,PLAN 36-60,CARLOS PAZ,138.0,48.1,MINIMALISTA,E.E,LLAVE EN MANO,PIEDRA NATURAL,NO LE INTERESA,19783000.0
2024-06-08,Diego Martinez,NO SABE,CÓRDOBA CAPITAL,82.0,62.7,MINIMALISTA,E.E,LLAVE EN MANO,MADERA,POTABLE,23857000.0
2025-06-06,Luis Lopez,PLAN 36-60,SANTIAGO DEL ESTERO,50.0,38.9,AMERICANA,E.E,OBRA GRIS,MADERA,VENDIDO,10482000.0
2025-10-11,Jorge Sanchez,CONTADO,CARLOS PAZ,18.0,32.1,AMERICANA,E.E,LLAVE EN MANO,PIEDRA NATURAL,NO LE INTERESA,12363000.0
2025-08-12,Diego Rodriguez,PLAN 36-60,CÓRDOBA CAPITAL,204.0,64.3,AMERICANA,W.F,LLAVE EN MANO,LADRILLO,NO LE INTERESA,28086000.0
2024-03-17,Diego Sanchez,PLAN 36-60,CARLOS PAZ,16.0,92.3,AMERICANA,W.F,OBRA GRIS,LADRILLO,NO LE INTERESA,28437000.0
2025-05-23,Jorge Gonzalez,NO SABE,CARLOS PAZ,11.0,79.9,MINIMALISTA,W.F,OBRA GRIS,PIEDRA NATURAL,NO LE INTERESA,25536000.0
2025-03-16,Carla Lopez,PLAN 36-60,CÓRDOBA CAPITAL,29.0,69.1,CABAÑA,W.F,LLAVE EN MANO,LADRILLO,NO LE INTERESA,30260000.0
2024-09-10,Juan Lopez,PLAN 36-60,CARLOS PAZ,5.0,74.6,MINIMALISTA,S.F,OBRA GRIS,LADRILLO,NO LE INTERESA,26875000.0
2026-02-08,Maria Romero,FINANCIACION PROPIA,CARLOS PAZ,192.0,67.8,AMERICANA,E.E,LLAVE EN MANO,MADERA,POTABLE,27080000.0
2024-11-15,Juan Rodriguez,FINANCIACION PROPIA,CARLOS PAZ,44.0,64.0,MINIMALISTA,E.E,LLAVE EN MANO,MADERA,NO LE INTERESA,24803000.0
2024-09-19,Diego Gonzalez,PLAN 36-60,BUENOS AIRES,41.0,73.0,CABAÑA,E.E,OBRA GRIS,MADERA,VENDIDO,20064000.0
2025-08-19,Carla Romero,CONTADO,ALTA GRACIA,53.0,27.6,MINIMALISTA,S.F,OBRA GRIS,LADRILLO,NO LE INTERESA,9801000.0
2025-10-19,Lucia Martinez,FINANCIACION PROPIA,LA PLATA,34.0,59.0,CABAÑA,S.F,OBRA GRIS,MADERA,POTABLE,20564000.0
2025-07-07,Carla Perez,FINANCIACION PROPIA,CARLOS PAZ,5.0,53.4,AMERICANA,W.F,LLAVE EN MANO,LADRILLO,NO LE INTERESA,23010000.0
2025-01-08,Pedro Sanchez,FINANCIACION PROPIA,BUENOS AIRES,47.0,56.6,MINIMALISTA,E.E,OBRA GRIS,MADERA,POTABLE,16181000.0
2025-09-28,Maria Martinez,NO SABE,CÓRDOBA CAPITAL,63.0,,AMERICANA,E.E,OBRA GRIS,LADRILLO,VENDIDO,12918000.0
2024-06-15,Lucia Gonzalez,FINANCIACION PROPIA,MENDIOLAZA,27.0,65.4,AMERICANA,S.F,OBRA GRIS,PIEDRA NATURAL,NO LE INTERESA,22419000.0
2026-01-22,Diego Martinez,FINANCIACION PROPIA,CARLOS PAZ,71.0,38.6,CABAÑA,E.E,OBRA GRIS,PIEDRA NATURAL,POTABLE,10686000.0
2025-04-03,Lucia Romero,NO SABE,BUENOS AIRES,13.0,44.3,CABAÑA,S.F,LLAVE EN MANO,MADERA,NO LE INTERESA,21624000.0
2024-10-06,Maria Lopez,CONTADO,ALTA GRACIA,13.0,41.9,AMERICANA,W.F,OBRA GRIS,LADRILLO,NO LE INTERESA,13954000.0
2025-11-30,Ana Martinez,PLAN 36-60,BUENOS AIRES,9.0,,CABAÑA,S.F,LLAVE EN MANO,PIEDRA NATURAL,POTABLE,35168000.0
2024-10-28,Jorge Martinez,PLAN 36-60,ALTA GRACIA,23.0,54.8,CABAÑA,E.E,OBRA GRIS,PIEDRA NATURAL,POTABLE,15901000.0
2025-06-14,Luis Perez,CONTADO,MENDIOLAZA,94.0,45.8,AMERICANA,S.F,OBRA GRIS,MADERA,NO LE INTERESA,16049000.0
2025-08-02,Juan Martinez,FINANCIACION PROPIA,CARLOS PAZ,88.0,47.5,AMERICANA,S.F,OBRA GRIS,MADERA,NO LE INTERESA,17310000.0
2024-08-05,Ana Rodriguez,,SANTIAGO DEL ESTERO,24.0,55.1,CABAÑA,W.F,LLAVE EN MANO,LADRILLO,POTABLE,25949000.0
2024-04-11,Lucia Romero,FINANCIACION PROPIA,MENDIOLAZA,44.0,87.4,AMERICANA,E.E,OBRA GRIS,PIEDRA NATURAL,NO LE INTERESA,23362000.0
2025-07-07,Elena Perez,NO SABE,LA PLATA,64.0,30.3,AMERICANA,E.E,OBRA GRIS,LADRILLO,NO LE INTERESA,8204000.0
2024-10-14,Lucia Garcia,CONTADO,CÓRDOBA CAPITAL,14.0,68.5,CABAÑA,W.F,OBRA GRIS,LADRILLO,POTABLE,21270000.0
2024-06-15,Luis Garcia,FINANCIACION PROPIA,BUENOS AIRES,9.0,64.4,MINIMALISTA,S.F,LLAVE EN MANO,MADERA,POTABLE,30377000.0
2025-09-12,Juan Rodriguez,PLAN 36-60,CÓRDOBA CAPITAL,179.0,37.3,MINIMALISTA,S.F,OBRA GRIS,LADRILLO,POTABLE,13263000.0
2024-02-05,Maria Gonzalez,CONTADO,CÓRDOBA CAPITAL,48.0,84.3,AMERICANA,E.E,OBRA GRIS,LADRILLO,VENDIDO,24301000.0
2026-01-13,Diego Sanchez,CONTADO,CÓRDOBA CAPITAL,199.0,65.8,CABAÑA,S.F,LLAVE EN MANO,PIEDRA NATURAL,VENDIDO,34042000.0
2026-01-10,Ana Gonzalez,FINANCIACION PROPIA,ALTA GRACIA,21.0,44.8,AMERICANA,W.F,LLAVE EN MANO,LADRILLO,POTABLE,20061000.0
2024-12-18,Ana Perez,PLAN 36-60,BUENOS AIRES,61.0,20.0,CABAÑA,E.E,LLAVE EN MANO,PIEDRA NATURAL,NO LE INTERESA,8081000.0
2025-11-06,Elena Lopez,FINANCIACION PROPIA,LA PLATA,13.0,59.6,AMERICANA,S.F,LLAVE EN MANO,PIEDRA NATURAL,VENDIDO,29619000.0
2024-03-13,Maria Romero,PLAN 36-60,CARLOS PAZ,15.0,54.1,AMERICANA,W.F,OBRA GRIS,LADRILLO,NO LE INTERESA,17256000.0
2025-10-09,Pedro Romero,CONTADO,CARLOS PAZ,36.0,34.4,CABAÑA,W.F,OBRA GRIS,LADRILLO,POTABLE,11377000.0
2024-12-18,Juan Romero,CONTADO,SANTIAGO DEL ESTERO,19.0,34.1,AMERICANA,E.E,LLAVE EN MANO,PIEDRA NATURAL,POTABLE,13519000.0
2024-03-10,Ana Sanchez,CONTADO,CARLOS PAZ,9.0,72.4,MINIMALISTA,E.E,LLAVE EN MANO,LADRILLO,NO LE INTERESA,29132000.0
2025-02-28,Luis Rodriguez,NO SABE,LA PLATA,15.0,20.0,MINIMALISTA,S.F,LLAVE EN MANO,PIEDRA NATURAL,NO LE INTERESA,9522000.0
2025-12-08,Juan Perez,CONTADO,CARLOS PAZ,5.0,61.3,CABAÑA,S.F,LLAVE EN MANO,LADRILLO,NO LE INTERESA,29625000.0
2026-02-19,Luis Lopez,NO SABE,ALTA GRACIA,61.0,51.3,AMERICANA,S.F,OBRA GRIS,PIEDRA NATURAL,NO LE INTERESA,18355000.0
2025-07-14,Jorge Lopez,NO SABE,MENDIOLAZA,34.0,64.9,MINIMALISTA,W.F,LLAVE EN MANO,PIEDRA NATURAL,POTABLE,28208000.0
2025-10-03,Maria Gonzalez,NO SABE,CARLOS PAZ,5.0,49.1,CABAÑA,W.F,LLAVE EN MANO,MADERA,POTABLE,22740000.0
2025-05-31,Jorge Romero,PLAN 36-60,CÓRDOBA CAPITAL,9.0,60.9,CABAÑA,S.F,OBRA GRIS,LADRILLO,VENDIDO,20547000.0
2025-03-03,Carla Lopez,NO SABE,CÓRDOBA CAPITAL,5.0,40.1,CABAÑA,E.E,OBRA GRIS,PIEDRA NATURAL,NO LE INTERESA,11038000.0
2025-06-22,Carla Gonzalez,CONTADO,MENDIOLAZA,47.0,54.0,MINIMALISTA,W.F,LLAVE EN MANO,PIEDRA NATURAL,NO LE INTERESA,23773000.0
2024-06-08,Juan Gonzalez,CONTADO,CÓRDOBA CAPITAL,5.0,64.8,MINIMALISTA,W.F,LLAVE EN MANO,LADRILLO,POTABLE,27937000.0
2024-05-28,Diego Garcia,CONTADO,CÓRDOBA CAPITAL,70.0,58.0,MINIMALISTA,S.F,LLAVE EN MANO,LADRILLO,NO LE INTERESA,27871000.0
2026-02-14,Juan Lopez,NO SABE,ALTA GRACIA,5.0,62.6,MINIMALISTA,E.E,OBRA GRIS,LADRILLO,NO LE INTERESA,18257000.0
2024-08-17,Lucia Perez,CONTADO,ALTA GRACIA,14.0,36.4,AMERICANA,W.F,OBRA GRIS,MADERA,NO LE INTERESA,11186000.0
2025-12-12,Luis Gonzalez,PLAN 36-60,ALTA GRACIA,111.0,43.2,MINIMALISTA,E.E,OBRA GRIS,LADRILLO,VENDIDO,11670000.0
2025-07-15,Elena Rodriguez,CONTADO,CARLOS PAZ,63.0,43.5,CABAÑA,W.F,LLAVE EN MANO,MADERA,POTABLE,20107000.0
2024-03-07,Pedro Martinez,CONTADO,MENDIOLAZA,5.0,49.5,AMERICANA,E.E,LLAVE EN MANO,LADRILLO,NO LE INTERESA,19153000.0
2025-01-15,Maria Garcia,CONTADO,CÓRDOBA CAPITAL,86.0,82.2,MINIMALISTA,E.E,OBRA GRIS,MADERA,POTABLE,22519000.0
2024-02-27,Diego Perez,FINANCIACION PROPIA,SANTIAGO DEL ESTERO,34.0,47.9,AMERICANA,W.F,OBRA GRIS,LADRILLO,NO LE INTERESA,15489000.0
2024-09-15,Pedro Sanchez,PLAN 36-60,MENDIOLAZA,94.0,32.1,CABAÑA,E.E,OBRA GRIS,MADERA,NO LE INTERESA,8916000.0
2024-12-07,Diego Romero,NO SABE,SANTIAGO DEL ESTERO,46.0,65.8,MINIMALISTA,W.F,LLAVE EN MANO,PIEDRA NATURAL,NO LE INTERESA,29411000.0
2024-05-09,Juan Gonzalez,PLAN 36-60,CÓRDOBA CAPITAL,57.0,81.9,AMERICANA,W.F,OBRA GRIS,MADERA,POTABLE,27027000.0
2025-12-27,Elena Garcia,NO SABE,LA PLATA,252.0,29.8,MINIMALISTA,E.E,OBRA GRIS,MADERA,NO LE INTERESA,8388000.0
2024-06-20,Diego Garcia,PLAN 36-60,MENDIOLAZA,13.0,94.5,AMERICANA,W.F,OBRA GRIS,PIEDRA NATURAL,VENDIDO,31848000.0
2026-02-08,Lucia Lopez,PLAN 36-60,CARLOS PAZ,49.0,63.3,AMERICANA,E.E,LLAVE EN MANO,LADRILLO,NO LE INTERESA,23749000.0
2025-09-05,Ana Martinez,PLAN 36-60,SANTIAGO DEL ESTERO,31.0,75.7,CABAÑA,W.F,OBRA GRIS,PIEDRA NATURAL,POTABLE,25171000.0
2024-07-27,Elena Perez,PLAN 36-60,MENDIOLAZA,5.0,84.3,CABAÑA,E.E,LLAVE EN MANO,PIEDRA NATURAL,NO LE INTERESA,33795000.0
2024-12-19,Lucia Garcia,FINANCIACION PROPIA,MENDIOLAZA,5.0,74.5,MINIMALISTA,W.F,LLAVE EN MANO,PIEDRA NATURAL,POTABLE,32860000.0
2025-04-15,Lucia Garcia,PLAN 36-60,ALTA GRACIA,6.0,52.8,MINIMALISTA,W.F,LLAVE EN MANO,MADERA,POTABLE,22902000.0
2024-04-25,Jorge Gonzalez,FINANCIACION PROPIA,LA PLATA,52.0,,AMERICANA,S.F,OBRA GRIS,PIEDRA NATURAL,NO LE INTERESA,28850000.0
2024-09-20,Ana Martinez,FINANCIACION PROPIA,ALTA GRACIA,42.0,60.1,CABAÑA,W.F,LLAVE EN MANO,,POTABLE,27644000.0
2025-10-23,Jorge Sanchez,CONTADO,LA PLATA,40.0,76.8,CABAÑA,W.F,OBRA GRIS,MADERA,NO LE INTERESA,24271000.0
2025-03-17,Lucia Rodriguez,PLAN 36-60,LA PLATA,5.0,79.0,AMERICANA,E.E,LLAVE EN MANO,MADERA,NO LE INTERESA,29479000.0
2025-07-01,Elena Martinez,CONTADO,CARLOS PAZ,32.0,33.2,CABAÑA,E.E,LLAVE EN MANO,PIEDRA NATURAL,POTABLE,13635000.0
2025-03-28,Diego Romero,PLAN 36-60,MENDIOLAZA,129.0,70.9,CABAÑA,E.E,LLAVE EN MANO,MADERA,NO LE INTERESA,27718000.0
2025-04-21,Pedro Martinez,PLAN 36-60,ALTA GRACIA,25.0,51.4,AMERICANA,E.E,OBRA GRIS,LADRILLO,POTABLE,13962000.0
2024-10-13,Jorge Perez,NO SABE,ALTA GRACIA,49.0,57.8,MINIMALISTA,S.F,OBRA GRIS,MADERA,NO LE INTERESA,21140000.0
2024-10-29,Lucia Martinez,CONTADO,SANTIAGO DEL ESTERO,76.0,57.5,MINIMALISTA,S.F,OBRA GRIS,PIEDRA NATURAL,POTABLE,19954000.0
2024-11-06,Juan Romero,CONTADO,MENDIOLAZA,77.0,56.7,MINIMALISTA,E.E,OBRA GRIS,PIEDRA NATURAL,POTABLE,15933000.0
2024-07-26,Pedro Perez,CONTADO,CÓRDOBA CAPITAL,37.0,85.5,AMERICANA,E.E,LLAVE EN MANO,PIEDRA NATURAL,POTABLE,34238000.0
2025-09-09,Elena Rodriguez,CONTADO,CÓRDOBA CAPITAL,98.0,27.7,MINIMALISTA,E.E,LLAVE EN MANO,MADERA,POTABLE,11357000.0
2025-03-21,Maria Gonzalez,FINANCIACION PROPIA,SANTIAGO DEL ESTERO,25.0,,AMERICANA,E.E,LLAVE EN MANO,PIEDRA NATURAL,POTABLE,7788000.0
2025-10-31,Lucia Perez,FINANCIACION PROPIA,LA PLATA,110.0,20.0,AMERICANA,W.F,LLAVE EN MANO,MADERA,NO LE INTERESA,9547000.0
2025-09-24,Carla Martinez,FINANCIACION PROPIA,SANTIAGO DEL ESTERO,14.0,76.4,CABAÑA,E.E,LLAVE EN MANO,PIEDRA NATURAL,NO LE INTERESA,31266000.0
2024-02-24,Juan Lopez,FINANCIACION PROPIA,SANTIAGO DEL ESTERO,16.0,39.5,CABAÑA,W.F,OBRA GRIS,PIEDRA NATURAL,POTABLE,12436000.0
2024-01-12,Diego Romero,CONTADO,ALTA GRACIA,5.0,57.6,MINIMALISTA,E.E,LLAVE EN MANO,PIEDRA NATURAL,POTABLE,22581000.0
2025-10-18,Maria Rodriguez,CONTADO,SANTIAGO DEL ESTERO,79.0,52.7,AMERICANA,S.F,OBRA GRIS,LADRILLO,NO LE INTERESA,19228000.0
2025-02-03,Juan Martinez,CONTADO,BUENOS AIRES,27.0,37.3,MINIMALISTA,S.F,OBRA GRIS,LADRILLO,NO LE INTERESA,13079000.0
2025-10-09,Carla Perez,FINANCIACION PROPIA,LA PLATA,13.0,72.0,MINIMALISTA,E.E,OBRA GRIS,PIEDRA NATURAL,NO LE INTERESA,20143000.0
2025-05-29,Luis Martinez,FINANCIACION PROPIA,CÓRDOBA CAPITAL,13.0,52.5,CABAÑA,S.F,LLAVE EN MANO,PIEDRA NATURAL,VENDIDO,26050000.0
2025-10-17,Ana Rodriguez,PLAN 36-60,CARLOS PAZ,116.0,50.2,MINIMALISTA,S.F,OBRA GRIS,MADERA,VENDIDO,18219000.0
2025-06-25,Diego Sanchez,CONTADO,MENDIOLAZA,90.0,59.7,MINIMALISTA,S.F,OBRA GRIS,MADERA,POTABLE,21378000.0
2024-08-24,Maria Gonzalez,CONTADO,SANTIAGO DEL ESTERO,40.0,69.4,CABAÑA,S.F,OBRA GRIS,LADRILLO,POTABLE,24658000.0
2024-10-05,Diego Rodriguez,NO SABE,MENDIOLAZA,48.0,35.8,MINIMALISTA,W.F,OBRA GRIS,MADERA,NO LE INTERESA,11451000.0
2024-12-13,Ana Sanchez,CONTADO,SANTIAGO DEL ESTERO,32.0,,MINIMALISTA,W.F,LLAVE EN MANO,MADERA,POTABLE,33157000.0
2025-09-18,Juan Gonzalez,FINANCIACION PROPIA,BUENOS AIRES,25.0,84.0,AMERICANA,W.F,LLAVE EN MANO,MADERA,NO LE INTERESA,36401000.0
2024-04-13,Juan Romero,CONTADO,MENDIOLAZA,124.0,26.5,MINIMALISTA,W.F,LLAVE EN MANO,MADERA,VENDIDO,12022000.0
2025-09-21,Ana Gonzalez,CONTADO,ALTA GRACIA,7.0,60.6,CABAÑA,E.E,OBRA GRIS,LADRILLO,NO LE INTERESA,16449000.0
2025-05-31,Jorge Gonzalez,FINANCIACION PROPIA,ALTA GRACIA,27.0,48.9,CABAÑA,S.F,OBRA GRIS,LADRILLO,POTABLE,17220000.0
2024-09-04,Lucia Perez,CONTADO,MENDIOLAZA,21.0,69.0,AMERICANA,S.F,LLAVE EN MANO,MADERA,NO LE INTERESA,33036000.0
2024-12-29,Lucia Gonzalez,FINANCIACION PROPIA,SANTIAGO DEL ESTERO,34.0,30.7,CABAÑA,E.E,LLAVE EN MANO,MADERA,POTABLE,12093000.0
2024-11-16,Diego Romero,FINANCIACION PROPIA,BUENOS AIRES,31.0,87.6,CABAÑA,E.E,OBRA GRIS,LADRILLO,VENDIDO,25256000.0
2025-09-24,Diego Perez,PLAN 36-60,BUENOS AIRES,37.0,22.8,CABAÑA,W.F,OBRA GRIS,PIEDRA NATURAL,POTABLE,7348000.0
2024-10-12,Ana Gonzalez,FINANCIACION PROPIA,SANTIAGO DEL ESTERO,8.0,50.1,MINIMALISTA,W.F,LLAVE EN MANO,MADERA,NO LE INTERESA,21961000.0
2024-05-28,Elena Perez,PLAN 36-60,LA PLATA,36.0,63.7,AMERICANA,S.F,LLAVE EN MANO,PIEDRA NATURAL,NO LE INTERESA,30401000.0
2024-03-24,Carla Gonzalez,CONTADO,CÓRDOBA CAPITAL,14.0,41.3,AMERICANA,E.E,OBRA GRIS,MADERA,POTABLE,12056000.0
2025-02-09,Jorge Rodriguez,FINANCIACION PROPIA,CÓRDOBA CAPITAL,10.0,38.1,AMERICANA,S.F,LLAVE EN MANO,LADRILLO,POTABLE,19209000.0
2025-03-31,Maria Perez,PLAN 36-60,BUENOS AIRES,5.0,59.4,AMERICANA,E.E,LLAVE EN MANO,MADERA,POTABLE,22213000.0
2026-01-12,Pedro Perez,CONTADO,CARLOS PAZ,72.0,56.6,CABAÑA,W.F,OBRA GRIS,PIEDRA NATURAL,NO LE INTERESA,19145000.0
2024-06-09,Maria Perez,NO SABE,CÓRDOBA CAPITAL,28.0,55.1,MINIMALISTA,S.F,LLAVE EN MANO,LADRILLO,VENDIDO,25993000.0
2026-02-22,Ana Gonzalez,PLAN 36-60,CARLOS PAZ,49.0,72.2,CABAÑA,S.F,LLAVE EN MANO,MADERA,POTABLE,35994000.0
2025-04-04,Luis Lopez,FINANCIACION PROPIA,ALTA GRACIA,65.0,47.1,CABAÑA,E.E,OBRA GRIS,,POTABLE,13354000.0
2025-07-03,Ana Lopez,FINANCIACION PROPIA,CARLOS PAZ,57.0,61.4,CABAÑA,S.F,LLAVE EN MANO,LADRILLO,NO LE INTERESA,28804000.0
2025-05-14,Diego Sanchez,PLAN 36-60,CARLOS PAZ,32.0,44.9,CABAÑA,W.F,OBRA GRIS,MADERA,POTABLE,14209000.0
2026-01-07,Juan Romero,PLAN 36-60,CÓRDOBA CAPITAL,25.0,38.0,AMERICANA,S.F,LLAVE EN MANO,LADRILLO,NO LE INTERESA,19172000.0
2025-05-23,Carla Martinez,PLAN 36-60,BUENOS AIRES,24.0,49.3,AMERICANA,E.E,LLAVE EN MANO,MADERA,POTABLE,18988000.0
2025-10-15,Juan Garcia,PLAN 36-60,SANTIAGO DEL ESTERO,51.0,45.0,MINIMALISTA,S.F,OBRA GRIS,LADRILLO,NO LE INTERESA,15795000.0
2025-04-25,Luis Perez,FINANCIACION PROPIA,BUENOS AIRES,34.0,46.0,CABAÑA,W.F,LLAVE EN MANO,MADERA,POTABLE,21199000.0
2025-10-24,Luis Rodriguez,FINANCIACION PROPIA,ALTA GRACIA,95.0,78.3,AMERICANA,E.E,LLAVE EN MANO,LADRILLO,POTABLE,29515000.0
2024-04-23,Diego Gonzalez,CONTADO,LA PLATA,104.0,49.9,MINIMALISTA,E.E,OBRA GRIS,,NO LE INTERESA,14598000.0
2026-01-18,Ana Perez,PLAN 36-60,CARLOS PAZ,9.0,41.7,CABAÑA,W.F,OBRA GRIS,MADERA,POTABLE,12825000.0
2025-07-31,Jorge Martinez,NO SABE,CARLOS PAZ,7.0,55.6,CABAÑA,E.E,LLAVE EN MANO,LADRILLO,NO LE INTERESA,21288000.0
2024-12-26,Diego Gonzalez,PLAN 36-60,MENDIOLAZA,50.0,57.1,AMERICANA,E.E,LLAVE EN MANO,MADERA,NO LE INTERESA,23049000.0
2024-12-06,Luis Perez,FINANCIACION PROPIA,CARLOS PAZ,18.0,31.3,CABAÑA,S.F,LLAVE EN MANO,MADERA,POTABLE,15997000.0
2026-02-08,Lucia Sanchez,FINANCIACION PROPIA,BUENOS AIRES,5.0,49.0,CABAÑA,E.E,OBRA GRIS,MADERA,VENDIDO,14085000.0
2026-01-30,Luis Sanchez,CONTADO,SANTIAGO DEL ESTERO,110.0,48.2,AMERICANA,S.F,LLAVE EN MANO,LADRILLO,POTABLE,23134000.0
2025-03-24,Pedro Perez,CONTADO,LA PLATA,13.0,51.6,MINIMALISTA,W.F,LLAVE EN MANO,MADERA,NO LE INTERESA,24412000.0
2024-06-28,Maria Martinez,FINANCIACION PROPIA,BUENOS AIRES,132.0,69.5,MINIMALISTA,W.F,OBRA GRIS,LADRILLO,NO LE INTERESA,22381000.0
2025-12-02,Lucia Romero,PLAN 36-60,MENDIOLAZA,63.0,57.7,AMERICANA,W.F,OBRA GRIS,,POTABLE,18443000.0
2025-02-10,Pedro Martinez,PLAN 36-60,BUENOS AIRES,72.0,79.6,AMERICANA,W.F,OBRA GRIS,PIEDRA NATURAL,VENDIDO,26679000.0
2025-10-27,Lucia Garcia,FINANCIACION PROPIA,CÓRDOBA CAPITAL,11.0,,MINIMALISTA,E.E,OBRA GRIS,PIEDRA NATURAL,VENDIDO,14694000.0
2024-07-14,Luis Gonzalez,FINANCIACION PROPIA,ALTA GRACIA,13.0,90.5,MINIMALISTA,E.E,LLAVE EN MANO,MADERA,NO LE INTERESA,35695000.0
2025-04-10,Carla Sanchez,CONTADO,SANTIAGO DEL ESTERO,37.0,45.8,AMERICANA,S.F,LLAVE EN MANO,LADRILLO,NO LE INTERESA,23545000.0
2024-11-06,Pedro Gonzalez,CONTADO,LA PLATA,9.0,39.6,AMERICANA,S.F,LLAVE EN MANO,MADERA,VENDIDO,18641000.0
2024-09-18,Juan Lopez,CONTADO,ALTA GRACIA,18.0,65.9,AMERICANA,S.F,OBRA GRIS,LADRILLO,NO LE INTERESA,23186000.0
2025-02-22,Elena Gonzalez,PLAN 36-60,CÓRDOBA CAPITAL,19.0,82.3,CABAÑA,E.E,LLAVE EN MANO,PIEDRA NATURAL,POTABLE,31103000.0
2025-02-09,Ana Garcia,CONTADO,ALTA GRACIA,9.0,27.4,AMERICANA,S.F,LLAVE EN MANO,PIEDRA NATURAL,NO LE INTERESA,13964000.0
2024-05-22,Diego Sanchez,PLAN 36-60,MENDIOLAZA,11.0,51.1,CABAÑA,E.E,LLAVE EN MANO,PIEDRA NATURAL,NO LE INTERESA,20224000.0
2024-12-07,Juan Gonzalez,CONTADO,CARLOS PAZ,78.0,42.8,MINIMALISTA,W.F,OBRA GRIS,MADERA,NO LE INTERESA,13530000.0
2024-11-11,Lucia Romero,PLAN 36-60,CARLOS PAZ,9.0,57.9,MINIMALISTA,E.E,LLAVE EN MANO,MADERA,VENDIDO,22272000.0
2024-04-10,Elena Martinez,,SANTIAGO DEL ESTERO,5.0,55.2,AMERICANA,W.F,LLAVE EN MANO,LADRILLO,POTABLE,24933000.0
2024-08-31,Maria Rodriguez,PLAN 36-60,ALTA GRACIA,50.0,81.9,AMERICANA,S.F,OBRA GRIS,LADRILLO,NO LE INTERESA,29388000.0
2025-05-04,Luis Gonzalez,PLAN 36-60,BUENOS AIRES,186.0,52.8,MINIMALISTA,E.E,LLAVE EN MANO,PIEDRA NATURAL,POTABLE,20950000.0
2024-01-12,Carla Garcia,CONTADO,CARLOS PAZ,20.0,82.5,MINIMALISTA,S.F,OBRA GRIS,MADERA,NO LE INTERESA,28007000.0
2024-08-26,Diego Perez,NO SABE,SANTIAGO DEL ESTERO,6.0,48.7,MINIMALISTA,S.F,OBRA GRIS,MADERA,NO LE INTERESA,17409000.0
2025-07-14,Luis Perez,CONTADO,SANTIAGO DEL ESTERO,42.0,73.5,MINIMALISTA,W.F,LLAVE EN MANO,LADRILLO,POTABLE,31930000.0
2024-02-11,Ana Garcia,PLAN 36-60,MENDIOLAZA,118.0,59.6,AMERICANA,S.F,OBRA GRIS,LADRILLO,NO LE INTERESA,21688000.0
2025-11-08,Jorge Romero,NO SABE,SANTIAGO DEL ESTERO,77.0,89.6,CABAÑA,E.E,OBRA GRIS,MADERA,POTABLE,24940000.0
2025-08-16,Luis Romero,PLAN 36-60,CÓRDOBA CAPITAL,49.0,25.5,MINIMALISTA,S.F,OBRA GRIS,MADERA,POTABLE,9136000.0
2025-03-04,Diego Romero,FINANCIACION PROPIA,BUENOS AIRES,19.0,31.7,MINIMALISTA,W.F,LLAVE EN MANO,LADRILLO,NO LE INTERESA,14096000.0
2024-06-06,Juan Garcia,CONTADO,CARLOS PAZ,39.0,91.6,CABAÑA,W.F,OBRA GRIS,MADERA,NO LE INTERESA,30053000.0
2024-08-03,Juan Lopez,,CARLOS PAZ,5.0,40.3,AMERICANA,S.F,LLAVE EN MANO,MADERA,POTABLE,20523000.0
2025-10-31,Lucia Martinez,PLAN 36-60,LA PLATA,57.0,41.6,CABAÑA,W.F,LLAVE EN MANO,PIEDRA NATURAL,POTABLE,19218000.0
2025-04-06,Juan Perez,CONTADO,CÓRDOBA CAPITAL,65.0,37.5,AMERICANA,S.F,OBRA GRIS,MADERA,POTABLE,13449000.0
2024-05-13,Juan Perez,PLAN 36-60,CARLOS PAZ,168.0,78.0,AMERICANA,W.F,OBRA GRIS,MADERA,NO LE INTERESA,26021000.0
2024-03-07,Luis Lopez,CONTADO,MENDIOLAZA,15.0,29.9,AMERICANA,S.F,LLAVE EN MANO,MADERA,POTABLE,14674000.0
2024-01-07,Carla Lopez,PLAN 36-60,CARLOS PAZ,5.0,55.4,AMERICANA,S.F,OBRA GRIS,LADRILLO,NO LE INTERESA,18855000.0
2025-06-09,Elena Martinez,NO SABE,LA PLATA,39.0,49.7,AMERICANA,E.E,LLAVE EN MANO,PIEDRA NATURAL,VENDIDO,20157000.0
2024-03-13,Elena Perez,CONTADO,ALTA GRACIA,61.0,75.7,MINIMALISTA,E.E,LLAVE EN MANO,LADRILLO,NO LE INTERESA,30208000.0
2025-02-02,Maria Romero,CONTADO,ALTA GRACIA,78.0,43.7,AMERICANA,S.F,OBRA GRIS,PIEDRA NATURAL,NO LE INTERESA,15125000.0
2025-02-08,Carla Gonzalez,PLAN 36-60,CÓRDOBA CAPITAL,11.0,63.3,MINIMALISTA,E.E,OBRA GRIS,PIEDRA NATURAL,NO LE INTERESA,17343000.0
2025-11-05,Ana Martinez,PLAN 36-60,SANTIAGO DEL ESTERO,15.0,31.6,AMERICANA,E.E,OBRA GRIS,MADERA,POTABLE,8870000.0
2025-07-31,Diego Perez,,LA PLATA,36.0,100.5,MINIMALISTA,W.F,OBRA GRIS,PIEDRA NATURAL,POTABLE,31466000.0
2024-05-09,Pedro Lopez,PLAN 36-60,LA PLATA,20.0,50.2,CABAÑA,E.E,OBRA GRIS,PIEDRA NATURAL,NO LE INTERESA,14619000.0
2025-04-10,Pedro Perez,CONTADO,CARLOS PAZ,98.0,55.2,CABAÑA,W.F,OBRA GRIS,MADERA,VENDIDO,18439000.0
2024-07-24,Jorge Garcia,FINANCIACION PROPIA,MENDIOLAZA,32.0,88.1,MINIMALISTA,E.E,OBRA GRIS,MADERA,NO LE INTERESA,24242000.0
2026-02-26,Luis Garcia,FINANCIACION PROPIA,CARLOS PAZ,80.0,43.3,AMERICANA,E.E,OBRA GRIS,PIEDRA NATURAL,VENDIDO,11692000.0
2026-02-06,Juan Lopez,PLAN 36-60,MENDIOLAZA,43.0,88.3,MINIMALISTA,S.F,OBRA GRIS,LADRILLO,VENDIDO,29582000.0
2024-09-22,Pedro Martinez,PLAN 36-60,LA PLATA,74.0,,MINIMALISTA,E.E,OBRA GRIS,PIEDRA NATURAL,POTABLE,12947000.0
2025-06-20,Pedro Perez,CONTADO,SANTIAGO DEL ESTERO,20.0,68.4,AMERICANA,S.F,LLAVE EN MANO,LADRILLO,POTABLE,32364000.0
2024-09-09,Ana Romero,CONTADO,ALTA GRACIA,89.0,43.5,CABAÑA,S.F,OBRA GRIS,LADRILLO,NO LE INTERESA,15932000.0
2024-10-15,Juan Romero,CONTADO,CÓRDOBA CAPITAL,16.0,27.9,MINIMALISTA,S.F,OBRA GRIS,PIEDRA NATURAL,NO LE INTERESA,9711000.0
2024-06-12,Juan Lopez,PLAN 36-60,BUENOS AIRES,39.0,63.3,CABAÑA,S.F,OBRA GRIS,LADRILLO,NO LE INTERESA,21876000.0
2024-04-04,Juan Sanchez,NO SABE,MENDIOLAZA,12.0,67.8,CABAÑA,E.E,LLAVE EN MANO,PIEDRA NATURAL,NO LE INTERESA,25845000.0
2026-02-20,Juan Garcia,PLAN 36-60,ALTA GRACIA,32.0,28.7,CABAÑA,S.F,OBRA GRIS,LADRILLO,NO LE INTERESA,10437000.0
2024-04-19,Lucia Gonzalez,CONTADO,CÓRDOBA CAPITAL,19.0,48.9,MINIMALISTA,E.E,OBRA GRIS,LADRILLO,NO LE INTERESA,14122000.0
2024-12-01,Juan Rodriguez,CONTADO,SANTIAGO DEL ESTERO,16.0,79.0,MINIMALISTA,E.E,OBRA GRIS,PIEDRA NATURAL,POTABLE,21888000.0
2024-08-25,Maria Rodriguez,CONTADO,LA PLATA,171.0,67.0,AMERICANA,W.F,OBRA GRIS,MADERA,POTABLE,21109000.0
2025-01-15,Carla Martinez,PLAN 36-60,SANTIAGO DEL ESTERO,9.0,47.1,AMERICANA,W.F,OBRA GRIS,MADERA,NO LE INTERESA,15866000.0
2025-03-11,Lucia Garcia,PLAN 36-60,MENDIOLAZA,77.0,43.0,MINIMALISTA,W.F,LLAVE EN MANO,PIEDRA NATURAL,VENDIDO,19141000.0
2025-04-27,Elena Perez,CONTADO,LA PLATA,207.0,94.0,AMERICANA,S.F,OBRA GRIS,PIEDRA NATURAL,POTABLE,34111000.0
2024-01-25,Ana Romero,PLAN 36-60,CARLOS PAZ,5.0,26.1,CABAÑA,E.E,OBRA GRIS,MADERA,NO LE INTERESA,7288000.0
2025-10-14,Elena Lopez,CONTADO,CÓRDOBA CAPITAL,60.0,53.8,CABAÑA,E.E,LLAVE EN MANO,MADERA,VENDIDO,21776000.0
2024-04-26,Luis Garcia,CONTADO,CARLOS PAZ,15.0,25.7,MINIMALISTA,S.F,LLAVE EN MANO,LADRILLO,POTABLE,12592000.0
2025-04-26,Luis Gonzalez,CONTADO,LA PLATA,5.0,81.3,CABAÑA,W.F,LLAVE EN MANO,LADRILLO,POTABLE,38218000.0
2025-01-26,Pedro Lopez,CONTADO,BUENOS AIRES,26.0,54.9,MINIMALISTA,W.F,OBRA GRIS,LADRILLO,NO LE INTERESA,18249000.0
2025-06-20,Ana Rodriguez,CONTADO,CÓRDOBA CAPITAL,137.0,58.6,MINIMALISTA,E.E,OBRA GRIS,MADERA,NO LE INTERESA,16215000.0
2024-03-19,Diego Garcia,CONTADO,CÓRDOBA CAPITAL,5.0,110.4,MINIMALISTA,E.E,LLAVE EN MANO,PIEDRA NATURAL,VENDIDO,42983000.0
2025-08-02,Carla Romero,FINANCIACION PROPIA,CARLOS PAZ,44.0,43.1,CABAÑA,E.E,OBRA GRIS,LADRILLO,POTABLE,11649000.0
2024-06-21,Juan Romero,FINANCIACION PROPIA,CÓRDOBA CAPITAL,35.0,,MINIMALISTA,W.F,OBRA GRIS,PIEDRA NATURAL,NO LE INTERESA,30204000.0
2024-01-12,Diego Garcia,PLAN 36-60,LA PLATA,103.0,47.2,MINIMALISTA,E.E,OBRA GRIS,MADERA,POTABLE,12795000.0
2024-05-07,Jorge Lopez,FINANCIACION PROPIA,BUENOS AIRES,5.0,50.3,AMERICANA,W.F,OBRA GRIS,,NO LE INTERESA,15423000.0
2025-08-30,Pedro Rodriguez,CONTADO,MENDIOLAZA,57.0,107.8,CABAÑA,W.F,OBRA GRIS,MADERA,POTABLE,34785000.0
2024-04-01,Diego Lopez,FINANCIACION PROPIA,MENDIOLAZA,57.0,51.8,MINIMALISTA,W.F,LLAVE EN MANO,PIEDRA NATURAL,NO LE INTERESA,23679000.0
2025-10-14,Pedro Garcia,CONTADO,LA PLATA,55.0,,AMERICANA,S.F,LLAVE EN MANO,LADRILLO,NO LE INTERESA,13182000.0
2025-06-26,Elena Gonzalez,PLAN 36-60,CARLOS PAZ,143.0,60.6,MINIMALISTA,S.F,LLAVE EN MANO,PIEDRA NATURAL,NO LE INTERESA,30120000.0
2025-06-15,Pedro Perez,PLAN 36-60,SANTIAGO DEL ESTERO,87.0,51.5,CABAÑA,E.E,OBRA GRIS,PIEDRA NATURAL,NO LE INTERESA,15126000.0
2025-10-19,Pedro Gonzalez,CONTADO,LA PLATA,5.0,62.3,AMERICANA,W.F,LLAVE EN MANO,LADRILLO,NO LE INTERESA,28447000.0
2025-03-22,Jorge Sanchez,NO SABE,MENDIOLAZA,32.0,52.3,AMERICANA,E.E,OBRA GRIS,LADRILLO,NO LE INTERESA,14627000.0
2025-01-24,Maria Garcia,CONTADO,LA PLATA,25.0,99.3,MINIMALISTA,W.F,LLAVE EN MANO,MADERA,POTABLE,43209000.0
2025-11-02,Diego Martinez,CONTADO,CÓRDOBA CAPITAL,19.0,66.1,MINIMALISTA,E.E,LLAVE EN MANO,LADRILLO,POTABLE,25081000.0
2024-02-12,Diego Perez,CONTADO,CÓRDOBA CAPITAL,30.0,33.5,CABAÑA,E.E,LLAVE EN MANO,LADRILLO,NO LE INTERESA,13156000.0
2024-09-10,Diego Martinez,CONTADO,LA PLATA,24.0,,CABAÑA,S.F,LLAVE EN MANO,LADRILLO,NO LE INTERESA,28107000.0
2024-05-09,Pedro Martinez,CONTADO,CARLOS PAZ,28.0,39.0,MINIMALISTA,S.F,OBRA GRIS,LADRILLO,POTABLE,13723000.0
2024-02-29,Luis Lopez,CONTADO,SANTIAGO DEL ESTERO,194.0,50.0,AMERICANA,S.F,LLAVE EN MANO,LADRILLO,NO LE INTERESA,24811000.0
2025-10-24,Pedro Martinez,CONTADO,CÓRDOBA CAPITAL,5.0,,CABAÑA,S.F,LLAVE EN MANO,MADERA,POTABLE,17753000.0
2025-04-11,Lucia Rodriguez,FINANCIACION PROPIA,MENDIOLAZA,128.0,97.1,CABAÑA,W.F,LLAVE EN MANO,PIEDRA NATURAL,POTABLE,44826000.0
2024-10-13,Ana Lopez,CONTADO,BUENOS AIRES,33.0,41.2,AMERICANA,E.E,OBRA GRIS,MADERA,POTABLE,11252000.0
2025-05-31,Pedro Sanchez,CONTADO,CÓRDOBA CAPITAL,49.0,68.8,MINIMALISTA,E.E,LLAVE EN MANO,PIEDRA NATURAL,VENDIDO,27996000.0
2025-04-11,Maria Garcia,PLAN 36-60,MENDIOLAZA,89.0,48.5,CABAÑA,W.F,LLAVE EN MANO,LADRILLO,NO LE INTERESA,21325000.0
2026-02-16,Elena Garcia,NO SABE,BUENOS AIRES,22.0,31.8,AMERICANA,W.F,LLAVE EN MANO,MADERA,POTABLE,14248000.0
2024-12-10,Carla Lopez,,SANTIAGO DEL ESTERO,28.0,59.0,CABAÑA,E.E,LLAVE EN MANO,PIEDRA NATURAL,POTABLE,22500000.0
2025-10-03,Diego Romero,CONTADO,BUENOS AIRES,26.0,63.0,AMERICANA,S.F,LLAVE EN MANO,PIEDRA NATURAL,POTABLE,31275000.0
2025-01-16,Luis Gonzalez,NO SABE,CÓRDOBA CAPITAL,23.0,66.2,CABAÑA,S.F,OBRA GRIS,LADRILLO,POTABLE,23153000.0
2026-02-17,Maria Romero,CONTADO,BUENOS AIRES,130.0,20.0,MINIMALISTA,S.F,LLAVE EN MANO,LADRILLO,NO LE INTERESA,9869000.0
2025-11-20,Elena Romero,PLAN 36-60,CARLOS PAZ,88.0,30.3,AMERICANA,W.F,OBRA GRIS,PIEDRA NATURAL,POTABLE,9864000.0
2024-09-09,Juan Rodriguez,CONTADO,MENDIOLAZA,6.0,74.2,CABAÑA,E.E,OBRA GRIS,MADERA,POTABLE,20621000.0
2024-02-25,Jorge Garcia,NO SABE,CÓRDOBA CAPITAL,6.0,36.5,CABAÑA,W.F,LLAVE EN MANO,PIEDRA NATURAL,POTABLE,17048000.0
2025-04-07,Juan Garcia,NO SABE,CÓRDOBA CAPITAL,28.0,59.1,AMERICANA,E.E,LLAVE EN MANO,MADERA,POTABLE,22337000.0
2025-04-01,Diego Martinez,FINANCIACION PROPIA,LA PLATA,5.0,29.8,AMERICANA,S.F,OBRA GRIS,MADERA,NO LE INTERESA,10744000.0
2024-03-23,Diego Gonzalez,CONTADO,CARLOS PAZ,48.0,69.6,MINIMALISTA,S.F,LLAVE EN MANO,PIEDRA NATURAL,NO LE INTERESA,34707000.0
2024-04-08,Diego Rodriguez,PLAN 36-60,CARLOS PAZ,8.0,73.6,AMERICANA,S.F,LLAVE EN MANO,MADERA,POTABLE,35529000.0
2024-05-28,Diego Martinez,CONTADO,LA PLATA,37.0,69.6,CABAÑA,E.E,OBRA GRIS,PIEDRA NATURAL,POTABLE,20363000.0
2024-11-24,Maria Romero,FINANCIACION PROPIA,BUENOS AIRES,5.0,75.7,MINIMALISTA,S.F,LLAVE EN MANO,PIEDRA NATURAL,NO LE INTERESA,35902000.0
2024-06-04,Maria Romero,NO SABE,MENDIOLAZA,19.0,86.3,AMERICANA,E.E,OBRA GRIS,LADRILLO,NO LE INTERESA,23734000.0
2024-07-08,Jorge Gonzalez,PLAN 36-60,ALTA GRACIA,57.0,31.5,CABAÑA,W.F,OBRA GRIS,PIEDRA NATURAL,POTABLE,10100000.0
2025-05-08,Jorge Sanchez,PLAN 36-60,SANTIAGO DEL ESTERO,33.0,39.2,AMERICANA,S.F,LLAVE EN MANO,PIEDRA NATURAL,POTABLE,19542000.0
2024-09-19,Jorge Perez,CONTADO,CARLOS PAZ,191.0,73.0,CABAÑA,W.F,LLAVE EN MANO,LADRILLO,POTABLE,34677000.0
2024-03-20,Lucia Romero,PLAN 36-60,ALTA GRACIA,104.0,77.6,CABAÑA,W.F,OBRA GRIS,LADRILLO,NO LE INTERESA,25378000.0
2025-02-03,Ana Romero,PLAN 36-60,MENDIOLAZA,22.0,41.5,MINIMALISTA,E.E,OBRA GRIS,MADERA,POTABLE,12068000.0
2026-02-02,Ana Perez,CONTADO,SANTIAGO DEL ESTERO,5.0,40.1,MINIMALISTA,W.F,LLAVE EN MANO,MADERA,POTABLE,18817000.0
2025-08-31,Maria Martinez,CONTADO,CARLOS PAZ,93.0,42.0,AMERICANA,E.E,OBRA GRIS,LADRILLO,POTABLE,11860000.0
2024-09-16,Ana Perez,CONTADO,CÓRDOBA CAPITAL,121.0,22.9,MINIMALISTA,E.E,OBRA GRIS,LADRILLO,NO LE INTERESA,6575000.0
2026-02-10,Pedro Rodriguez,FINANCIACION PROPIA,CARLOS PAZ,86.0,29.6,AMERICANA,W.F,LLAVE EN MANO,LADRILLO,POTABLE,13136000.0
2025-09-06,Lucia Rodriguez,FINANCIACION PROPIA,SANTIAGO DEL ESTERO,7.0,30.1,MINIMALISTA,E.E,LLAVE EN MANO,PIEDRA NATURAL,NO LE INTERESA,11930000.0
2025-07-05,Lucia Sanchez,NO SABE,BUENOS AIRES,309.0,49.1,MINIMALISTA,E.E,OBRA GRIS,PIEDRA NATURAL,NO LE INTERESA,13672000.0
2026-02-23,Pedro Perez,FINANCIACION PROPIA,ALTA GRACIA,15.0,60.4,AMERICANA,E.E,LLAVE EN MANO,PIEDRA NATURAL,NO LE INTERESA,24018000.0
2024-04-10,Carla Rodriguez,PLAN 36-60,BUENOS AIRES,64.0,63.7,MINIMALISTA,W.F,OBRA GRIS,LADRILLO,NO LE INTERESA,21417000.0
2024-12-24,Luis Gonzalez,CONTADO,CÓRDOBA CAPITAL,119.0,44.8,MINIMALISTA,E.E,OBRA GRIS,MADERA,NO LE INTERESA,13054000.0
2025-01-14,Lucia Sanchez,NO SABE,SANTIAGO DEL ESTERO,13.0,45.3,MINIMALISTA,S.F,LLAVE EN MANO,MADERA,VENDIDO,22548000.0
2024-08-08,Luis Romero,PLAN 36-60,MENDIOLAZA,119.0,57.5,MINIMALISTA,W.F,OBRA GRIS,PIEDRA NATURAL,NO LE INTERESA,19326000.0
2025-02-23,Diego Romero,PLAN 36-60,BUENOS AIRES,19.0,25.1,AMERICANA,W.F,OBRA GRIS,PIEDRA NATURAL,NO LE INTERESA,8297000.0
2024-05-03,Carla Lopez,PLAN 36-60,SANTIAGO DEL ESTERO,187.0,74.2,CABAÑA,E.E,OBRA GRIS,LADRILLO,NO LE INTERESA,21119000.0
2025-02-25,Diego Gonzalez,FINANCIACION PROPIA,CARLOS PAZ,17.0,80.7,AMERICANA,W.F,LLAVE EN MANO,LADRILLO,NO LE INTERESA,36482000.0
2024-08-18,Jorge Lopez,CONTADO,MENDIOLAZA,153.0,42.5,AMERICANA,S.F,LLAVE EN MANO,MADERA,POTABLE,20227000.0
2025-11-20,Elena Sanchez,CONTADO,LA PLATA,5.0,47.0,AMERICANA,W.F,OBRA GRIS,MADERA,POTABLE,15042000.0
2024-03-03,Elena Lopez,PLAN 36-60,LA PLATA,62.0,79.9,MINIMALISTA,W.F,OBRA GRIS,LADRILLO,POTABLE,25879000.0
2025-04-29,Maria Romero,FINANCIACION PROPIA,BUENOS AIRES,38.0,52.5,MINIMALISTA,W.F,OBRA GRIS,MADERA,POTABLE,16911000.0
2025-09-19,Diego Martinez,PLAN 36-60,CÓRDOBA CAPITAL,32.0,66.8,CABAÑA,E.E,LLAVE EN MANO,MADERA,POTABLE,26958000.0
2025-12-03,Juan Perez,PLAN 36-60,SANTIAGO DEL ESTERO,13.0,53.2,MINIMALISTA,S.F,OBRA GRIS,PIEDRA NATURAL,POTABLE,18008000.0
2025-07-27,Carla Perez,CONTADO,ALTA GRACIA,61.0,86.1,CABAÑA,S.F,LLAVE EN MANO,,VENDIDO,43527000.0
2026-02-06,Maria Garcia,FINANCIACION PROPIA,CÓRDOBA CAPITAL,11.0,,CABAÑA,S.F,OBRA GRIS,LADRILLO,POTABLE,23245000.0
2025-04-27,Pedro Martinez,FINANCIACION PROPIA,MENDIOLAZA,40.0,66.0,MINIMALISTA,W.F,OBRA GRIS,LADRILLO,NO LE INTERESA,22166000.0
2025-06-02,Maria Perez,PLAN 36-60,BUENOS AIRES,15.0,66.3,CABAÑA,S.F,LLAVE EN MANO,PIEDRA NATURAL,VENDIDO,32098000.0
2024-06-03,Carla Gonzalez,CONTADO,CÓRDOBA CAPITAL,156.0,43.9,AMERICANA,E.E,LLAVE EN MANO,LADRILLO,NO LE INTERESA,16879000.0
2024-04-01,Luis Rodriguez,,BUENOS AIRES,5.0,45.7,AMERICANA,W.F,LLAVE EN MANO,MADERA,NO LE INTERESA,21142000.0
2025-06-09,Elena Gonzalez,PLAN 36-60,CARLOS PAZ,11.0,70.4,AMERICANA,E.E,OBRA GRIS,PIEDRA NATURAL,NO LE INTERESA,19903000.0
2025-03-30,Jorge Perez,FINANCIACION PROPIA,MENDIOLAZA,14.0,57.5,CABAÑA,W.F,OBRA GRIS,PIEDRA NATURAL,POTABLE,18930000.0
2026-01-10,Luis Gonzalez,CONTADO,ALTA GRACIA,27.0,31.4,CABAÑA,E.E,LLAVE EN MANO,LADRILLO,POTABLE,12963000.0
2025-08-20,Elena Perez,CONTADO,SANTIAGO DEL ESTERO,13.0,92.5,AMERICANA,W.F,LLAVE EN MANO,MADERA,NO LE INTERESA,40444000.0
2025-10-06,Ana Rodriguez,FINANCIACION PROPIA,MENDIOLAZA,34.0,74.6,MINIMALISTA,E.E,OBRA GRIS,LADRILLO,POTABLE,20753000.0
2025-05-24,Juan Martinez,CONTADO,SANTIAGO DEL ESTERO,103.0,55.8,AMERICANA,S.F,OBRA GRIS,MADERA,NO LE INTERESA,19080000.0
2024-07-01,Maria Rodriguez,PLAN 36-60,SANTIAGO DEL ESTERO,62.0,49.5,MINIMALISTA,W.F,LLAVE EN MANO,LADRILLO,POTABLE,23216000.0
2025-01-20,Pedro Sanchez,PLAN 36-60,CÓRDOBA CAPITAL,43.0,59.0,MINIMALISTA,W.F,OBRA GRIS,MADERA,NO LE INTERESA,18142000.0
2025-07-27,Diego Garcia,FINANCIACION PROPIA,CARLOS PAZ,5.0,65.4,CABAÑA,E.E,LLAVE EN MANO,MADERA,NO LE INTERESA,24709000.0
2025-12-31,Lucia Romero,CONTADO,CÓRDOBA CAPITAL,59.0,20.0,CABAÑA,E.E,OBRA GRIS,MADERA,VENDIDO,5545000.0
2025-02-08,Diego Garcia,CONTADO,LA PLATA,9.0,97.2,MINIMALISTA,E.E,LLAVE EN MANO,PIEDRA NATURAL,POTABLE,39150000.0
2024-09-02,Lucia Perez,NO SABE,LA PLATA,77.0,39.2,MINIMALISTA,W.F,OBRA GRIS,LADRILLO,VENDIDO,12902000.0
2026-01-11,Maria Romero,PLAN 36-60,SANTIAGO DEL ESTERO,14.0,55.0,MINIMALISTA,E.E,OBRA GRIS,LADRILLO,NO LE INTERESA,15249000.0
2025-08-13,Pedro Rodriguez,CONTADO,CARLOS PAZ,27.0,55.7,CABAÑA,S.F,OBRA GRIS,LADRILLO,NO LE INTERESA,18869000.0
2025-10-22,Diego Gonzalez,CONTADO,MENDIOLAZA,22.0,94.9,AMERICANA,E.E,LLAVE EN MANO,PIEDRA NATURAL,NO LE INTERESA,36570000.0
2025-10-11,Carla Gonzalez,NO SABE,SANTIAGO DEL ESTERO,98.0,53.2,MINIMALISTA,E.E,LLAVE EN MANO,MADERA,POTABLE,21513000.0
2025-04-15,Elena Perez,CONTADO,MENDIOLAZA,7.0,86.8,CABAÑA,E.E,LLAVE EN MANO,PIEDRA NATURAL,NO LE INTERESA,33634000.0
2025-02-26,Maria Rodriguez,PLAN 36-60,SANTIAGO DEL ESTERO,42.0,63.1,AMERICANA,S.F,OBRA GRIS,PIEDRA NATURAL,POTABLE,22065000.0
2024-03-05,Juan Perez,PLAN 36-60,CÓRDOBA CAPITAL,8.0,35.8,CABAÑA,E.E,OBRA GRIS,MADERA,POTABLE,10145000.0
2024-01-13,Jorge Romero,FINANCIACION PROPIA,SANTIAGO DEL ESTERO,61.0,57.7,AMERICANA,E.E,LLAVE EN MANO,LADRILLO,NO LE INTERESA,23648000.0
2024-07-31,Lucia Romero,FINANCIACION PROPIA,SANTIAGO DEL ESTERO,118.0,52.6,CABAÑA,W.F,OBRA GRIS,PIEDRA NATURAL,VENDIDO,16687000.0
2024-08-29,Juan Gonzalez,PLAN 36-60,CARLOS PAZ,29.0,33.3,AMERICANA,W.F,LLAVE EN MANO,MADERA,NO LE INTERESA,14977000.0
2025-05-07,Carla Sanchez,CONTADO,CARLOS PAZ,33.0,,MINIMALISTA,E.E,OBRA GRIS,MADERA,NO LE INTERESA,17134000.0
2024-07-31,Maria Rodriguez,FINANCIACION PROPIA,BUENOS AIRES,131.0,55.4,CABAÑA,W.F,OBRA GRIS,LADRILLO,NO LE INTERESA,17974000.0
2025-11-23,Luis Perez,PLAN 36-60,MENDIOLAZA,37.0,66.1,AMERICANA,E.E,OBRA GRIS,MADERA,NO LE INTERESA,18928000.0
2024-12-03,Jorge Sanchez,NO SABE,CARLOS PAZ,33.0,58.9,AMERICANA,E.E,LLAVE EN MANO,MADERA,VENDIDO,23097000.0
2024-06-21,Elena Garcia,PLAN 36-60,SANTIAGO DEL ESTERO,43.0,42.0,AMERICANA,S.F,LLAVE EN MANO,MADERA,NO LE INTERESA,21335000.0
2025-11-02,Elena Lopez,PLAN 36-60,CARLOS PAZ,58.0,70.4,MINIMALISTA,E.E,LLAVE EN MANO,LADRILLO,POTABLE,27831000.0
2024-06-12,Jorge Sanchez,CONTADO,CARLOS PAZ,6.0,42.5,CABAÑA,W.F,OBRA GRIS,LADRILLO,POTABLE,13538000.0
2025-04-09,Juan Garcia,FINANCIACION PROPIA,ALTA GRACIA,86.0,20.0,AMERICANA,W.F,OBRA GRIS,MADERA,POTABLE,6754000.0
2025-05-11,Juan Sanchez,CONTADO,ALTA GRACIA,29.0,57.6,MINIMALISTA,W.F,OBRA GRIS,MADERA,NO LE INTERESA,18463000.0
2025-11-30,Luis Perez,CONTADO,LA PLATA,5.0,43.9,MINIMALISTA,W.F,OBRA GRIS,LADRILLO,VENDIDO,14165000.0
2025-01-29,Lucia Perez,CONTADO,CÓRDOBA CAPITAL,77.0,62.6,MINIMALISTA,E.E,LLAVE EN MANO,LADRILLO,NO LE INTERESA,25874000.0
2025-12-03,Maria Gonzalez,CONTADO,BUENOS AIRES,24.0,95.0,MINIMALISTA,S.F,LLAVE EN MANO,LADRILLO,VENDIDO,47920000.0
2024-11-03,Maria Lopez,CONTADO,BUENOS AIRES,5.0,95.6,MINIMALISTA,S.F,OBRA GRIS,PIEDRA NATURAL,POTABLE,34656000.0
2026-02-06,Pedro Gonzalez,CONTADO,CÓRDOBA CAPITAL,50.0,51.7,MINIMALISTA,E.E,LLAVE EN MANO,LADRILLO,NO LE INTERESA,20530000.0
2024-07-01,Pedro Martinez,FINANCIACION PROPIA,CARLOS PAZ,106.0,38.5,MINIMALISTA,W.F,OBRA GRIS,MADERA,NO LE INTERESA,12365000.0
2025-09-20,Pedro Rodriguez,CONTADO,LA PLATA,109.0,66.7,CABAÑA,S.F,OBRA GRIS,LADRILLO,NO LE INTERESA,24663000.0
2025-05-24,Jorge Perez,FINANCIACION PROPIA,LA PLATA,158.0,47.6,CABAÑA,S.F,LLAVE EN MANO,MADERA,NO LE INTERESA,22958000.0
2025-12-08,Pedro Garcia,CONTADO,MENDIOLAZA,101.0,62.8,MINIMALISTA,E.E,LLAVE EN MANO,MADERA,POTABLE,25693000.0
2025-06-29,Ana Martinez,PLAN 36-60,BUENOS AIRES,5.0,41.8,AMERICANA,W.F,LLAVE EN MANO,MADERA,NO LE INTERESA,19626000.0
2025-07-17,Lucia Sanchez,PLAN 36-60,ALTA GRACIA,24.0,,AMERICANA,S.F,OBRA GRIS,LADRILLO,NO LE INTERESA,21704000.0
2025-09-15,Diego Rodriguez,NO SABE,LA PLATA,85.0,38.8,AMERICANA,E.E,OBRA GRIS,LADRILLO,NO LE INTERESA,10567000.0
2026-02-02,Diego Rodriguez,FINANCIACION PROPIA,SANTIAGO DEL ESTERO,23.0,,MINIMALISTA,S.F,OBRA GRIS,LADRILLO,NO LE INTERESA,28556000.0
2025-08-16,Luis Sanchez,PLAN 36-60,MENDIOLAZA,46.0,43.2,AMERICANA,S.F,LLAVE EN MANO,LADRILLO,POTABLE,21585000.0
2026-01-13,Diego Martinez,FINANCIACION PROPIA,BUENOS AIRES,47.0,68.2,CABAÑA,W.F,LLAVE EN MANO,LADRILLO,NO LE INTERESA,31372000.0
2024-08-14,Lucia Garcia,CONTADO,CARLOS PAZ,23.0,29.7,CABAÑA,W.F,LLAVE EN MANO,PIEDRA NATURAL,POTABLE,13808000.0
2026-01-14,Pedro Sanchez,PLAN 36-60,SANTIAGO DEL ESTERO,117.0,70.6,CABAÑA,S.F,LLAVE EN MANO,LADRILLO,POTABLE,34737000.0
2026-01-02,Elena Garcia,CONTADO,CÓRDOBA CAPITAL,35.0,35.7,CABAÑA,W.F,LLAVE EN MANO,PIEDRA NATURAL,NO LE INTERESA,15770000.0
2025-03-11,Juan Rodriguez,CONTADO,BUENOS AIRES,31.0,60.2,MINIMALISTA,S.F,LLAVE EN MANO,,POTABLE,29766000.0
2025-02-25,Diego Sanchez,CONTADO,ALTA GRACIA,300.0,75.5,CABAÑA,S.F,LLAVE EN MANO,MADERA,NO LE INTERESA,35980000.0
2025-07-07,Maria Sanchez,FINANCIACION PROPIA,SANTIAGO DEL ESTERO,34.0,51.0,AMERICANA,S.F,OBRA GRIS,MADERA,POTABLE,18214000.0
2024-01-21,Juan Sanchez,PLAN 36-60,CARLOS PAZ,10.0,34.4,AMERICANA,E.E,LLAVE EN MANO,MADERA,POTABLE,13477000.0
2025-07-07,Pedro Sanchez,FINANCIACION PROPIA,SANTIAGO DEL ESTERO,36.0,64.9,CABAÑA,W.F,LLAVE EN MANO,PIEDRA NATURAL,NO LE INTERESA,29318000.0
2025-01-31,Luis Perez,PLAN 36-60,SANTIAGO DEL ESTERO,84.0,38.2,CABAÑA,W.F,OBRA GRIS,PIEDRA NATURAL,POTABLE,12036000.0
2025-09-16,Carla Sanchez,CONTADO,LA PLATA,75.0,46.9,CABAÑA,S.F,OBRA GRIS,MADERA,POTABLE,15769000.0
2024-04-14,Jorge Garcia,FINANCIACION PROPIA,ALTA GRACIA,78.0,60.3,AMERICANA,W.F,LLAVE EN MANO,LADRILLO,POTABLE,27604000.0
2024-07-10,Pedro Perez,FINANCIACION PROPIA,CÓRDOBA CAPITAL,62.0,82.2,AMERICANA,S.F,OBRA GRIS,MADERA,POTABLE,29321000.0
2024-01-17,Lucia Romero,NO SABE,CARLOS PAZ,15.0,55.5,CABAÑA,W.F,LLAVE EN MANO,MADERA,POTABLE,25038000.0
2024-04-29,Ana Sanchez,PLAN 36-60,MENDIOLAZA,99.0,,AMERICANA,W.F,LLAVE EN MANO,PIEDRA NATURAL,POTABLE,25837000.0
2025-01-27,Carla Romero,FINANCIACION PROPIA,MENDIOLAZA,112.0,69.8,AMERICANA,S.F,LLAVE EN MANO,MADERA,NO LE INTERESA,34589000.0
2025-02-28,Carla Martinez,FINANCIACION PROPIA,CARLOS PAZ,11.0,56.0,MINIMALISTA,W.F,OBRA GRIS,PIEDRA NATURAL,POTABLE,18677000.0
2024-05-08,Maria Sanchez,CONTADO,CÓRDOBA CAPITAL,7.0,67.7,CABAÑA,S.F,OBRA GRIS,PIEDRA NATURAL,POTABLE,23203000.0
2024-05-09,Ana Gonzalez,CONTADO,CARLOS PAZ,186.0,76.6,CABAÑA,E.E,LLAVE EN MANO,MADERA,NO LE INTERESA,29528000.0
2025-07-25,Jorge Garcia,CONTADO,LA PLATA,101.0,48.4,MINIMALISTA,S.F,OBRA GRIS,LADRILLO,POTABLE,16683000.0
2025-07-13,Diego Gonzalez,CONTADO,MENDIOLAZA,112.0,20.0,MINIMALISTA,W.F,LLAVE EN MANO,PIEDRA NATURAL,NO LE INTERESA,8753000.0
2024-01-29,Pedro Lopez,PLAN 36-60,BUENOS AIRES,109.0,38.6,AMERICANA,E.E,LLAVE EN MANO,PIEDRA NATURAL,POTABLE,15907000.0
2024-04-06,Jorge Garcia,NO SABE,MENDIOLAZA,39.0,79.2,MINIMALISTA,E.E,OBRA GRIS,PIEDRA NATURAL,VENDIDO,23344000.0
2024-01-10,Ana Lopez,PLAN 36-60,BUENOS AIRES,52.0,54.3,CABAÑA,S.F,OBRA GRIS,MADERA,POTABLE,19687000.0
2024-08-29,Juan Gonzalez,FINANCIACION PROPIA,SANTIAGO DEL ESTERO,39.0,48.2,CABAÑA,E.E,OBRA GRIS,MADERA,NO LE INTERESA,13436000.0
2024-08-19,Elena Gonzalez,PLAN 36-60,LA PLATA,5.0,78.3,CABAÑA,S.F,LLAVE EN MANO,PIEDRA NATURAL,POTABLE,37814000.0
2026-02-27,Lucia Rodriguez,CONTADO,MENDIOLAZA,68.0,53.0,AMERICANA,W.F,OBRA GRIS,LADRILLO,NO LE INTERESA,17640000.0
2024-10-10,Ana Rodriguez,CONTADO,LA PLATA,35.0,20.0,AMERICANA,S.F,OBRA GRIS,MADERA,NO LE INTERESA,7060000.0
2025-12-15,Elena Martinez,PLAN 36-60,LA PLATA,52.0,24.9,CABAÑA,E.E,OBRA GRIS,LADRILLO,POTABLE,7360000.0
2026-01-28,Jorge Sanchez,FINANCIACION PROPIA,CÓRDOBA CAPITAL,35.0,63.4,CABAÑA,S.F,LLAVE EN MANO,LADRILLO,POTABLE,30433000.0
2026-02-14,Jorge Sanchez,NO SABE,MENDIOLAZA,34.0,53.7,AMERICANA,S.F,LLAVE EN MANO,MADERA,VENDIDO,25900000.0
2025-12-26,Elena Romero,CONTADO,BUENOS AIRES,9.0,,AMERICANA,W.F,LLAVE EN MANO,PIEDRA NATURAL,NO LE INTERESA,39818000.0
2024-07-18,Ana Romero,FINANCIACION PROPIA,ALTA GRACIA,16.0,40.3,MINIMALISTA,S.F,LLAVE EN MANO,LADRILLO,NO LE INTERESA,20716000.0
2024-03-19,Carla Romero,CONTADO,BUENOS AIRES,9.0,48.8,AMERICANA,W.F,LLAVE EN MANO,PIEDRA NATURAL,NO LE INTERESA,22860000.0
2024-06-21,Pedro Sanchez,PLAN 36-60,CÓRDOBA CAPITAL,11.0,37.3,AMERICANA,E.E,OBRA GRIS,LADRILLO,POTABLE,10361000.0
2025-04-11,Pedro Lopez,PLAN 36-60,CÓRDOBA CAPITAL,181.0,44.6,CABAÑA,E.E,OBRA GRIS,PIEDRA NATURAL,NO LE INTERESA,13190000.0
2025-08-03,Diego Gonzalez,CONTADO,LA PLATA,8.0,20.0,CABAÑA,S.F,LLAVE EN MANO,MADERA,POTABLE,9599000.0
2025-02-19,Ana Lopez,CONTADO,ALTA GRACIA,16.0,47.3,CABAÑA,S.F,OBRA GRIS,LADRILLO,NO LE INTERESA,16172000.0
2025-03-24,Lucia Martinez,CONTADO,CÓRDOBA CAPITAL,45.0,54.0,MINIMALISTA,E.E,LLAVE EN MANO,LADRILLO,NO LE INTERESA,21334000.0
2024-03-27,Lucia Rodriguez,CONTADO,ALTA GRACIA,47.0,52.3,AMERICANA,E.E,LLAVE EN MANO,LADRILLO,POTABLE,21313000.0
2024-04-10,Pedro Rodriguez,FINANCIACION PROPIA,MENDIOLAZA,8.0,98.0,MINIMALISTA,E.E,LLAVE EN MANO,PIEDRA NATURAL,NO LE INTERESA,36881000.0
2024-01-08,Jorge Perez,CONTADO,LA PLATA,79.0,91.7,AMERICANA,S.F,LLAVE EN MANO,LADRILLO,NO LE INTERESA,45346000.0
2024-07-18,Luis Gonzalez,PLAN 36-60,CÓRDOBA CAPITAL,77.0,40.0,AMERICANA,E.E,LLAVE EN MANO,LADRILLO,NO LE INTERESA,15969000.0
2025-05-19,Pedro Rodriguez,CONTADO,ALTA GRACIA,14.0,20.0,CABAÑA,S.F,LLAVE EN MANO,PIEDRA NATURAL,VENDIDO,9899000.0
2024-03-27,Carla Lopez,FINANCIACION PROPIA,CARLOS PAZ,17.0,53.0,AMERICANA,E.E,OBRA GRIS,PIEDRA NATURAL,NO LE INTERESA,14447000.0
2024-02-12,Juan Sanchez,FINANCIACION PROPIA,BUENOS AIRES,139.0,62.5,MINIMALISTA,E.E,OBRA GRIS,MADERA,POTABLE,16937000.0
2025-01-19,Diego Sanchez,FINANCIACION PROPIA,CÓRDOBA CAPITAL,87.0,37.8,CABAÑA,S.F,OBRA GRIS,PIEDRA NATURAL,NO LE INTERESA,13888000.0
2025-09-12,Luis Martinez,PLAN 36-60,CÓRDOBA CAPITAL,60.0,38.8,MINIMALISTA,W.F,OBRA GRIS,LADRILLO,NO LE INTERESA,12677000.0
2025-03-10,Jorge Rodriguez,CONTADO,CÓRDOBA CAPITAL,5.0,86.7,MINIMALISTA,S.F,OBRA GRIS,LADRILLO,POTABLE,31166000.0
2025-02-11,Juan Lopez,FINANCIACION PROPIA,ALTA GRACIA,27.0,49.8,CABAÑA,W.F,OBRA GRIS,MADERA,NO LE INTERESA,15858000.0
2025-04-27,Ana Romero,CONTADO,SANTIAGO DEL ESTERO,41.0,68.2,AMERICANA,S.F,LLAVE EN MANO,MADERA,POTABLE,31948000.0
2025-10-25,Pedro Perez,CONTADO,MENDIOLAZA,10.0,36.4,MINIMALISTA,W.F,LLAVE EN MANO,LADRILLO,POTABLE,16029000.0
2024-01-17,Luis Sanchez,CONTADO,BUENOS AIRES,30.0,53.9,AMERICANA,W.F,LLAVE EN MANO,,POTABLE,23305000.0
2025-10-06,Juan Gonzalez,PLAN 36-60,CÓRDOBA CAPITAL,46.0,48.3,CABAÑA,W.F,LLAVE EN MANO,LADRILLO,POTABLE,20921000.0
2024-05-27,Luis Perez,PLAN 36-60,CARLOS PAZ,20.0,41.5,AMERICANA,S.F,OBRA GRIS,MADERA,POTABLE,14139000.0
2024-10-03,Maria Rodriguez,PLAN 36-60,CARLOS PAZ,76.0,78.1,AMERICANA,S.F,LLAVE EN MANO,LADRILLO,NO LE INTERESA,38896000.0
2024-08-19,Maria Garcia,PLAN 36-60,LA PLATA,92.0,27.2,CABAÑA,S.F,OBRA GRIS,LADRILLO,NO LE INTERESA,9965000.0
2024-12-31,Elena Lopez,CONTADO,SANTIAGO DEL ESTERO,20.0,61.0,AMERICANA,W.F,OBRA GRIS,LADRILLO,NO LE INTERESA,20304000.0
2024-08-15,Ana Sanchez,NO SABE,SANTIAGO DEL ESTERO,91.0,47.9,MINIMALISTA,W.F,OBRA GRIS,MADERA,POTABLE,16241000.0
2025-10-12,Luis Perez,PLAN 36-60,ALTA GRACIA,5.0,63.3,MINIMALISTA,S.F,OBRA GRIS,MADERA,NO LE INTERESA,22509000.0
2025-03-11,Ana Martinez,PLAN 36-60,LA PLATA,91.0,48.2,MINIMALISTA,S.F,OBRA GRIS,MADERA,POTABLE,16190000.0
2025-02-02,Luis Rodriguez,PLAN 36-60,BUENOS AIRES,8.0,72.3,AMERICANA,E.E,OBRA GRIS,PIEDRA NATURAL,POTABLE,20008000.0
2024-07-29,Jorge Martinez,CONTADO,ALTA GRACIA,5.0,36.2,MINIMALISTA,E.E,LLAVE EN MANO,MADERA,POTABLE,13646000.0
2025-01-25,Jorge Perez,CONTADO,LA PLATA,51.0,78.2,AMERICANA,E.E,LLAVE EN MANO,PIEDRA NATURAL,POTABLE,31584000.0
2025-05-13,Carla Lopez,PLAN 36-60,MENDIOLAZA,32.0,54.4,AMERICANA,E.E,LLAVE EN MANO,PIEDRA NATURAL,POTABLE,20560000.0
2025-06-23,Pedro Perez,CONTADO,SANTIAGO DEL ESTERO,119.0,28.4,AMERICANA,E.E,LLAVE EN MANO,MADERA,NO LE INTERESA,10866000.0
2025-07-16,Elena Martinez,CONTADO,BUENOS AIRES,23.0,68.6,AMERICANA,S.F,LLAVE EN MANO,PIEDRA NATURAL,POTABLE,32061000.0
2025-05-05,Pedro Perez,FINANCIACION PROPIA,MENDIOLAZA,17.0,51.0,CABAÑA,W.F,LLAVE EN MANO,PIEDRA NATURAL,POTABLE,24065000.0
2025-03-17,Carla Rodriguez,PLAN 36-60,BUENOS AIRES,35.0,20.8,MINIMALISTA,W.F,LLAVE EN MANO,LADRILLO,NO LE INTERESA,9699000.0
2024-09-17,Jorge Romero,PLAN 36-60,ALTA GRACIA,30.0,61.6,MINIMALISTA,S.F,OBRA GRIS,PIEDRA NATURAL,VENDIDO,21245000.0
2026-02-11,Carla Garcia,PLAN 36-60,LA PLATA,21.0,75.1,AMERICANA,S.F,OBRA GRIS,PIEDRA NATURAL,NO LE INTERESA,25991000.0
2024-12-15,Maria Sanchez,NO SABE,SANTIAGO DEL ESTERO,59.0,80.6,CABAÑA,S.F,LLAVE EN MANO,MADERA,VENDIDO,37839000.0
2024-12-17,Ana Sanchez,CONTADO,SANTIAGO DEL ESTERO,71.0,47.4,AMERICANA,E.E,LLAVE EN MANO,LADRILLO,NO LE INTERESA,18048000.0
2025-06-03,Jorge Rodriguez,FINANCIACION PROPIA,BUENOS AIRES,96.0,57.9,MINIMALISTA,E.E,OBRA GRIS,PIEDRA NATURAL,NO LE INTERESA,16048000.0
2024-11-15,Luis Rodriguez,PLAN 36-60,BUENOS AIRES,180.0,56.0,MINIMALISTA,E.E,LLAVE EN MANO,PIEDRA NATURAL,NO LE INTERESA,21973000.0
2024-05-17,Maria Sanchez,CONTADO,BUENOS AIRES,16.0,84.8,CABAÑA,S.F,OBRA GRIS,PIEDRA NATURAL,NO LE INTERESA,30060000.0
2025-07-03,Juan Rodriguez,CONTADO,CÓRDOBA CAPITAL,63.0,38.8,AMERICANA,S.F,LLAVE EN MANO,MADERA,POTABLE,18821000.0
2025-09-14,Juan Gonzalez,PLAN 36-60,ALTA GRACIA,25.0,45.7,CABAÑA,W.F,OBRA GRIS,MADERA,POTABLE,15424000.0
2025-01-02,Diego Garcia,PLAN 36-60,CÓRDOBA CAPITAL,57.0,38.3,AMERICANA,S.F,OBRA GRIS,LADRILLO,NO LE INTERESA,13278000.0
2024-08-07,Jorge Romero,CONTADO,BUENOS AIRES,32.0,26.0,CABAÑA,E.E,LLAVE EN MANO,PIEDRA NATURAL,NO LE INTERESA,10692000.0
2024-12-02,Juan Gonzalez,PLAN 36-60,BUENOS AIRES,254.0,60.0,MINIMALISTA,W.F,LLAVE EN MANO,LADRILLO,POTABLE,28059000.0
2024-08-10,Carla Perez,PLAN 36-60,SANTIAGO DEL ESTERO,65.0,87.0,CABAÑA,S.F,OBRA GRIS,MADERA,POTABLE,31769000.0
2025-10-09,Ana Garcia,PLAN 36-60,ALTA GRACIA,152.0,51.0,MINIMALISTA,W.F,LLAVE EN MANO,,NO LE INTERESA,23691000.0
2026-02-06,Pedro Rodriguez,FINANCIACION PROPIA,ALTA GRACIA,90.0,37.4,MINIMALISTA,W.F,LLAVE EN MANO,PIEDRA NATURAL,NO LE INTERESA,17111000.0
2024-12-25,Ana Martinez,,MENDIOLAZA,117.0,58.7,AMERICANA,S.F,OBRA GRIS,LADRILLO,NO LE INTERESA,20739000.0
2024-11-24,Ana Perez,PLAN 36-60,CARLOS PAZ,84.0,66.8,CABAÑA,E.E,OBRA GRIS,PIEDRA NATURAL,VENDIDO,18437000.0
2025-04-07,Luis Gonzalez,NO SABE,LA PLATA,31.0,,CABAÑA,E.E,LLAVE EN MANO,MADERA,POTABLE,19980000.0
2025-07-14,Jorge Romero,CONTADO,CARLOS PAZ,15.0,83.1,CABAÑA,W.F,LLAVE EN MANO,LADRILLO,POTABLE,36446000.0
2025-01-16,Ana Garcia,CONTADO,CARLOS PAZ,23.0,38.8,CABAÑA,S.F,OBRA GRIS,LADRILLO,POTABLE,13459000.0
2025-08-12,Jorge Garcia,CONTADO,BUENOS AIRES,5.0,49.3,AMERICANA,S.F,OBRA GRIS,PIEDRA NATURAL,NO LE INTERESA,16619000.0
2025-09-08,Luis Garcia,PLAN 36-60,SANTIAGO DEL ESTERO,37.0,60.9,AMERICANA,E.E,OBRA GRIS,MADERA,POTABLE,16915000.0
2024-06-17,Ana Gonzalez,PLAN 36-60,MENDIOLAZA,35.0,62.9,AMERICANA,S.F,LLAVE EN MANO,PIEDRA NATURAL,POTABLE,31904000.0
2024-08-04,Ana Gonzalez,PLAN 36-60,LA PLATA,37.0,55.9,MINIMALISTA,S.F,OBRA GRIS,LADRILLO,POTABLE,20347000.0
2025-01-12,Maria Rodriguez,CONTADO,BUENOS AIRES,183.0,29.4,MINIMALISTA,W.F,LLAVE EN MANO,LADRILLO,POTABLE,13721000.0
2024-04-28,Maria Rodriguez,CONTADO,BUENOS AIRES,121.0,101.8,MINIMALISTA,S.F,OBRA GRIS,MADERA,POTABLE,34941000.0
2024-07-08,Juan Romero,FINANCIACION PROPIA,CARLOS PAZ,9.0,50.3,AMERICANA,S.F,LLAVE EN MANO,LADRILLO,NO LE INTERESA,24020000.0
2026-02-05,Pedro Sanchez,FINANCIACION PROPIA,CARLOS PAZ,23.0,57.2,MINIMALISTA,S.F,LLAVE EN MANO,MADERA,NO LE INTERESA,27439000.0
2025-01-04,Elena Garcia,PLAN 36-60,ALTA GRACIA,28.0,67.3,CABAÑA,E.E,OBRA GRIS,PIEDRA NATURAL,NO LE INTERESA,18886000.0
2026-02-16,Ana Garcia,PLAN 36-60,SANTIAGO DEL ESTERO,22.0,42.3,MINIMALISTA,E.E,LLAVE EN MANO,MADERA,POTABLE,17406000.0
2024-05-28,Ana Lopez,PLAN 36-60,CARLOS PAZ,80.0,56.1,AMERICANA,W.F,OBRA GRIS,PIEDRA NATURAL,NO LE INTERESA,17474000.0
2025-11-06,Jorge Garcia,CONTADO,LA PLATA,37.0,41.5,AMERICANA,E.E,LLAVE EN MANO,PIEDRA NATURAL,NO LE INTERESA,16324000.0
2025-10-13,Lucia Lopez,PLAN 36-60,CÓRDOBA CAPITAL,42.0,63.3,AMERICANA,E.E,LLAVE EN MANO,LADRILLO,NO LE INTERESA,25330000.0
2025-05-02,Jorge Martinez,PLAN 36-60,BUENOS AIRES,96.0,49.5,AMERICANA,E.E,LLAVE EN MANO,PIEDRA NATURAL,POTABLE,19051000.0
2026-02-08,Diego Garcia,PLAN 36-60,CÓRDOBA CAPITAL,82.0,60.4,CABAÑA,E.E,OBRA GRIS,LADRILLO,NO LE INTERESA,17834000.0
2025-01-08,Ana Rodriguez,CONTADO,SANTIAGO DEL ESTERO,7.0,34.1,MINIMALISTA,W.F,OBRA GRIS,,NO LE INTERESA,10825000.0
2026-02-19,Juan Martinez,NO SABE,CÓRDOBA CAPITAL,63.0,38.4,MINIMALISTA,S.F,LLAVE EN MANO,MADERA,POTABLE,19728000.0
2025-11-23,Pedro Rodriguez,FINANCIACION PROPIA,ALTA GRACIA,29.0,27.7,AMERICANA,S.F,OBRA GRIS,PIEDRA NATURAL,POTABLE,9833000.0
2024-06-08,Juan Perez,CONTADO,ALTA GRACIA,17.0,40.8,MINIMALISTA,S.F,LLAVE EN MANO,MADERA,POTABLE,19025000.0
2024-12-16,Diego Perez,,LA PLATA,5.0,20.0,CABAÑA,W.F,OBRA GRIS,PIEDRA NATURAL,POTABLE,6326000.0
2024-10-14,Jorge Martinez,NO SABE,MENDIOLAZA,33.0,48.9,AMERICANA,E.E,OBRA GRIS,MADERA,POTABLE,13084000.0
2024-10-14,Jorge Rodriguez,CONTADO,SANTIAGO DEL ESTERO,22.0,44.3,MINIMALISTA,W.F,LLAVE EN MANO,PIEDRA NATURAL,POTABLE,19766000.0
2024-08-13,Maria Garcia,PLAN 36-60,SANTIAGO DEL ESTERO,14.0,58.0,MINIMALISTA,W.F,LLAVE EN MANO,PIEDRA NATURAL,POTABLE,27299000.0
2025-06-06,Juan Gonzalez,PLAN 36-60,BUENOS AIRES,59.0,55.9,MINIMALISTA,W.F,LLAVE EN MANO,MADERA,NO LE INTERESA,25994000.0
2025-06-05,Juan Sanchez,PLAN 36-60,CÓRDOBA CAPITAL,73.0,80.1,MINIMALISTA,S.F,OBRA GRIS,MADERA,VENDIDO,28483000.0
2026-02-21,Jorge Perez,FINANCIACION PROPIA,CARLOS PAZ,14.0,106.9,AMERICANA,E.E,LLAVE EN MANO,MADERA,POTABLE,42087000.0
2024-09-29,Maria Perez,CONTADO,CARLOS PAZ,5.0,77.8,AMERICANA,S.F,LLAVE EN MANO,MADERA,POTABLE,37644000.0
2025-02-05,Jorge Lopez,CONTADO,MENDIOLAZA,94.0,45.9,CABAÑA,W.F,OBRA GRIS,PIEDRA NATURAL,NO LE INTERESA,14490000.0
2024-07-01,Jorge Romero,CONTADO,BUENOS AIRES,5.0,45.1,AMERICANA,W.F,OBRA GRIS,PIEDRA NATURAL,NO LE INTERESA,13894000.0
2025-10-26,Diego Romero,CONTADO,CARLOS PAZ,138.0,72.4,MINIMALISTA,S.F,LLAVE EN MANO,MADERA,NO LE INTERESA,34577000.0
2025-05-02,Elena Perez,PLAN 36-60,MENDIOLAZA,49.0,21.3,MINIMALISTA,S.F,LLAVE EN MANO,MADERA,NO LE INTERESA,10354000.0
2024-05-03,Pedro Sanchez,FINANCIACION PROPIA,BUENOS AIRES,19.0,48.7,MINIMALISTA,S.F,OBRA GRIS,,NO LE INTERESA,17108000.0
2025-09-17,Ana Lopez,CONTADO,LA PLATA,14.0,50.2,CABAÑA,E.E,OBRA GRIS,PIEDRA NATURAL,NO LE INTERESA,13661000.0
2026-02-28,Elena Perez,PLAN 36-60,SANTIAGO DEL ESTERO,5.0,66.7,AMERICANA,S.F,OBRA GRIS,PIEDRA NATURAL,VENDIDO,24460000.0
2025-02-17,Luis Romero,,CÓRDOBA CAPITAL,13.0,67.3,AMERICANA,E.E,OBRA GRIS,MADERA,NO LE INTERESA,18065000.0
2025-12-25,Diego Sanchez,CONTADO,LA PLATA,7.0,40.1,AMERICANA,E.E,LLAVE EN MANO,LADRILLO,VENDIDO,15092000.0
2024-06-20,Lucia Rodriguez,PLAN 36-60,ALTA GRACIA,47.0,46.7,MINIMALISTA,S.F,LLAVE EN MANO,MADERA,NO LE INTERESA,23373000.0
2024-10-14,Pedro Lopez,PLAN 36-60,ALTA GRACIA,9.0,63.9,MINIMALISTA,W.F,OBRA GRIS,PIEDRA NATURAL,NO LE INTERESA,21114000.0
2025-03-10,Maria Sanchez,PLAN 36-60,ALTA GRACIA,38.0,39.0,MINIMALISTA,W.F,LLAVE EN MANO,PIEDRA NATURAL,NO LE INTERESA,18472000.0
2025-11-16,Juan Rodriguez,CONTADO,MENDIOLAZA,45.0,79.1,CABAÑA,E.E,LLAVE EN MANO,LADRILLO,VENDIDO,31169000.0
2024-04-22,Carla Perez,PLAN 36-60,MENDIOLAZA,18.0,67.2,CABAÑA,E.E,LLAVE EN MANO,MADERA,VENDIDO,25488000.0
2024-05-01,Elena Martinez,NO SABE,BUENOS AIRES,5.0,58.4,MINIMALISTA,E.E,OBRA GRIS,LADRILLO,POTABLE,17076000.0
2025-06-27,Lucia Romero,PLAN 36-60,SANTIAGO DEL ESTERO,5.0,62.8,CABAÑA,W.F,LLAVE EN MANO,MADERA,NO LE INTERESA,29678000.0
2024-08-09,Carla Perez,CONTADO,ALTA GRACIA,5.0,45.7,CABAÑA,E.E,OBRA GRIS,LADRILLO,VENDIDO,13346000.0
2025-09-22,Juan Martinez,PLAN 36-60,MENDIOLAZA,67.0,42.5,CABAÑA,E.E,LLAVE EN MANO,MADERA,POTABLE,17383000.0
2024-02-08,Diego Sanchez,CONTADO,BUENOS AIRES,19.0,46.5,AMERICANA,W.F,OBRA GRIS,MADERA,POTABLE,14368000.0
2025-05-11,Elena Garcia,PLAN 36-60,MENDIOLAZA,80.0,65.0,CABAÑA,S.F,OBRA GRIS,MADERA,POTABLE,23682000.0
2026-02-18,Diego Romero,CONTADO,CARLOS PAZ,28.0,59.0,MINIMALISTA,W.F,OBRA GRIS,PIEDRA NATURAL,NO LE INTERESA,19903000.0
2024-08-20,Ana Garcia,CONTADO,MENDIOLAZA,30.0,46.5,AMERICANA,S.F,LLAVE EN MANO,MADERA,NO LE INTERESA,22949000.0
2025-06-13,Juan Romero,PLAN 36-60,ALTA GRACIA,36.0,70.0,CABAÑA,S.F,LLAVE EN MANO,PIEDRA NATURAL,POTABLE,35290000.0
2024-05-28,Pedro Perez,CONTADO,LA PLATA,62.0,51.5,MINIMALISTA,E.E,LLAVE EN MANO,LADRILLO,NO LE INTERESA,20607000.0
2025-01-31,Juan Rodriguez,PLAN 36-60,ALTA GRACIA,16.0,41.1,CABAÑA,E.E,LLAVE EN MANO,MADERA,NO LE INTERESA,15793000.0
2025-10-22,Carla Gonzalez,CONTADO,BUENOS AIRES,6.0,60.1,MINIMALISTA,S.F,LLAVE EN MANO,PIEDRA NATURAL,POTABLE,29716000.0
2025-09-29,Pedro Garcia,CONTADO,BUENOS AIRES,41.0,34.7,MINIMALISTA,E.E,OBRA GRIS,LADRILLO,POTABLE,10158000.0
2024-10-28,Lucia Gonzalez,FINANCIACION PROPIA,BUENOS AIRES,20.0,,CABAÑA,S.F,LLAVE EN MANO,MADERA,NO LE INTERESA,10463000.0
2024-12-25,Pedro Rodriguez,NO SABE,CARLOS PAZ,29.0,54.9,CABAÑA,E.E,LLAVE EN MANO,LADRILLO,VENDIDO,21759000.0
2024-08-25,Lucia Romero,CONTADO,ALTA GRACIA,52.0,41.9,AMERICANA,W.F,LLAVE EN MANO,PIEDRA NATURAL,POTABLE,19026000.0
2025-10-08,Luis Sanchez,PLAN 36-60,CÓRDOBA CAPITAL,34.0,49.9,CABAÑA,S.F,LLAVE EN MANO,,NO LE INTERESA,23969000.0
2025-10-24,Jorge Garcia,CONTADO,CARLOS PAZ,48.0,35.7,MINIMALISTA,S.F,OBRA GRIS,MADERA,NO LE INTERESA,12748000.0
2024-08-23,Elena Lopez,PLAN 36-60,SANTIAGO DEL ESTERO,39.0,79.2,AMERICANA,E.E,OBRA GRIS,PIEDRA NATURAL,POTABLE,22256000.0
2026-01-05,Luis Rodriguez,PLAN 36-60,ALTA GRACIA,67.0,41.8,MINIMALISTA,W.F,OBRA GRIS,PIEDRA NATURAL,NO LE INTERESA,13197000.0
2024-07-21,Pedro Martinez,CONTADO,MENDIOLAZA,61.0,46.4,MINIMALISTA,E.E,OBRA GRIS,LADRILLO,NO LE INTERESA,13601000.0
2024-09-12,Ana Lopez,FINANCIACION PROPIA,LA PLATA,38.0,62.6,CABAÑA,W.F,LLAVE EN MANO,MADERA,NO LE INTERESA,29550000.0
2025-08-20,Jorge Garcia,CONTADO,ALTA GRACIA,57.0,27.5,MINIMALISTA,E.E,OBRA GRIS,MADERA,POTABLE,7439000.0
2025-10-23,Jorge Sanchez,CONTADO,LA PLATA,103.0,26.0,CABAÑA,S.F,LLAVE EN MANO,MADERA,NO LE INTERESA,13052000.0
2024-08-22,Jorge Lopez,FINANCIACION PROPIA,BUENOS AIRES,28.0,62.6,MINIMALISTA,W.F,OBRA GRIS,LADRILLO,POTABLE,20028000.0
2024-12-10,Carla Lopez,PLAN 36-60,BUENOS AIRES,27.0,46.1,AMERICANA,W.F,OBRA GRIS,,POTABLE,14923000.0
2025-06-17,Juan Lopez,PLAN 36-60,CÓRDOBA CAPITAL,72.0,37.0,CABAÑA,E.E,LLAVE EN MANO,MADERA,POTABLE,14428000.0
2026-02-19,Carla Romero,PLAN 36-60,SANTIAGO DEL ESTERO,44.0,67.1,AMERICANA,W.F,LLAVE EN MANO,MADERA,POTABLE,30237000.0
2025-04-10,Luis Gonzalez,PLAN 36-60,MENDIOLAZA,5.0,38.8,CABAÑA,E.E,OBRA GRIS,LADRILLO,NO LE INTERESA,10680000.0
2026-02-08,Juan Garcia,PLAN 36-60,CARLOS PAZ,111.0,49.5,AMERICANA,W.F,LLAVE EN MANO,LADRILLO,POTABLE,21621000.0
2025-06-24,Lucia Gonzalez,CONTADO,CARLOS PAZ,5.0,37.1,CABAÑA,E.E,LLAVE EN MANO,MADERA,NO LE INTERESA,14263000.0
2024-07-31,Luis Romero,PLAN 36-60,SANTIAGO DEL ESTERO,69.0,61.1,AMERICANA,E.E,LLAVE EN MANO,MADERA,NO LE INTERESA,24464000.0
2025-04-07,Elena Rodriguez,PLAN 36-60,CÓRDOBA CAPITAL,71.0,81.6,AMERICANA,E.E,OBRA GRIS,LADRILLO,NO LE INTERESA,21922000.0
2025-03-11,Ana Gonzalez,PLAN 36-60,CÓRDOBA CAPITAL,153.0,20.0,CABAÑA,S.F,OBRA GRIS,LADRILLO,POTABLE,7145000.0
2024-10-09,Elena Romero,FINANCIACION PROPIA,BUENOS AIRES,5.0,57.3,CABAÑA,W.F,OBRA GRIS,LADRILLO,NO LE INTERESA,17613000.0
2025-07-15,Jorge Gonzalez,CONTADO,ALTA GRACIA,45.0,72.1,MINIMALISTA,S.F,OBRA GRIS,LADRILLO,NO LE INTERESA,24939000.0
2025-08-29,Pedro Perez,PLAN 36-60,CÓRDOBA CAPITAL,28.0,46.6,MINIMALISTA,S.F,LLAVE EN MANO,PIEDRA NATURAL,POTABLE,21933000.0
2025-04-07,Diego Lopez,CONTADO,ALTA GRACIA,20.0,32.4,CABAÑA,S.F,LLAVE EN MANO,PIEDRA NATURAL,POTABLE,15651000.0
2025-02-10,Juan Rodriguez,PLAN 36-60,LA PLATA,5.0,63.4,CABAÑA,S.F,LLAVE EN MANO,MADERA,NO LE INTERESA,32124000.0
2024-03-28,Elena Sanchez,PLAN 36-60,SANTIAGO DEL ESTERO,41.0,75.0,AMERICANA,W.F,LLAVE EN MANO,PIEDRA NATURAL,NO LE INTERESA,34256000.0
2024-02-13,Diego Martinez,FINANCIACION PROPIA,LA PLATA,33.0,72.8,AMERICANA,W.F,OBRA GRIS,LADRILLO,NO LE INTERESA,23919000.0
2025-04-05,Juan Rodriguez,PLAN 36-60,LA PLATA,6.0,62.3,MINIMALISTA,S.F,LLAVE EN MANO,MADERA,POTABLE,30548000.0
2024-10-04,Diego Sanchez,FINANCIACION PROPIA,LA PLATA,47.0,57.0,MINIMALISTA,W.F,OBRA GRIS,LADRILLO,NO LE INTERESA,19203000.0
2025-11-13,Elena Lopez,FINANCIACION PROPIA,LA PLATA,67.0,37.0,MINIMALISTA,W.F,OBRA GRIS,PIEDRA NATURAL,POTABLE,12064000.0
2025-02-24,Carla Lopez,NO SABE,CARLOS PAZ,73.0,72.3,AMERICANA,E.E,OBRA GRIS,LADRILLO,POTABLE,19548000.0
2025-12-01,Carla Sanchez,PLAN 36-60,CÓRDOBA CAPITAL,118.0,71.2,AMERICANA,W.F,LLAVE EN MANO,MADERA,VENDIDO,33672000.0
2024-12-18,Diego Garcia,NO SABE,SANTIAGO DEL ESTERO,26.0,32.2,AMERICANA,S.F,LLAVE EN MANO,PIEDRA NATURAL,POTABLE,15237000.0
2025-11-26,Elena Gonzalez,CONTADO,SANTIAGO DEL ESTERO,153.0,62.3,MINIMALISTA,W.F,OBRA GRIS,MADERA,POTABLE,21303000.0
2025-05-29,Lucia Romero,CONTADO,MENDIOLAZA,100.0,68.1,CABAÑA,S.F,OBRA GRIS,,NO LE INTERESA,23830000.0
2025-12-03,Pedro Lopez,PLAN 36-60,LA PLATA,18.0,72.6,MINIMALISTA,W.F,LLAVE EN MANO,LADRILLO,POTABLE,31358000.0
2025-09-21,Diego Sanchez,NO SABE,SANTIAGO DEL ESTERO,9.0,53.5,AMERICANA,S.F,OBRA GRIS,MADERA,NO LE INTERESA,19421000.0
2024-01-19,Ana Perez,PLAN 36-60,BUENOS AIRES,29.0,37.8,MINIMALISTA,W.F,LLAVE EN MANO,PIEDRA NATURAL,NO LE INTERESA,16388000.0
2024-01-23,Jorge Rodriguez,CONTADO,ALTA GRACIA,26.0,45.0,MINIMALISTA,W.F,OBRA GRIS,PIEDRA NATURAL,POTABLE,14056000.0
2025-02-16,Maria Romero,,SANTIAGO DEL ESTERO,43.0,34.9,MINIMALISTA,W.F,OBRA GRIS,PIEDRA NATURAL,NO LE INTERESA,11209000.0
2024-01-30,Maria Perez,,BUENOS AIRES,44.0,54.0,MINIMALISTA,S.F,LLAVE EN MANO,PIEDRA NATURAL,NO LE INTERESA,26993000.0
2024-04-17,Pedro Garcia,CONTADO,LA PLATA,69.0,50.1,AMERICANA,E.E,LLAVE EN MANO,LADRILLO,NO LE INTERESA,18995000.0
2025-01-01,Maria Perez,FINANCIACION PROPIA,SANTIAGO DEL ESTERO,36.0,97.9,MINIMALISTA,S.F,OBRA GRIS,LADRILLO,POTABLE,34740000.0
2024-10-07,Diego Martinez,NO SABE,CÓRDOBA CAPITAL,6.0,72.9,AMERICANA,W.F,OBRA GRIS,PIEDRA NATURAL,VENDIDO,24141000.0
2024-05-07,Maria Lopez,FINANCIACION PROPIA,LA PLATA,98.0,74.4,MINIMALISTA,S.F,LLAVE EN MANO,LADRILLO,NO LE INTERESA,35225000.0
2024-08-16,Lucia Martinez,CONTADO,CARLOS PAZ,19.0,64.4,AMERICANA,W.F,OBRA GRIS,LADRILLO,NO LE INTERESA,21072000.0
2024-04-20,Ana Rodriguez,CONTADO,BUENOS AIRES,178.0,47.7,CABAÑA,W.F,OBRA GRIS,PIEDRA NATURAL,NO LE INTERESA,16343000.0
2024-05-15,Juan Garcia,CONTADO,CÓRDOBA CAPITAL,6.0,49.5,AMERICANA,E.E,OBRA GRIS,LADRILLO,NO LE INTERESA,14517000.0
2024-12-27,Pedro Perez,CONTADO,SANTIAGO DEL ESTERO,159.0,51.3,AMERICANA,W.F,OBRA GRIS,MADERA,NO LE INTERESA,16190000.0
2024-07-04,Diego Gonzalez,CONTADO,CARLOS PAZ,5.0,,CABAÑA,W.F,OBRA GRIS,,NO LE INTERESA,19433000.0
2025-10-17,Jorge Gonzalez,FINANCIACION PROPIA,MENDIOLAZA,13.0,,CABAÑA,W.F,OBRA GRIS,LADRILLO,POTABLE,20943000.0
2025-08-06,Jorge Romero,CONTADO,CÓRDOBA CAPITAL,5.0,55.0,CABAÑA,E.E,LLAVE EN MANO,PIEDRA NATURAL,NO LE INTERESA,22406000.0
2024-05-08,Juan Romero,FINANCIACION PROPIA,MENDIOLAZA,61.0,49.2,CABAÑA,S.F,OBRA GRIS,MADERA,POTABLE,17006000.0
2024-09-17,Pedro Romero,NO SABE,ALTA GRACIA,95.0,43.1,CABAÑA,E.E,LLAVE EN MANO,LADRILLO,NO LE INTERESA,16646000.0
2025-05-29,Jorge Perez,CONTADO,CÓRDOBA CAPITAL,28.0,27.1,CABAÑA,S.F,OBRA GRIS,LADRILLO,NO LE INTERESA,9096000.0
2025-03-24,Ana Perez,NO SABE,CARLOS PAZ,132.0,80.7,MINIMALISTA,W.F,OBRA GRIS,PIEDRA NATURAL,POTABLE,25920000.0
2024-04-13,Carla Martinez,FINANCIACION PROPIA,MENDIOLAZA,45.0,99.1,MINIMALISTA,S.F,LLAVE EN MANO,PIEDRA NATURAL,POTABLE,46798000.0
2025-04-27,Jorge Rodriguez,PLAN 36-60,ALTA GRACIA,50.0,79.0,CABAÑA,S.F,LLAVE EN MANO,LADRILLO,NO LE INTERESA,39895000.0
2024-08-11,Carla Lopez,,MENDIOLAZA,93.0,29.8,AMERICANA,S.F,LLAVE EN MANO,PIEDRA NATURAL,NO LE INTERESA,14215000.0
2025-05-05,Pedro Rodriguez,PLAN 36-60,SANTIAGO DEL ESTERO,18.0,70.7,AMERICANA,S.F,LLAVE EN MANO,MADERA,NO LE INTERESA,35776000.0
2025-04-17,Ana Rodriguez,CONTADO,LA PLATA,22.0,75.5,CABAÑA,W.F,LLAVE EN MANO,MADERA,NO LE INTERESA,32732000.0
2024-01-10,Lucia Rodriguez,PLAN 36-60,MENDIOLAZA,118.0,46.9,MINIMALISTA,E.E,OBRA GRIS,LADRILLO,POTABLE,13283000.0
2025-02-08,Lucia Garcia,CONTADO,SANTIAGO DEL ESTERO,116.0,64.8,MINIMALISTA,S.F,LLAVE EN MANO,LADRILLO,NO LE INTERESA,31558000.0
2024-10-28,Elena Perez,PLAN 36-60,LA PLATA,188.0,45.9,AMERICANA,W.F,LLAVE EN MANO,PIEDRA NATURAL,POTABLE,21187000.0
2024-08-18,Juan Perez,CONTADO,LA PLATA,116.0,85.6,CABAÑA,W.F,LLAVE EN MANO,MADERA,POTABLE,38835000.0
2025-12-31,Diego Sanchez,CONTADO,CARLOS PAZ,7.0,62.3,MINIMALISTA,W.F,OBRA GRIS,PIEDRA NATURAL,POTABLE,20269000.0
2024-03-06,Maria Garcia,PLAN 36-60,BUENOS AIRES,87.0,36.7,CABAÑA,W.F,OBRA GRIS,LADRILLO,VENDIDO,11352000.0
2024-04-21,Lucia Garcia,PLAN 36-60,ALTA GRACIA,26.0,68.4,CABAÑA,S.F,OBRA GRIS,LADRILLO,NO LE INTERESA,23086000.0
2024-01-13,Elena Gonzalez,PLAN 36-60,BUENOS AIRES,234.0,76.2,AMERICANA,E.E,LLAVE EN MANO,LADRILLO,POTABLE,30273000.0
2025-01-27,Ana Martinez,CONTADO,ALTA GRACIA,32.0,59.0,CABAÑA,W.F,OBRA GRIS,LADRILLO,NO LE INTERESA,18531000.0
2025-05-14,Lucia Garcia,FINANCIACION PROPIA,CÓRDOBA CAPITAL,40.0,,CABAÑA,E.E,OBRA GRIS,LADRILLO,NO LE INTERESA,17379000.0
2025-08-20,Lucia Sanchez,PLAN 36-60,SANTIAGO DEL ESTERO,38.0,53.6,AMERICANA,E.E,OBRA GRIS,LADRILLO,NO LE INTERESA,14640000.0
2024-08-21,Diego Garcia,CONTADO,CARLOS PAZ,19.0,32.3,MINIMALISTA,E.E,OBRA GRIS,PIEDRA NATURAL,NO LE INTERESA,9326000.0
2025-08-24,Elena Sanchez,PLAN 36-60,MENDIOLAZA,5.0,52.0,CABAÑA,W.F,LLAVE EN MANO,PIEDRA NATURAL,NO LE INTERESA,23547000.0
2024-11-09,Maria Garcia,PLAN 36-60,SANTIAGO DEL ESTERO,113.0,,AMERICANA,W.F,LLAVE EN MANO,PIEDRA NATURAL,VENDIDO,28777000.0
2025-07-19,Juan Romero,CONTADO,MENDIOLAZA,81.0,52.4,MINIMALISTA,W.F,LLAVE EN MANO,MADERA,VENDIDO,22594000.0
2024-01-12,Diego Gonzalez,,BUENOS AIRES,8.0,71.0,CABAÑA,E.E,LLAVE EN MANO,PIEDRA NATURAL,POTABLE,27447000.0
2024-07-27,Ana Gonzalez,FINANCIACION PROPIA,MENDIOLAZA,75.0,47.2,MINIMALISTA,W.F,LLAVE EN MANO,LADRILLO,NO LE INTERESA,21085000.0
2024-01-14,Elena Rodriguez,FINANCIACION PROPIA,BUENOS AIRES,49.0,48.5,AMERICANA,W.F,LLAVE EN MANO,PIEDRA NATURAL,POTABLE,22453000.0
2025-09-24,Carla Martinez,CONTADO,BUENOS AIRES,26.0,71.6,CABAÑA,E.E,LLAVE EN MANO,PIEDRA NATURAL,NO LE INTERESA,29285000.0
2025-02-21,Elena Perez,FINANCIACION PROPIA,MENDIOLAZA,15.0,59.4,AMERICANA,W.F,LLAVE EN MANO,,NO LE INTERESA,26457000.0
2025-03-12,Juan Rodriguez,CONTADO,CÓRDOBA CAPITAL,98.0,46.8,AMERICANA,S.F,OBRA GRIS,LADRILLO,POTABLE,16838000.0
2025-01-11,Pedro Martinez,NO SABE,BUENOS AIRES,60.0,75.7,CABAÑA,S.F,OBRA GRIS,,VENDIDO,26944000.0
2024-01-20,Carla Martinez,CONTADO,CÓRDOBA CAPITAL,40.0,41.2,AMERICANA,S.F,LLAVE EN MANO,MADERA,POTABLE,20090000.0
2025-08-09,Jorge Martinez,,CARLOS PAZ,47.0,40.5,MINIMALISTA,S.F,LLAVE EN MANO,MADERA,NO LE INTERESA,19051000.0
2026-01-24,Maria Romero,PLAN 36-60,CÓRDOBA CAPITAL,5.0,20.0,AMERICANA,E.E,OBRA GRIS,PIEDRA NATURAL,NO LE INTERESA,5593000.0
2026-01-04,Jorge Rodriguez,CONTADO,CARLOS PAZ,32.0,,CABAÑA,W.F,OBRA GRIS,LADRILLO,POTABLE,13977000.0
2024-03-10,Jorge Sanchez,FINANCIACION PROPIA,CÓRDOBA CAPITAL,11.0,81.2,CABAÑA,S.F,OBRA GRIS,LADRILLO,POTABLE,28579000.0
2024-07-29,Jorge Perez,PLAN 36-60,ALTA GRACIA,12.0,20.0,MINIMALISTA,S.F,LLAVE EN MANO,,POTABLE,9450000.0
2024-04-10,Maria Romero,CONTADO,CARLOS PAZ,54.0,36.0,CABAÑA,W.F,OBRA GRIS,LADRILLO,NO LE INTERESA,11935000.0
2025-11-28,Elena Sanchez,PLAN 36-60,ALTA GRACIA,121.0,63.8,AMERICANA,E.E,LLAVE EN MANO,LADRILLO,NO LE INTERESA,25916000.0
2024-05-11,Jorge Martinez,PLAN 36-60,BUENOS AIRES,26.0,20.0,AMERICANA,S.F,OBRA GRIS,MADERA,POTABLE,6960000.0
2025-09-14,Lucia Rodriguez,CONTADO,ALTA GRACIA,12.0,44.8,CABAÑA,W.F,OBRA GRIS,PIEDRA NATURAL,POTABLE,13975000.0
2025-01-15,Lucia Lopez,NO SABE,CARLOS PAZ,52.0,77.8,MINIMALISTA,W.F,LLAVE EN MANO,MADERA,NO LE INTERESA,35585000.0
2024-05-11,Pedro Garcia,FINANCIACION PROPIA,SANTIAGO DEL ESTERO,102.0,95.9,MINIMALISTA,S.F,OBRA GRIS,MADERA,NO LE INTERESA,35255000.0
2024-01-20,Jorge Sanchez,CONTADO,BUENOS AIRES,69.0,,CABAÑA,S.F,LLAVE EN MANO,PIEDRA NATURAL,NO LE INTERESA,30495000.0
2025-06-19,Jorge Martinez,PLAN 36-60,BUENOS AIRES,102.0,36.5,AMERICANA,W.F,OBRA GRIS,PIEDRA NATURAL,NO LE INTERESA,11458000.0
2024-08-14,Diego Gonzalez,CONTADO,LA PLATA,38.0,35.8,CABAÑA,W.F,LLAVE EN MANO,PIEDRA NATURAL,POTABLE,16029000.0
2024-06-02,Lucia Sanchez,FINANCIACION PROPIA,CÓRDOBA CAPITAL,70.0,57.9,CABAÑA,S.F,LLAVE EN MANO,PIEDRA NATURAL,NO LE INTERESA,29659000.0
2026-01-11,Luis Gonzalez,NO SABE,MENDIOLAZA,8.0,60.6,MINIMALISTA,S.F,LLAVE EN MANO,MADERA,POTABLE,30105000.0
2025-04-13,Juan Sanchez,CONTADO,CÓRDOBA CAPITAL,21.0,92.2,AMERICANA,S.F,OBRA GRIS,PIEDRA NATURAL,POTABLE,31162000.0
2025-02-08,Jorge Perez,FINANCIACION PROPIA,MENDIOLAZA,25.0,74.4,MINIMALISTA,S.F,LLAVE EN MANO,LADRILLO,POTABLE,37313000.0
2024-07-20,Pedro Lopez,PLAN 36-60,SANTIAGO DEL ESTERO,36.0,56.7,MINIMALISTA,E.E,OBRA GRIS,MADERA,NO LE INTERESA,15697000.0
2024-02-07,Elena Garcia,CONTADO,LA PLATA,132.0,48.3,AMERICANA,W.F,OBRA GRIS,MADERA,POTABLE,15734000.0
2026-02-10,Lucia Rodriguez,NO SABE,SANTIAGO DEL ESTERO,104.0,115.3,AMERICANA,S.F,LLAVE EN MANO,PIEDRA NATURAL,NO LE INTERESA,56172000.0
2024-07-06,Juan Sanchez,PLAN 36-60,LA PLATA,7.0,67.5,AMERICANA,W.F,LLAVE EN MANO,PIEDRA NATURAL,NO LE INTERESA,31127000.0
2024-02-26,Jorge Perez,PLAN 36-60,CARLOS PAZ,9.0,41.6,CABAÑA,S.F,OBRA GRIS,LADRILLO,NO LE INTERESA,14162000.0
2024-01-20,Lucia Romero,PLAN 36-60,CARLOS PAZ,22.0,50.5,AMERICANA,E.E,OBRA GRIS,PIEDRA NATURAL,NO LE INTERESA,14015000.0
2024-09-29,Jorge Sanchez,CONTADO,MENDIOLAZA,17.0,37.5,CABAÑA,W.F,LLAVE EN MANO,MADERA,POTABLE,17345000.0
2024-04-28,Jorge Sanchez,CONTADO,ALTA GRACIA,48.0,20.0,MINIMALISTA,E.E,OBRA GRIS,PIEDRA NATURAL,VENDIDO,5788000.0
2025-08-05,Jorge Martinez,NO SABE,ALTA GRACIA,117.0,61.3,AMERICANA,W.F,LLAVE EN MANO,LADRILLO,POTABLE,26980000.0
2025-05-30,Juan Perez,PLAN 36-60,MENDIOLAZA,164.0,90.6,CABAÑA,E.E,LLAVE EN MANO,MADERA,POTABLE,35227000.0
2024-08-08,Lucia Rodriguez,FINANCIACION PROPIA,CARLOS PAZ,53.0,22.4,CABAÑA,S.F,LLAVE EN MANO,MADERA,VENDIDO,10519000.0
2025-06-09,Jorge Sanchez,CONTADO,MENDIOLAZA,91.0,56.1,CABAÑA,S.F,OBRA GRIS,PIEDRA NATURAL,NO LE INTERESA,19831000.0
2025-05-29,Ana Gonzalez,PLAN 36-60,ALTA GRACIA,37.0,40.9,CABAÑA,E.E,OBRA GRIS,LADRILLO,NO LE INTERESA,11255000.0
2025-12-28,Maria Lopez,NO SABE,MENDIOLAZA,12.0,65.4,MINIMALISTA,S.F,OBRA GRIS,LADRILLO,POTABLE,21790000.0
2026-01-10,Jorge Garcia,CONTADO,CARLOS PAZ,37.0,51.6,AMERICANA,E.E,OBRA GRIS,PIEDRA NATURAL,POTABLE,14394000.0
2024-12-01,Lucia Lopez,CONTADO,SANTIAGO DEL ESTERO,40.0,27.8,AMERICANA,E.E,LLAVE EN MANO,MADERA,POTABLE,11425000.0
2025-11-28,Luis Rodriguez,PLAN 36-60,CÓRDOBA CAPITAL,68.0,35.4,AMERICANA,W.F,OBRA GRIS,MADERA,NO LE INTERESA,11988000.0
2024-02-24,Pedro Garcia,CONTADO,CARLOS PAZ,12.0,38.4,AMERICANA,E.E,LLAVE EN MANO,MADERA,POTABLE,14878000.0
2025-05-14,Ana Gonzalez,CONTADO,MENDIOLAZA,23.0,81.9,AMERICANA,W.F,LLAVE EN MANO,PIEDRA NATURAL,POTABLE,36767000.0
2026-02-04,Maria Sanchez,FINANCIACION PROPIA,CARLOS PAZ,23.0,80.9,AMERICANA,E.E,OBRA GRIS,MADERA,POTABLE,22103000.0
2025-06-19,Pedro Martinez,NO SABE,CARLOS PAZ,160.0,48.8,CABAÑA,W.F,OBRA GRIS,MADERA,NO LE INTERESA,15265000.0
2024-06-10,Carla Perez,,ALTA GRACIA,29.0,79.6,AMERICANA,W.F,OBRA GRIS,PIEDRA NATURAL,VENDIDO,26173000.0
2025-10-31,Diego Martinez,FINANCIACION PROPIA,MENDIOLAZA,70.0,51.5,CABAÑA,S.F,LLAVE EN MANO,MADERA,NO LE INTERESA,26100000.0
2025-08-16,Jorge Martinez,FINANCIACION PROPIA,ALTA GRACIA,69.0,48.5,MINIMALISTA,W.F,OBRA GRIS,PIEDRA NATURAL,NO LE INTERESA,16318000.0
2024-06-07,Luis Lopez,,MENDIOLAZA,15.0,56.1,CABAÑA,W.F,LLAVE EN MANO,LADRILLO,POTABLE,26414000.0
2024-07-06,Maria Romero,CONTADO,ALTA GRACIA,42.0,60.7,MINIMALISTA,E.E,LLAVE EN MANO,LADRILLO,POTABLE,24850000.0
2024-02-29,Carla Romero,CONTADO,ALTA GRACIA,112.0,43.9,AMERICANA,W.F,OBRA GRIS,PIEDRA NATURAL,POTABLE,13628000.0
2024-11-14,Ana Gonzalez,CONTADO,SANTIAGO DEL ESTERO,32.0,55.4,MINIMALISTA,S.F,OBRA GRIS,,NO LE INTERESA,20367000.0
2024-07-29,Diego Perez,CONTADO,CARLOS PAZ,145.0,70.7,MINIMALISTA,E.E,OBRA GRIS,PIEDRA NATURAL,NO LE INTERESA,19772000.0
2025-02-09,Lucia Perez,CONTADO,SANTIAGO DEL ESTERO,12.0,57.6,CABAÑA,W.F,LLAVE EN MANO,MADERA,VENDIDO,26987000.0
2025-10-25,Elena Perez,CONTADO,ALTA GRACIA,5.0,55.9,CABAÑA,E.E,LLAVE EN MANO,MADERA,NO LE INTERESA,21790000.0
2024-04-18,Lucia Gonzalez,CONTADO,SANTIAGO DEL ESTERO,111.0,64.9,MINIMALISTA,E.E,OBRA GRIS,PIEDRA NATURAL,POTABLE,18196000.0
2024-03-16,Ana Martinez,CONTADO,BUENOS AIRES,94.0,68.3,MINIMALISTA,E.E,OBRA GRIS,PIEDRA NATURAL,NO LE INTERESA,18323000.0
2025-06-25,Diego Lopez,PLAN 36-60,BUENOS AIRES,245.0,53.7,AMERICANA,E.E,LLAVE EN MANO,MADERA,NO LE INTERESA,20459000.0
2024-11-09,Juan Gonzalez,CONTADO,CARLOS PAZ,57.0,45.5,CABAÑA,E.E,OBRA GRIS,MADERA,POTABLE,13045000.0
2024-04-26,Jorge Garcia,FINANCIACION PROPIA,CARLOS PAZ,138.0,58.8,MINIMALISTA,W.F,OBRA GRIS,PIEDRA NATURAL,NO LE INTERESA,19978000.0
2025-12-04,Carla Romero,CONTADO,ALTA GRACIA,88.0,23.1,CABAÑA,E.E,LLAVE EN MANO,MADERA,NO LE INTERESA,8934000.0
2024-01-19,Maria Romero,FINANCIACION PROPIA,CARLOS PAZ,93.0,50.8,AMERICANA,E.E,LLAVE EN MANO,MADERA,NO LE INTERESA,19239000.0
2025-03-07,Lucia Rodriguez,NO SABE,SANTIAGO DEL ESTERO,42.0,20.0,AMERICANA,S.F,OBRA GRIS,LADRILLO,POTABLE,6861000.0
2025-11-15,Carla Sanchez,FINANCIACION PROPIA,LA PLATA,24.0,21.5,MINIMALISTA,S.F,LLAVE EN MANO,PIEDRA NATURAL,POTABLE,10267000.0
2026-01-09,Juan Lopez,FINANCIACION PROPIA,CARLOS PAZ,136.0,20.0,AMERICANA,E.E,OBRA GRIS,PIEDRA NATURAL,POTABLE,5684000.0
2024-12-15,Juan Rodriguez,NO SABE,SANTIAGO DEL ESTERO,28.0,75.9,MINIMALISTA,W.F,LLAVE EN MANO,MADERA,POTABLE,32869000.0
2024-07-01,Juan Martinez,CONTADO,BUENOS AIRES,39.0,55.3,CABAÑA,S.F,LLAVE EN MANO,LADRILLO,VENDIDO,26437000.0
2024-04-22,Juan Martinez,NO SABE,BUENOS AIRES,30.0,29.8,CABAÑA,S.F,LLAVE EN MANO,PIEDRA NATURAL,VENDIDO,15264000.0
2024-07-01,Diego Sanchez,FINANCIACION PROPIA,SANTIAGO DEL ESTERO,42.0,64.8,MINIMALISTA,E.E,LLAVE EN MANO,PIEDRA NATURAL,VENDIDO,26458000.0
2025-04-25,Luis Martinez,FINANCIACION PROPIA,BUENOS AIRES,32.0,74.8,MINIMALISTA,W.F,OBRA GRIS,MADERA,POTABLE,23690000.0
2024-05-25,Carla Rodriguez,CONTADO,SANTIAGO DEL ESTERO,5.0,,MINIMALISTA,W.F,LLAVE EN MANO,PIEDRA NATURAL,POTABLE,30861000.0
2025-09-19,Luis Sanchez,PLAN 36-60,CARLOS PAZ,107.0,51.2,CABAÑA,S.F,OBRA GRIS,MADERA,VENDIDO,17716000.0
2024-04-22,Jorge Perez,PLAN 36-60,LA PLATA,29.0,59.6,CABAÑA,S.F,LLAVE EN MANO,LADRILLO,VENDIDO,29896000.0
2026-02-01,Elena Martinez,PLAN 36-60,ALTA GRACIA,44.0,73.0,AMERICANA,S.F,OBRA GRIS,LADRILLO,POTABLE,25985000.0
2025-04-20,Pedro Garcia,FINANCIACION PROPIA,ALTA GRACIA,7.0,45.6,AMERICANA,S.F,LLAVE EN MANO,PIEDRA NATURAL,NO LE INTERESA,21381000.0
2026-02-01,Diego Lopez,CONTADO,CARLOS PAZ,5.0,55.6,CABAÑA,S.F,LLAVE EN MANO,MADERA,POTABLE,26822000.0
2024-10-29,Carla Romero,CONTADO,CARLOS PAZ,14.0,49.9,CABAÑA,E.E,OBRA GRIS,LADRILLO,VENDIDO,14625000.0
2024-04-27,Diego Sanchez,PLAN 36-60,BUENOS AIRES,61.0,22.7,MINIMALISTA,E.E,LLAVE EN MANO,PIEDRA NATURAL,POTABLE,8586000.0
2024-06-09,Lucia Gonzalez,CONTADO,CÓRDOBA CAPITAL,5.0,73.3,CABAÑA,E.E,OBRA GRIS,PIEDRA NATURAL,NO LE INTERESA,19864000.0
2025-02-04,Pedro Lopez,CONTADO,MENDIOLAZA,120.0,96.1,CABAÑA,S.F,OBRA GRIS,PIEDRA NATURAL,POTABLE,35408000.0
2024-07-16,Maria Romero,CONTADO,LA PLATA,12.0,37.5,AMERICANA,E.E,LLAVE EN MANO,MADERA,NO LE INTERESA,14041000.0
2024-09-16,Juan Martinez,CONTADO,SANTIAGO DEL ESTERO,11.0,74.3,AMERICANA,S.F,LLAVE EN MANO,MADERA,POTABLE,36229000.0
2025-10-21,Lucia Lopez,PLAN 36-60,MENDIOLAZA,10.0,38.2,MINIMALISTA,W.F,OBRA GRIS,LADRILLO,NO LE INTERESA,12831000.0
2026-01-21,Jorge Martinez,CONTADO,SANTIAGO DEL ESTERO,5.0,57.7,AMERICANA,W.F,LLAVE EN MANO,,NO LE INTERESA,27173000.0
2024-02-16,Maria Rodriguez,NO SABE,MENDIOLAZA,74.0,85.2,MINIMALISTA,E.E,LLAVE EN MANO,MADERA,NO LE INTERESA,35116000.0
2025-02-02,Jorge Perez,FINANCIACION PROPIA,ALTA GRACIA,104.0,44.6,CABAÑA,W.F,OBRA GRIS,PIEDRA NATURAL,POTABLE,14490000.0
2025-12-10,Juan Gonzalez,FINANCIACION PROPIA,MENDIOLAZA,48.0,54.7,CABAÑA,W.F,LLAVE EN MANO,PIEDRA NATURAL,NO LE INTERESA,23708000.0
2025-07-12,Elena Garcia,CONTADO,CARLOS PAZ,10.0,20.0,MINIMALISTA,W.F,LLAVE EN MANO,,POTABLE,9277000.0
2024-03-18,Carla Sanchez,,LA PLATA,17.0,41.7,AMERICANA,E.E,LLAVE EN MANO,PIEDRA NATURAL,POTABLE,16714000.0
2024-05-03,Ana Garcia,PLAN 36-60,ALTA GRACIA,32.0,20.0,AMERICANA,W.F,LLAVE EN MANO,PIEDRA NATURAL,NO LE INTERESA,9136000.0
2024-03-15,Luis Rodriguez,NO SABE,BUENOS AIRES,154.0,63.6,CABAÑA,E.E,LLAVE EN MANO,PIEDRA NATURAL,POTABLE,26139000.0
2024-05-16,Lucia Martinez,FINANCIACION PROPIA,MENDIOLAZA,14.0,71.6,AMERICANA,S.F,OBRA GRIS,MADERA,VENDIDO,26113000.0
2025-08-24,Juan Rodriguez,PLAN 36-60,LA PLATA,66.0,50.6,MINIMALISTA,S.F,LLAVE EN MANO,PIEDRA NATURAL,NO LE INTERESA,25349000.0
2025-02-03,Diego Martinez,FINANCIACION PROPIA,CARLOS PAZ,29.0,60.7,CABAÑA,E.E,LLAVE EN MANO,LADRILLO,NO LE INTERESA,22913000.0
2025-05-19,Maria Lopez,CONTADO,BUENOS AIRES,18.0,48.5,AMERICANA,E.E,OBRA GRIS,LADRILLO,POTABLE,13057000.0
2025-05-14,Jorge Sanchez,CONTADO,SANTIAGO DEL ESTERO,30.0,69.8,CABAÑA,W.F,LLAVE EN MANO,PIEDRA NATURAL,POTABLE,31223000.0
2025-07-26,Jorge Rodriguez,PLAN 36-60,BUENOS AIRES,5.0,57.6,CABAÑA,S.F,OBRA GRIS,,VENDIDO,19749000.0
2024-05-17,Pedro Romero,,CÓRDOBA CAPITAL,80.0,20.0,AMERICANA,W.F,OBRA GRIS,LADRILLO,POTABLE,6319000.0
2024-02-19,Jorge Garcia,CONTADO,LA PLATA,14.0,73.8,MINIMALISTA,S.F,LLAVE EN MANO,MADERA,NO LE INTERESA,36585000.0
2026-02-09,Maria Romero,,SANTIAGO DEL ESTERO,65.0,47.2,AMERICANA,W.F,LLAVE EN MANO,PIEDRA NATURAL,POTABLE,21768000.0
2025-09-10,Maria Rodriguez,CONTADO,LA PLATA,5.0,29.6,AMERICANA,W.F,OBRA GRIS,LADRILLO,POTABLE,9728000.0
2025-09-16,Pedro Rodriguez,PLAN 36-60,LA PLATA,155.0,46.2,AMERICANA,S.F,LLAVE EN MANO,MADERA,NO LE INTERESA,22128000.0
2024-09-10,Pedro Rodriguez,NO SABE,LA PLATA,11.0,20.0,AMERICANA,W.F,OBRA GRIS,LADRILLO,VENDIDO,6331000.0
2025-09-21,Maria Romero,CONTADO,CARLOS PAZ,107.0,30.0,AMERICANA,S.F,LLAVE EN MANO,MADERA,POTABLE,14413000.0
2025-12-10,Lucia Romero,CONTADO,ALTA GRACIA,83.0,57.9,AMERICANA,E.E,LLAVE EN MANO,LADRILLO,POTABLE,23053000.0
2025-07-16,Maria Sanchez,CONTADO,LA PLATA,172.0,59.5,MINIMALISTA,W.F,OBRA GRIS,LADRILLO,NO LE INTERESA,19547000.0
2026-01-26,Jorge Lopez,CONTADO,CARLOS PAZ,32.0,61.1,CABAÑA,S.F,OBRA GRIS,MADERA,POTABLE,21440000.0
2025-03-01,Diego Martinez,CONTADO,CÓRDOBA CAPITAL,65.0,55.1,MINIMALISTA,S.F,OBRA GRIS,PIEDRA NATURAL,POTABLE,18987000.0
2025-06-30,Luis Sanchez,CONTADO,ALTA GRACIA,23.0,41.1,AMERICANA,W.F,OBRA GRIS,LADRILLO,POTABLE,12920000.0
2024-10-28,Lucia Garcia,PLAN 36-60,CARLOS PAZ,10.0,53.9,MINIMALISTA,S.F,OBRA GRIS,PIEDRA NATURAL,NO LE INTERESA,19617000.0
2025-08-03,Maria Perez,CONTADO,BUENOS AIRES,29.0,,CABAÑA,W.F,OBRA GRIS,LADRILLO,NO LE INTERESA,14278000.0
2024-12-14,Jorge Gonzalez,FINANCIACION PROPIA,CÓRDOBA CAPITAL,9.0,22.5,MINIMALISTA,W.F,OBRA GRIS,MADERA,VENDIDO,7372000.0
2024-02-18,Carla Rodriguez,FINANCIACION PROPIA,BUENOS AIRES,201.0,39.6,AMERICANA,E.E,OBRA GRIS,PIEDRA NATURAL,POTABLE,10842000.0
2024-03-14,Juan Martinez,FINANCIACION PROPIA,ALTA GRACIA,5.0,72.8,CABAÑA,E.E,OBRA GRIS,MADERA,POTABLE,19767000.0
2025-12-04,Pedro Lopez,PLAN 36-60,CARLOS PAZ,44.0,86.8,AMERICANA,E.E,OBRA GRIS,MADERA,NO LE INTERESA,23857000.0
2024-09-17,Luis Sanchez,CONTADO,CÓRDOBA CAPITAL,49.0,68.0,AMERICANA,W.F,LLAVE EN MANO,PIEDRA NATURAL,POTABLE,31915000.0
2024-12-21,Elena Rodriguez,FINANCIACION PROPIA,CARLOS PAZ,39.0,85.9,CABAÑA,W.F,LLAVE EN MANO,PIEDRA NATURAL,POTABLE,37377000.0
2025-08-04,Pedro Garcia,CONTADO,CÓRDOBA CAPITAL,54.0,56.7,CABAÑA,S.F,OBRA GRIS,PIEDRA NATURAL,NO LE INTERESA,20798000.0
2025-08-24,Elena Martinez,CONTADO,LA PLATA,6.0,89.8,AMERICANA,E.E,LLAVE EN MANO,MADERA,POTABLE,36321000.0
2024-09-16,Ana Rodriguez,FINANCIACION PROPIA,LA PLATA,40.0,96.1,MINIMALISTA,E.E,OBRA GRIS,MADERA,NO LE INTERESA,27451000.0
2025-09-29,Maria Lopez,CONTADO,ALTA GRACIA,17.0,20.3,CABAÑA,S.F,LLAVE EN MANO,MADERA,VENDIDO,9884000.0
2026-01-12,Luis Lopez,CONTADO,CÓRDOBA CAPITAL,141.0,59.4,MINIMALISTA,E.E,LLAVE EN MANO,PIEDRA NATURAL,NO LE INTERESA,24449000.0
2024-10-21,Luis Romero,FINANCIACION PROPIA,LA PLATA,72.0,56.7,MINIMALISTA,E.E,LLAVE EN MANO,LADRILLO,POTABLE,22397000.0
2025-10-02,Ana Gonzalez,NO SABE,ALTA GRACIA,180.0,46.5,CABAÑA,E.E,LLAVE EN MANO,PIEDRA NATURAL,NO LE INTERESA,18260000.0
2024-11-08,Elena Gonzalez,CONTADO,SANTIAGO DEL ESTERO,5.0,64.8,MINIMALISTA,S.F,LLAVE EN MANO,LADRILLO,NO LE INTERESA,32031000.0
2025-09-03,Pedro Martinez,CONTADO,LA PLATA,17.0,55.8,CABAÑA,E.E,OBRA GRIS,MADERA,NO LE INTERESA,15231000.0
2024-06-30,Carla Romero,PLAN 36-60,LA PLATA,11.0,40.3,CABAÑA,W.F,LLAVE EN MANO,LADRILLO,VENDIDO,17771000.0
2025-11-16,Ana Garcia,FINANCIACION PROPIA,MENDIOLAZA,5.0,54.5,CABAÑA,E.E,LLAVE EN MANO,PIEDRA NATURAL,NO LE INTERESA,22268000.0
2024-12-29,Carla Gonzalez,CONTADO,CARLOS PAZ,14.0,79.1,CABAÑA,W.F,OBRA GRIS,PIEDRA NATURAL,NO LE INTERESA,26240000.0
2024-07-06,Pedro Gonzalez,PLAN 36-60,SANTIAGO DEL ESTERO,57.0,58.7,MINIMALISTA,E.E,LLAVE EN MANO,PIEDRA NATURAL,POTABLE,23127000.0
2025-07-22,Luis Perez,NO SABE,CÓRDOBA CAPITAL,13.0,67.5,MINIMALISTA,W.F,LLAVE EN MANO,LADRILLO,VENDIDO,30194000.0
2025-06-26,Ana Martinez,CONTADO,ALTA GRACIA,36.0,49.5,CABAÑA,E.E,LLAVE EN MANO,PIEDRA NATURAL,NO LE INTERESA,20056000.0
2025-08-18,Carla Lopez,NO SABE,SANTIAGO DEL ESTERO,109.0,64.0,CABAÑA,W.F,LLAVE EN MANO,LADRILLO,NO LE INTERESA,29220000.0
2025-10-25,Elena Garcia,,CÓRDOBA CAPITAL,59.0,30.8,CABAÑA,W.F,LLAVE EN MANO,MADERA,POTABLE,13854000.0
2025-07-01,Diego Sanchez,CONTADO,LA PLATA,25.0,45.0,CABAÑA,E.E,LLAVE EN MANO,LADRILLO,NO LE INTERESA,17705000.0
2025-12-25,Ana Garcia,FINANCIACION PROPIA,BUENOS AIRES,23.0,52.9,AMERICANA,S.F,LLAVE EN MANO,MADERA,POTABLE,25262000.0
2025-02-11,Maria Sanchez,CONTADO,MENDIOLAZA,30.0,29.5,MINIMALISTA,E.E,OBRA GRIS,LADRILLO,VENDIDO,8057000.0
2025-09-09,Juan Sanchez,FINANCIACION PROPIA,BUENOS AIRES,10.0,38.4,MINIMALISTA,S.F,OBRA GRIS,MADERA,VENDIDO,14113000.0
2025-02-17,Pedro Sanchez,FINANCIACION PROPIA,ALTA GRACIA,50.0,61.3,CABAÑA,S.F,OBRA GRIS,PIEDRA NATURAL,POTABLE,22541000.0
2024-12-07,Jorge Rodriguez,CONTADO,ALTA GRACIA,23.0,57.6,AMERICANA,S.F,LLAVE EN MANO,LADRILLO,NO LE INTERESA,28035000.0
2024-08-07,Carla Lopez,FINANCIACION PROPIA,SANTIAGO DEL ESTERO,96.0,71.1,AMERICANA,S.F,LLAVE EN MANO,MADERA,POTABLE,35036000.0
2024-06-11,Luis Martinez,FINANCIACION PROPIA,CARLOS PAZ,71.0,43.0,AMERICANA,S.F,OBRA GRIS,PIEDRA NATURAL,POTABLE,15652000.0
2024-08-07,Jorge Lopez,CONTADO,CÓRDOBA CAPITAL,47.0,56.2,CABAÑA,S.F,OBRA GRIS,PIEDRA NATURAL,POTABLE,20186000.0
2024-09-26,Juan Gonzalez,CONTADO,MENDIOLAZA,23.0,41.6,AMERICANA,E.E,OBRA GRIS,MADERA,POTABLE,11215000.0
2025-09-23,Juan Romero,CONTADO,MENDIOLAZA,12.0,69.1,CABAÑA,W.F,LLAVE EN MANO,MADERA,POTABLE,30777000.0
2025-02-03,Diego Sanchez,PLAN 36-60,BUENOS AIRES,75.0,78.8,AMERICANA,W.F,OBRA GRIS,LADRILLO,POTABLE,24849000.0
2024-06-30,Maria Perez,NO SABE,SANTIAGO DEL ESTERO,33.0,64.7,CABAÑA,E.E,LLAVE EN MANO,MADERA,NO LE INTERESA,26664000.0
2025-09-09,Jorge Gonzalez,FINANCIACION PROPIA,CARLOS PAZ,13.0,76.2,CABAÑA,E.E,OBRA GRIS,MADERA,POTABLE,21887000.0
2025-12-29,Diego Martinez,PLAN 36-60,CARLOS PAZ,11.0,,MINIMALISTA,E.E,OBRA GRIS,PIEDRA NATURAL,NO LE INTERESA,14880000.0
2024-07-23,Juan Perez,PLAN 36-60,CARLOS PAZ,9.0,71.1,CABAÑA,S.F,LLAVE EN MANO,MADERA,NO LE INTERESA,36247000.0
2025-08-04,Lucia Gonzalez,CONTADO,ALTA GRACIA,75.0,56.5,AMERICANA,S.F,LLAVE EN MANO,MADERA,NO LE INTERESA,28987000.0
2025-07-09,Juan Lopez,CONTADO,CÓRDOBA CAPITAL,13.0,34.5,MINIMALISTA,W.F,LLAVE EN MANO,MADERA,VENDIDO,15312000.0
2024-08-15,Carla Romero,PLAN 36-60,CÓRDOBA CAPITAL,37.0,59.9,AMERICANA,E.E,LLAVE EN MANO,PIEDRA NATURAL,POTABLE,23870000.0
2025-11-26,Lucia Rodriguez,PLAN 36-60,BUENOS AIRES,30.0,35.1,CABAÑA,W.F,LLAVE EN MANO,PIEDRA NATURAL,POTABLE,16157000.0
2025-09-10,Jorge Romero,PLAN 36-60,SANTIAGO DEL ESTERO,43.0,101.8,MINIMALISTA,W.F,LLAVE EN MANO,PIEDRA NATURAL,POTABLE,47011000.0
2025-08-18,Ana Martinez,NO SABE,LA PLATA,105.0,48.3,CABAÑA,S.F,OBRA GRIS,PIEDRA NATURAL,NO LE INTERESA,17393000.0
2024-09-06,Maria Garcia,PLAN 36-60,SANTIAGO DEL ESTERO,101.0,67.9,CABAÑA,S.F,LLAVE EN MANO,LADRILLO,POTABLE,33622000.0
2025-03-16,Elena Sanchez,PLAN 36-60,CÓRDOBA CAPITAL,30.0,54.8,AMERICANA,W.F,LLAVE EN MANO,PIEDRA NATURAL,NO LE INTERESA,25872000.0
2025-06-16,Elena Lopez,CONTADO,BUENOS AIRES,5.0,30.3,AMERICANA,S.F,LLAVE EN MANO,PIEDRA NATURAL,NO LE INTERESA,14873000.0
2024-07-14,Ana Lopez,NO SABE,ALTA GRACIA,28.0,20.0,AMERICANA,S.F,OBRA GRIS,LADRILLO,NO LE INTERESA,6768000.0
2025-11-20,Jorge Perez,FINANCIACION PROPIA,SANTIAGO DEL ESTERO,47.0,70.0,MINIMALISTA,S.F,OBRA GRIS,LADRILLO,POTABLE,23540000.0
2025-06-02,Juan Garcia,,BUENOS AIRES,41.0,86.0,AMERICANA,W.F,LLAVE EN MANO,LADRILLO,POTABLE,36960000.0
2024-03-10,Jorge Gonzalez,PLAN 36-60,LA PLATA,53.0,40.3,CABAÑA,W.F,LLAVE EN MANO,MADERA,POTABLE,18115000.0
2025-09-30,Lucia Sanchez,PLAN 36-60,MENDIOLAZA,8.0,21.9,MINIMALISTA,W.F,LLAVE EN MANO,PIEDRA NATURAL,NO LE INTERESA,9660000.0
2025-02-02,Lucia Garcia,PLAN 36-60,SANTIAGO DEL ESTERO,52.0,48.5,AMERICANA,E.E,LLAVE EN MANO,MADERA,POTABLE,19844000.0
2025-11-02,Maria Rodriguez,CONTADO,BUENOS AIRES,10.0,36.3,AMERICANA,W.F,LLAVE EN MANO,LADRILLO,VENDIDO,16980000.0
2026-01-29,Luis Romero,PLAN 36-60,CARLOS PAZ,69.0,42.0,AMERICANA,S.F,LLAVE EN MANO,LADRILLO,NO LE INTERESA,21382000.0
2024-07-21,Pedro Lopez,NO SABE,LA PLATA,21.0,,CABAÑA,W.F,OBRA GRIS,LADRILLO,POTABLE,22466000.0
2024-05-27,Carla Perez,CONTADO,CARLOS PAZ,62.0,54.0,AMERICANA,E.E,LLAVE EN MANO,LADRILLO,POTABLE,20831000.0
2025-04-16,Diego Romero,CONTADO,ALTA GRACIA,5.0,38.4,CABAÑA,S.F,LLAVE EN MANO,MADERA,NO LE INTERESA,18684000.0
2025-10-16,Pedro Romero,FINANCIACION PROPIA,CÓRDOBA CAPITAL,26.0,66.8,MINIMALISTA,W.F,LLAVE EN MANO,LADRILLO,NO LE INTERESA,29585000.0
2024-07-17,Lucia Garcia,CONTADO,SANTIAGO DEL ESTERO,61.0,68.3,AMERICANA,W.F,LLAVE EN MANO,PIEDRA NATURAL,VENDIDO,29603000.0
2025-03-01,Lucia Lopez,PLAN 36-60,BUENOS AIRES,13.0,48.3,CABAÑA,S.F,OBRA GRIS,PIEDRA NATURAL,POTABLE,17642000.0
2025-10-27,Carla Garcia,PLAN 36-60,SANTIAGO DEL ESTERO,79.0,57.8,AMERICANA,W.F,LLAVE EN MANO,PIEDRA NATURAL,NO LE INTERESA,26478000.0
2025-05-06,Juan Lopez,CONTADO,CARLOS PAZ,50.0,65.4,AMERICANA,E.E,OBRA GRIS,MADERA,POTABLE,17711000.0
2024-05-21,Maria Martinez,FINANCIACION PROPIA,CARLOS PAZ,44.0,63.5,MINIMALISTA,S.F,LLAVE EN MANO,LADRILLO,POTABLE,30264000.0
2024-11-08,Lucia Perez,PLAN 36-60,CÓRDOBA CAPITAL,22.0,55.8,MINIMALISTA,W.F,LLAVE EN MANO,MADERA,NO LE INTERESA,25064000.0
2024-06-13,Elena Lopez,FINANCIACION PROPIA,BUENOS AIRES,33.0,83.7,CABAÑA,S.F,LLAVE EN MANO,PIEDRA NATURAL,VENDIDO,39222000.0
2024-11-09,Lucia Rodriguez,FINANCIACION PROPIA,SANTIAGO DEL ESTERO,45.0,66.7,CABAÑA,W.F,OBRA GRIS,LADRILLO,POTABLE,21054000.0
2024-01-21,Carla Sanchez,FINANCIACION PROPIA,BUENOS AIRES,32.0,46.0,CABAÑA,W.F,OBRA GRIS,MADERA,POTABLE,15162000.0
2024-03-22,Lucia Garcia,CONTADO,CÓRDOBA CAPITAL,60.0,46.1,MINIMALISTA,S.F,LLAVE EN MANO,LADRILLO,NO LE INTERESA,23632000.0
2025-08-03,Luis Lopez,CONTADO,CARLOS PAZ,28.0,43.8,CABAÑA,W.F,LLAVE EN MANO,LADRILLO,NO LE INTERESA,20635000.0
2024-05-10,Pedro Rodriguez,CONTADO,MENDIOLAZA,11.0,67.6,MINIMALISTA,W.F,LLAVE EN MANO,MADERA,NO LE INTERESA,30552000.0
2025-08-21,Lucia Garcia,PLAN 36-60,BUENOS AIRES,12.0,42.5,MINIMALISTA,S.F,LLAVE EN MANO,PIEDRA NATURAL,POTABLE,20451000.0
2025-12-30,Elena Sanchez,FINANCIACION PROPIA,CARLOS PAZ,5.0,46.5,AMERICANA,W.F,LLAVE EN MANO,MADERA,VENDIDO,21852000.0
2024-10-31,Carla Rodriguez,PLAN 36-60,LA PLATA,18.0,76.2,AMERICANA,W.F,LLAVE EN MANO,MADERA,VENDIDO,35363000.0
2025-01-05,Pedro Romero,FINANCIACION PROPIA,CARLOS PAZ,69.0,58.8,CABAÑA,S.F,LLAVE EN MANO,PIEDRA NATURAL,NO LE INTERESA,29167000.0
2025-01-18,Juan Perez,CONTADO,CARLOS PAZ,79.0,79.0,MINIMALISTA,E.E,OBRA GRIS,MADERA,NO LE INTERESA,22982000.0
2025-03-20,Pedro Perez,CONTADO,BUENOS AIRES,11.0,71.0,MINIMALISTA,E.E,OBRA GRIS,LADRILLO,NO LE INTERESA,19815000.0
2025-02-28,Pedro Lopez,FINANCIACION PROPIA,MENDIOLAZA,160.0,31.5,MINIMALISTA,E.E,LLAVE EN MANO,PIEDRA NATURAL,POTABLE,12100000.0
2024-06-09,Lucia Gonzalez,PLAN 36-60,CÓRDOBA CAPITAL,35.0,53.0,AMERICANA,E.E,LLAVE EN MANO,MADERA,POTABLE,21741000.0
2024-06-26,Ana Garcia,FINANCIACION PROPIA,LA PLATA,124.0,74.8,MINIMALISTA,E.E,LLAVE EN MANO,LADRILLO,NO LE INTERESA,29608000.0
2025-09-20,Luis Martinez,CONTADO,LA PLATA,61.0,30.6,CABAÑA,E.E,LLAVE EN MANO,PIEDRA NATURAL,VENDIDO,12323000.0
2025-12-08,Ana Romero,NO SABE,SANTIAGO DEL ESTERO,64.0,63.4,CABAÑA,S.F,LLAVE EN MANO,MADERA,NO LE INTERESA,30826000.0
2025-05-04,Lucia Romero,PLAN 36-60,MENDIOLAZA,5.0,54.2,AMERICANA,S.F,LLAVE EN MANO,PIEDRA NATURAL,POTABLE,25598000.0
2024-11-22,Ana Gonzalez,FINANCIACION PROPIA,ALTA GRACIA,12.0,20.0,CABAÑA,S.F,OBRA GRIS,LADRILLO,POTABLE,6858000.0
2025-08-20,Juan Rodriguez,CONTADO,SANTIAGO DEL ESTERO,5.0,57.4,MINIMALISTA,W.F,OBRA GRIS,LADRILLO,NO LE INTERESA,17647000.0
2024-10-15,Ana Romero,PLAN 36-60,SANTIAGO DEL ESTERO,63.0,38.3,MINIMALISTA,E.E,OBRA GRIS,PIEDRA NATURAL,NO LE INTERESA,10372000.0
2025-08-15,Elena Rodriguez,NO SABE,SANTIAGO DEL ESTERO,21.0,31.6,CABAÑA,E.E,LLAVE EN MANO,LADRILLO,POTABLE,12052000.0
2025-10-25,Elena Perez,FINANCIACION PROPIA,LA PLATA,77.0,55.2,AMERICANA,S.F,OBRA GRIS,LADRILLO,NO LE INTERESA,19554000.0
2025-07-26,Pedro Garcia,,CÓRDOBA CAPITAL,21.0,20.0,MINIMALISTA,W.F,LLAVE EN MANO,PIEDRA NATURAL,POTABLE,9493000.0
2025-07-26,Jorge Perez,CONTADO,BUENOS AIRES,86.0,41.5,MINIMALISTA,W.F,OBRA GRIS,PIEDRA NATURAL,VENDIDO,13956000.0
2024-12-19,Jorge Sanchez,PLAN 36-60,CARLOS PAZ,7.0,106.0,AMERICANA,S.F,LLAVE EN MANO,MADERA,NO LE INTERESA,49799000.0
2024-01-28,Ana Garcia,CONTADO,LA PLATA,10.0,,MINIMALISTA,E.E,OBRA GRIS,MADERA,VENDIDO,19707000.0
2024-02-12,Pedro Sanchez,FINANCIACION PROPIA,CARLOS PAZ,21.0,37.4,CABAÑA,W.F,LLAVE EN MANO,PIEDRA NATURAL,POTABLE,16953000.0
2025-11-11,Lucia Martinez,CONTADO,CARLOS PAZ,26.0,83.1,CABAÑA,E.E,OBRA GRIS,LADRILLO,NO LE INTERESA,23681000.0
2025-02-26,Elena Rodriguez,CONTADO,ALTA GRACIA,21.0,35.2,AMERICANA,W.F,OBRA GRIS,LADRILLO,NO LE INTERESA,10945000.0
2025-08-20,Maria Perez,PLAN 36-60,BUENOS AIRES,72.0,43.9,AMERICANA,E.E,OBRA GRIS,PIEDRA NATURAL,POTABLE,12270000.0
2024-06-25,Lucia Sanchez,,SANTIAGO DEL ESTERO,5.0,32.0,CABAÑA,W.F,LLAVE EN MANO,PIEDRA NATURAL,NO LE INTERESA,14988000.0
2025-06-12,Elena Garcia,FINANCIACION PROPIA,ALTA GRACIA,22.0,60.1,AMERICANA,E.E,LLAVE EN MANO,PIEDRA NATURAL,VENDIDO,23416000.0
2025-09-01,Maria Sanchez,NO SABE,SANTIAGO DEL ESTERO,91.0,82.4,CABAÑA,E.E,LLAVE EN MANO,LADRILLO,NO LE INTERESA,31228000.0
2025-05-08,Luis Perez,CONTADO,LA PLATA,5.0,35.0,AMERICANA,E.E,LLAVE EN MANO,MADERA,POTABLE,13468000.0
2024-07-16,Maria Romero,FINANCIACION PROPIA,CARLOS PAZ,143.0,20.0,CABAÑA,S.F,LLAVE EN MANO,MADERA,VENDIDO,9736000.0
2025-09-01,Maria Gonzalez,CONTADO,ALTA GRACIA,215.0,76.8,MINIMALISTA,E.E,OBRA GRIS,LADRILLO,POTABLE,22234000.0
2025-07-30,Elena Perez,PLAN 36-60,MENDIOLAZA,5.0,86.1,MINIMALISTA,E.E,LLAVE EN MANO,MADERA,NO LE INTERESA,35146000.0
2025-05-31,Ana Sanchez,CONTADO,LA PLATA,17.0,20.0,CABAÑA,W.F,LLAVE EN MANO,PIEDRA NATURAL,NO LE INTERESA,9253000.0
2025-05-28,Lucia Sanchez,CONTADO,LA PLATA,23.0,64.2,MINIMALISTA,W.F,LLAVE EN MANO,PIEDRA NATURAL,NO LE INTERESA,29972000.0
2024-01-22,Luis Garcia,CONTADO,MENDIOLAZA,75.0,59.5,CABAÑA,S.F,OBRA GRIS,LADRILLO,NO LE INTERESA,21578000.0
2024-04-21,Ana Lopez,CONTADO,SANTIAGO DEL ESTERO,45.0,39.3,AMERICANA,W.F,OBRA GRIS,LADRILLO,POTABLE,12105000.0
2024-02-26,Elena Sanchez,FINANCIACION PROPIA,CARLOS PAZ,52.0,27.1,MINIMALISTA,E.E,OBRA GRIS,PIEDRA NATURAL,VENDIDO,7378000.0
2024-03-06,Lucia Garcia,FINANCIACION PROPIA,SANTIAGO DEL ESTERO,71.0,74.8,MINIMALISTA,S.F,LLAVE EN MANO,PIEDRA NATURAL,POTABLE,36477000.0
2024-04-07,Jorge Romero,,SANTIAGO DEL ESTERO,6.0,58.6,MINIMALISTA,S.F,LLAVE EN MANO,LADRILLO,NO LE INTERESA,27609000.0
2024-05-23,Ana Lopez,PLAN 36-60,LA PLATA,90.0,60.1,CABAÑA,S.F,OBRA GRIS,LADRILLO,POTABLE,21667000.0
2025-03-10,Jorge Romero,CONTADO,SANTIAGO DEL ESTERO,61.0,42.6,MINIMALISTA,E.E,LLAVE EN MANO,PIEDRA NATURAL,POTABLE,16069000.0
2025-09-28,Pedro Lopez,CONTADO,CÓRDOBA CAPITAL,43.0,39.0,AMERICANA,E.E,LLAVE EN MANO,,NO LE INTERESA,15224000.0
2025-11-09,Jorge Lopez,CONTADO,MENDIOLAZA,110.0,20.0,MINIMALISTA,W.F,LLAVE EN MANO,MADERA,NO LE INTERESA,9082000.0
2024-03-26,Ana Garcia,CONTADO,BUENOS AIRES,60.0,50.4,AMERICANA,W.F,LLAVE EN MANO,MADERA,POTABLE,22909000.0
2025-08-10,Ana Lopez,PLAN 36-60,MENDIOLAZA,11.0,83.8,MINIMALISTA,W.F,LLAVE EN MANO,PIEDRA NATURAL,POTABLE,38283000.0
2024-12-09,Pedro Perez,PLAN 36-60,CARLOS PAZ,28.0,37.2,MINIMALISTA,S.F,OBRA GRIS,LADRILLO,NO LE INTERESA,13646000.0
2024-10-20,Diego Perez,CONTADO,MENDIOLAZA,34.0,24.6,AMERICANA,E.E,OBRA GRIS,MADERA,NO LE INTERESA,6780000.0
2025-07-24,Juan Perez,CONTADO,SANTIAGO DEL ESTERO,5.0,63.7,MINIMALISTA,W.F,OBRA GRIS,MADERA,POTABLE,20859000.0
2025-10-11,Elena Romero,CONTADO,SANTIAGO DEL ESTERO,155.0,67.4,AMERICANA,E.E,LLAVE EN MANO,,NO LE INTERESA,25414000.0
2025-09-02,Juan Romero,CONTADO,ALTA GRACIA,7.0,43.3,AMERICANA,S.F,OBRA GRIS,LADRILLO,POTABLE,14409000.0
2025-12-04,Ana Perez,CONTADO,CARLOS PAZ,60.0,48.0,AMERICANA,E.E,LLAVE EN MANO,LADRILLO,POTABLE,18009000.0
2024-08-30,Carla Sanchez,FINANCIACION PROPIA,CARLOS PAZ,35.0,60.3,MINIMALISTA,E.E,OBRA GRIS,,NO LE INTERESA,16850000.0
2025-07-14,Luis Gonzalez,CONTADO,MENDIOLAZA,5.0,51.9,MINIMALISTA,S.F,LLAVE EN MANO,LADRILLO,NO LE INTERESA,25578000.0
2024-02-01,Ana Perez,FINANCIACION PROPIA,SANTIAGO DEL ESTERO,129.0,75.0,AMERICANA,W.F,LLAVE EN MANO,PIEDRA NATURAL,POTABLE,32324000.0
2025-01-25,Diego Rodriguez,CONTADO,CÓRDOBA CAPITAL,95.0,103.7,MINIMALISTA,E.E,OBRA GRIS,LADRILLO,NO LE INTERESA,28876000.0
2024-10-03,Elena Garcia,CONTADO,ALTA GRACIA,37.0,20.8,CABAÑA,E.E,OBRA GRIS,PIEDRA NATURAL,NO LE INTERESA,5610000.0
2025-06-15,Jorge Sanchez,FINANCIACION PROPIA,CÓRDOBA CAPITAL,13.0,79.6,AMERICANA,S.F,OBRA GRIS,LADRILLO,NO LE INTERESA,28307000.0
2024-06-02,Lucia Sanchez,PLAN 36-60,SANTIAGO DEL ESTERO,6.0,57.1,AMERICANA,E.E,LLAVE EN MANO,PIEDRA NATURAL,NO LE INTERESA,22686000.0
2025-01-17,Jorge Lopez,CONTADO,CARLOS PAZ,23.0,82.8,CABAÑA,E.E,OBRA GRIS,PIEDRA NATURAL,POTABLE,23878000.0
2024-03-08,Elena Martinez,FINANCIACION PROPIA,CARLOS PAZ,15.0,69.5,CABAÑA,E.E,OBRA GRIS,LADRILLO,NO LE INTERESA,19573000.0
2024-08-01,Diego Perez,CONTADO,BUENOS AIRES,35.0,56.2,AMERICANA,S.F,OBRA GRIS,PIEDRA NATURAL,NO LE INTERESA,19965000.0
2025-10-16,Maria Romero,CONTADO,CÓRDOBA CAPITAL,170.0,70.2,CABAÑA,E.E,OBRA GRIS,MADERA,POTABLE,19472000.0
2025-01-10,Maria Rodriguez,FINANCIACION PROPIA,BUENOS AIRES,43.0,47.1,AMERICANA,S.F,LLAVE EN MANO,LADRILLO,POTABLE,22184000.0
2026-01-13,Diego Garcia,FINANCIACION PROPIA,BUENOS AIRES,110.0,39.5,MINIMALISTA,W.F,LLAVE EN MANO,PIEDRA NATURAL,NO LE INTERESA,18398000.0
2024-07-31,Jorge Sanchez,CONTADO,LA PLATA,53.0,71.2,CABAÑA,E.E,LLAVE EN MANO,LADRILLO,NO LE INTERESA,28303000.0
2024-03-19,Lucia Romero,CONTADO,SANTIAGO DEL ESTERO,32.0,38.1,AMERICANA,S.F,OBRA GRIS,LADRILLO,NO LE INTERESA,13970000.0
2025-12-26,Elena Lopez,FINANCIACION PROPIA,CARLOS PAZ,96.0,67.8,AMERICANA,S.F,OBRA GRIS,PIEDRA NATURAL,NO LE INTERESA,25042000.0
2025-09-19,Juan Sanchez,CONTADO,MENDIOLAZA,32.0,55.6,AMERICANA,E.E,OBRA GRIS,MADERA,NO LE INTERESA,16158000.0
2025-08-26,Lucia Rodriguez,CONTADO,LA PLATA,101.0,20.0,CABAÑA,S.F,LLAVE EN MANO,LADRILLO,NO LE INTERESA,10435000.0
2026-02-20,Jorge Martinez,PLAN 36-60,CARLOS PAZ,17.0,43.5,MINIMALISTA,W.F,OBRA GRIS,MADERA,POTABLE,14239000.0
2025-01-15,Elena Lopez,NO SABE,MENDIOLAZA,7.0,,MINIMALISTA,W.F,LLAVE EN MANO,MADERA,POTABLE,26689000.0
2025-11-10,Jorge Romero,CONTADO,CARLOS PAZ,97.0,46.9,CABAÑA,W.F,OBRA GRIS,PIEDRA NATURAL,VENDIDO,14622000.0
2024-02-27,Pedro Romero,FINANCIACION PROPIA,LA PLATA,44.0,20.0,AMERICANA,W.F,LLAVE EN MANO,PIEDRA NATURAL,VENDIDO,9361000.0
2024-01-26,Maria Sanchez,PLAN 36-60,CÓRDOBA CAPITAL,110.0,81.4,AMERICANA,S.F,LLAVE EN MANO,LADRILLO,NO LE INTERESA,38997000.0
2025-03-22,Pedro Garcia,PLAN 36-60,SANTIAGO DEL ESTERO,139.0,58.4,AMERICANA,S.F,OBRA GRIS,PIEDRA NATURAL,POTABLE,19742000.0
2024-03-06,Luis Martinez,FINANCIACION PROPIA,BUENOS AIRES,5.0,63.9,CABAÑA,W.F,OBRA GRIS,LADRILLO,NO LE INTERESA,20526000.0
2026-01-29,Juan Rodriguez,NO SABE,LA PLATA,35.0,45.5,CABAÑA,W.F,LLAVE EN MANO,LADRILLO,NO LE INTERESA,20183000.0
2024-09-10,Jorge Perez,CONTADO,LA PLATA,23.0,65.6,AMERICANA,W.F,LLAVE EN MANO,MADERA,NO LE INTERESA,29868000.0
2024-02-13,Carla Perez,CONTADO,BUENOS AIRES,49.0,91.7,AMERICANA,W.F,OBRA GRIS,PIEDRA NATURAL,NO LE INTERESA,29897000.0
2024-04-06,Maria Sanchez,NO SABE,CARLOS PAZ,79.0,40.3,AMERICANA,W.F,LLAVE EN MANO,PIEDRA NATURAL,POTABLE,18618000.0
2025-07-07,Diego Martinez,,MENDIOLAZA,16.0,88.3,CABAÑA,S.F,OBRA GRIS,LADRILLO,POTABLE,31165000.0
2024-08-14,Jorge Perez,PLAN 36-60,BUENOS AIRES,41.0,63.0,CABAÑA,W.F,OBRA GRIS,MADERA,NO LE INTERESA,20105000.0
2026-02-12,Lucia Martinez,PLAN 36-60,LA PLATA,62.0,37.6,MINIMALISTA,W.F,LLAVE EN MANO,PIEDRA NATURAL,VENDIDO,16231000.0
2025-11-09,Luis Rodriguez,FINANCIACION PROPIA,SANTIAGO DEL ESTERO,7.0,99.2,AMERICANA,E.E,LLAVE EN MANO,MADERA,NO LE INTERESA,40473000.0
2025-03-11,Ana Martinez,FINANCIACION PROPIA,BUENOS AIRES,84.0,62.8,AMERICANA,S.F,OBRA GRIS,MADERA,NO LE INTERESA,21723000.0
2025-08-23,Juan Garcia,NO SABE,BUENOS AIRES,47.0,68.5,MINIMALISTA,W.F,LLAVE EN MANO,LADRILLO,POTABLE,30972000.0
2025-01-13,Carla Sanchez,PLAN 36-60,CÓRDOBA CAPITAL,149.0,49.6,AMERICANA,S.F,LLAVE EN MANO,PIEDRA NATURAL,POTABLE,24667000.0
2024-06-26,Maria Perez,CONTADO,MENDIOLAZA,21.0,39.1,MINIMALISTA,E.E,OBRA GRIS,PIEDRA NATURAL,POTABLE,10776000.0
2025-03-02,Juan Lopez,PLAN 36-60,CÓRDOBA CAPITAL,6.0,58.4,CABAÑA,E.E,LLAVE EN MANO,PIEDRA NATURAL,NO LE INTERESA,22463000.0
2025-12-09,Elena Lopez,PLAN 36-60,CÓRDOBA CAPITAL,35.0,86.6,MINIMALISTA,W.F,LLAVE EN MANO,MADERA,NO LE INTERESA,38157000.0
2024-11-02,Jorge Rodriguez,PLAN 36-60,SANTIAGO DEL ESTERO,5.0,48.8,MINIMALISTA,W.F,LLAVE EN MANO,PIEDRA NATURAL,NO LE INTERESA,21442000.0
2026-02-17,Lucia Perez,PLAN 36-60,CARLOS PAZ,175.0,54.5,CABAÑA,W.F,LLAVE EN MANO,LADRILLO,VENDIDO,23665000.0
2025-05-18,Carla Sanchez,CONTADO,MENDIOLAZA,5.0,84.1,AMERICANA,W.F,OBRA GRIS,MADERA,NO LE INTERESA,28328000.0
2024-09-24,Luis Martinez,PLAN 36-60,MENDIOLAZA,70.0,49.0,MINIMALISTA,E.E,LLAVE EN MANO,PIEDRA NATURAL,POTABLE,19497000.0
2025-08-08,Ana Perez,PLAN 36-60,BUENOS AIRES,37.0,,MINIMALISTA,S.F,LLAVE EN MANO,MADERA,POTABLE,30749000.0
2024-01-08,Lucia Martinez,FINANCIACION PROPIA,SANTIAGO DEL ESTERO,23.0,72.5,AMERICANA,W.F,LLAVE EN MANO,MADERA,POTABLE,33018000.0
2025-05-22,Luis Sanchez,,MENDIOLAZA,5.0,51.1,MINIMALISTA,S.F,LLAVE EN MANO,MADERA,NO LE INTERESA,24376000.0
2025-04-20,Carla Gonzalez,,LA PLATA,49.0,61.2,CABAÑA,W.F,OBRA GRIS,LADRILLO,NO LE INTERESA,19405000.0
2024-10-23,Ana Gonzalez,PLAN 36-60,ALTA GRACIA,44.0,68.2,MINIMALISTA,W.F,OBRA GRIS,,NO LE INTERESA,22690000.0
2024-06-12,Ana Rodriguez,FINANCIACION PROPIA,BUENOS AIRES,16.0,47.0,AMERICANA,E.E,OBRA GRIS,PIEDRA NATURAL,NO LE INTERESA,13693000.0
2025-04-29,Ana Garcia,PLAN 36-60,ALTA GRACIA,121.0,71.3,AMERICANA,W.F,LLAVE EN MANO,MADERA,POTABLE,32969000.0
2025-08-19,Luis Romero,PLAN 36-60,ALTA GRACIA,18.0,44.1,MINIMALISTA,W.F,OBRA GRIS,PIEDRA NATURAL,NO LE INTERESA,14843000.0
2024-03-12,Diego Gonzalez,PLAN 36-60,CÓRDOBA CAPITAL,30.0,,AMERICANA,W.F,OBRA GRIS,MADERA,NO LE INTERESA,13951000.0
2025-07-20,Pedro Sanchez,CONTADO,MENDIOLAZA,39.0,24.5,AMERICANA,E.E,LLAVE EN MANO,MADERA,POTABLE,9712000.0
2025-07-12,Juan Gonzalez,FINANCIACION PROPIA,BUENOS AIRES,5.0,44.9,MINIMALISTA,S.F,LLAVE EN MANO,MADERA,POTABLE,22906000.0
2024-08-25,Diego Gonzalez,CONTADO,SANTIAGO DEL ESTERO,135.0,38.7,MINIMALISTA,E.E,OBRA GRIS,LADRILLO,NO LE INTERESA,11088000.0
2024-04-13,Pedro Martinez,PLAN 36-60,MENDIOLAZA,23.0,47.0,AMERICANA,W.F,OBRA GRIS,PIEDRA NATURAL,POTABLE,14568000.0
2024-07-28,Luis Gonzalez,CONTADO,SANTIAGO DEL ESTERO,5.0,67.2,MINIMALISTA,W.F,LLAVE EN MANO,MADERA,NO LE INTERESA,31300000.0
2025-07-07,Lucia Gonzalez,,MENDIOLAZA,24.0,20.5,CABAÑA,W.F,LLAVE EN MANO,PIEDRA NATURAL,POTABLE,8935000.0
2025-04-12,Diego Garcia,PLAN 36-60,BUENOS AIRES,46.0,20.0,MINIMALISTA,S.F,LLAVE EN MANO,LADRILLO,POTABLE,9687000.0
2025-03-29,Pedro Perez,,BUENOS AIRES,36.0,40.0,AMERICANA,S.F,OBRA GRIS,LADRILLO,POTABLE,13885000.0
2024-09-24,Elena Garcia,,CÓRDOBA CAPITAL,59.0,64.2,CABAÑA,W.F,LLAVE EN MANO,MADERA,NO LE INTERESA,29922000.0
2025-01-20,Juan Martinez,FINANCIACION PROPIA,BUENOS AIRES,5.0,,AMERICANA,W.F,OBRA GRIS,LADRILLO,POTABLE,18769000.0
2026-02-13,Elena Gonzalez,FINANCIACION PROPIA,LA PLATA,17.0,39.7,AMERICANA,S.F,OBRA GRIS,LADRILLO,NO LE INTERESA,13844000.0
2025-01-21,Juan Rodriguez,PLAN 36-60,ALTA GRACIA,86.0,78.4,CABAÑA,E.E,OBRA GRIS,LADRILLO,POTABLE,21941000.0
2024-09-15,Maria Sanchez,PLAN 36-60,ALTA GRACIA,5.0,41.8,MINIMALISTA,E.E,LLAVE EN MANO,LADRILLO,POTABLE,16528000.0
2024-10-09,Jorge Romero,PLAN 36-60,MENDIOLAZA,97.0,64.2,AMERICANA,S.F,OBRA GRIS,LADRILLO,POTABLE,22285000.0
2025-09-17,Ana Rodriguez,PLAN 36-60,CÓRDOBA CAPITAL,5.0,,MINIMALISTA,S.F,OBRA GRIS,LADRILLO,POTABLE,16831000.0
2024-02-09,Pedro Rodriguez,PLAN 36-60,ALTA GRACIA,90.0,37.6,MINIMALISTA,W.F,OBRA GRIS,,NO LE INTERESA,12837000.0
2025-04-30,Luis Garcia,,MENDIOLAZA,22.0,42.9,CABAÑA,S.F,OBRA GRIS,LADRILLO,NO LE INTERESA,14403000.0
2024-08-07,Lucia Gonzalez,CONTADO,BUENOS AIRES,47.0,69.7,AMERICANA,S.F,LLAVE EN MANO,PIEDRA NATURAL,POTABLE,35506000.0
2024-05-08,Pedro Garcia,NO SABE,CARLOS PAZ,8.0,62.2,CABAÑA,W.F,OBRA GRIS,MADERA,POTABLE,19657000.0
2025-06-03,Elena Lopez,CONTADO,MENDIOLAZA,5.0,74.4,CABAÑA,S.F,LLAVE EN MANO,LADRILLO,VENDIDO,36338000.0
2025-09-04,Elena Martinez,CONTADO,SANTIAGO DEL ESTERO,12.0,62.2,AMERICANA,W.F,LLAVE EN MANO,LADRILLO,NO LE INTERESA,28734000.0
2025-11-18,Lucia Romero,CONTADO,ALTA GRACIA,7.0,,AMERICANA,E.E,OBRA GRIS,PIEDRA NATURAL,NO LE INTERESA,6657000.0
2025-09-10,Juan Martinez,PLAN 36-60,ALTA GRACIA,19.0,97.3,CABAÑA,E.E,OBRA GRIS,LADRILLO,POTABLE,25934000.0
2025-09-04,Ana Perez,CONTADO,CARLOS PAZ,36.0,62.5,CABAÑA,E.E,LLAVE EN MANO,PIEDRA NATURAL,POTABLE,24952000.0
2024-09-16,Maria Sanchez,FINANCIACION PROPIA,BUENOS AIRES,44.0,65.3,CABAÑA,W.F,LLAVE EN MANO,PIEDRA NATURAL,NO LE INTERESA,28233000.0
2024-12-31,Luis Rodriguez,FINANCIACION PROPIA,LA PLATA,78.0,47.5,AMERICANA,E.E,LLAVE EN MANO,LADRILLO,POTABLE,18785000.0
2026-01-27,Carla Lopez,PLAN 36-60,MENDIOLAZA,53.0,77.3,AMERICANA,E.E,LLAVE EN MANO,MADERA,NO LE INTERESA,31140000.0
2026-02-25,Carla Perez,PLAN 36-60,LA PLATA,47.0,33.1,CABAÑA,W.F,OBRA GRIS,MADERA,POTABLE,10374000.0
2025-06-27,Carla Rodriguez,NO SABE,MENDIOLAZA,27.0,67.2,AMERICANA,W.F,OBRA GRIS,MADERA,POTABLE,22251000.0
2025-10-10,Lucia Rodriguez,FINANCIACION PROPIA,CARLOS PAZ,32.0,20.0,AMERICANA,E.E,OBRA GRIS,PIEDRA NATURAL,POTABLE,5540000.0
2025-06-07,Ana Rodriguez,PLAN 36-60,LA PLATA,27.0,68.5,AMERICANA,E.E,OBRA GRIS,PIEDRA NATURAL,NO LE INTERESA,19433000.0
2024-01-16,Lucia Garcia,FINANCIACION PROPIA,CÓRDOBA CAPITAL,92.0,33.4,MINIMALISTA,E.E,LLAVE EN MANO,LADRILLO,NO LE INTERESA,13440000.0
2024-05-08,Ana Garcia,PLAN 36-60,CARLOS PAZ,13.0,60.5,MINIMALISTA,S.F,LLAVE EN MANO,PIEDRA NATURAL,POTABLE,30106000.0
2025-07-28,Pedro Garcia,PLAN 36-60,BUENOS AIRES,5.0,82.1,CABAÑA,W.F,OBRA GRIS,MADERA,POTABLE,25171000.0
2024-04-18,Diego Martinez,CONTADO,MENDIOLAZA,53.0,71.5,MINIMALISTA,W.F,OBRA GRIS,LADRILLO,NO LE INTERESA,22299000.0
2025-06-16,Juan Lopez,PLAN 36-60,SANTIAGO DEL ESTERO,11.0,79.5,CABAÑA,W.F,OBRA GRIS,MADERA,POTABLE,26528000.0
2025-10-31,Ana Gonzalez,CONTADO,BUENOS AIRES,110.0,77.4,CABAÑA,W.F,LLAVE EN MANO,LADRILLO,NO LE INTERESA,36599000.0
2024-09-25,Juan Gonzalez,CONTADO,BUENOS AIRES,98.0,44.5,AMERICANA,E.E,OBRA GRIS,MADERA,NO LE INTERESA,12687000.0
2024-06-10,Maria Lopez,,SANTIAGO DEL ESTERO,5.0,67.0,CABAÑA,W.F,LLAVE EN MANO,LADRILLO,POTABLE,30504000.0
2024-09-16,Juan Gonzalez,NO SABE,SANTIAGO DEL ESTERO,6.0,20.5,CABAÑA,S.F,LLAVE EN MANO,MADERA,POTABLE,10310000.0
2024-04-11,Luis Sanchez,NO SABE,MENDIOLAZA,34.0,41.3,CABAÑA,S.F,LLAVE EN MANO,PIEDRA NATURAL,NO LE INTERESA,20098000.0
2025-05-20,Pedro Perez,PLAN 36-60,BUENOS AIRES,47.0,82.9,CABAÑA,E.E,LLAVE EN MANO,MADERA,POTABLE,32007000.0
2026-01-04,Lucia Perez,PLAN 36-60,ALTA GRACIA,16.0,47.3,AMERICANA,E.E,OBRA GRIS,LADRILLO,POTABLE,13624000.0
2025-07-24,Luis Gonzalez,CONTADO,CARLOS PAZ,63.0,20.0,AMERICANA,W.F,LLAVE EN MANO,MADERA,POTABLE,8681000.0
2024-09-03,Luis Romero,PLAN 36-60,CARLOS PAZ,45.0,95.3,CABAÑA,E.E,LLAVE EN MANO,PIEDRA NATURAL,NO LE INTERESA,38867000.0
2025-10-01,Maria Rodriguez,CONTADO,LA PLATA,20.0,66.2,MINIMALISTA,E.E,OBRA GRIS,LADRILLO,VENDIDO,18456000.0
2025-06-20,Lucia Romero,CONTADO,CARLOS PAZ,5.0,70.3,MINIMALISTA,E.E,OBRA GRIS,PIEDRA NATURAL,NO LE INTERESA,19700000.0
2024-05-10,Jorge Lopez,PLAN 36-60,BUENOS AIRES,69.0,35.4,CABAÑA,S.F,LLAVE EN MANO,MADERA,POTABLE,17684000.0
2024-12-18,Elena Rodriguez,CONTADO,CARLOS PAZ,12.0,60.7,AMERICANA,W.F,OBRA GRIS,LADRILLO,NO LE INTERESA,19122000.0
2024-07-14,Maria Martinez,CONTADO,BUENOS AIRES,90.0,60.2,CABAÑA,E.E,OBRA GRIS,MADERA,POTABLE,17156000.0
2025-10-27,Lucia Rodriguez,FINANCIACION PROPIA,LA PLATA,27.0,38.6,CABAÑA,W.F,LLAVE EN MANO,LADRILLO,POTABLE,17778000.0
2025-01-16,Ana Rodriguez,CONTADO,CARLOS PAZ,43.0,51.6,AMERICANA,W.F,OBRA GRIS,PIEDRA NATURAL,NO LE INTERESA,16042000.0
2025-10-06,Juan Romero,CONTADO,CARLOS PAZ,103.0,25.0,MINIMALISTA,W.F,LLAVE EN MANO,PIEDRA NATURAL,NO LE INTERESA,11448000.0
2024-08-14,Maria Sanchez,CONTADO,CÓRDOBA CAPITAL,100.0,48.1,CABAÑA,S.F,LLAVE EN MANO,PIEDRA NATURAL,POTABLE,23314000.0
2025-12-01,Juan Martinez,CONTADO,MENDIOLAZA,23.0,74.5,AMERICANA,W.F,OBRA GRIS,,VENDIDO,24161000.0
2025-04-20,Juan Rodriguez,CONTADO,LA PLATA,12.0,40.1,AMERICANA,W.F,OBRA GRIS,LADRILLO,POTABLE,12311000.0
2025-04-21,Ana Sanchez,FINANCIACION PROPIA,CÓRDOBA CAPITAL,75.0,93.1,CABAÑA,E.E,OBRA GRIS,PIEDRA NATURAL,NO LE INTERESA,26816000.0
2024-09-21,Ana Gonzalez,CONTADO,ALTA GRACIA,28.0,26.3,AMERICANA,E.E,LLAVE EN MANO,MADERA,NO LE INTERESA,10008000.0
2025-01-06,Ana Martinez,FINANCIACION PROPIA,LA PLATA,11.0,49.8,CABAÑA,S.F,OBRA GRIS,MADERA,POTABLE,17777000.0
2025-04-30,Jorge Sanchez,CONTADO,BUENOS AIRES,117.0,41.9,MINIMALISTA,W.F,LLAVE EN MANO,LADRILLO,POTABLE,19576000.0
2025-03-09,Carla Martinez,PLAN 36-60,MENDIOLAZA,11.0,51.4,CABAÑA,S.F,OBRA GRIS,PIEDRA NATURAL,POTABLE,18461000.0
2025-10-07,Pedro Perez,PLAN 36-60,CARLOS PAZ,5.0,82.4,MINIMALISTA,W.F,LLAVE EN MANO,MADERA,VENDIDO,38333000.0
2024-07-29,Diego Sanchez,PLAN 36-60,BUENOS AIRES,5.0,35.3,AMERICANA,S.F,OBRA GRIS,PIEDRA NATURAL,NO LE INTERESA,12125000.0
2025-07-25,Lucia Gonzalez,PLAN 36-60,CARLOS PAZ,49.0,46.0,CABAÑA,W.F,LLAVE EN MANO,LADRILLO,POTABLE,21782000.0
2025-01-11,Ana Garcia,NO SABE,CÓRDOBA CAPITAL,54.0,68.1,AMERICANA,E.E,OBRA GRIS,PIEDRA NATURAL,NO LE INTERESA,18237000.0
2025-01-29,Carla Romero,CONTADO,CÓRDOBA CAPITAL,19.0,56.9,CABAÑA,S.F,OBRA GRIS,PIEDRA NATURAL,NO LE INTERESA,19906000.0
2025-03-25,Luis Gonzalez,PLAN 36-60,ALTA GRACIA,19.0,58.5,AMERICANA,E.E,OBRA GRIS,MADERA,POTABLE,16032000.0
2024-12-29,Pedro Martinez,FINANCIACION PROPIA,ALTA GRACIA,21.0,35.7,MINIMALISTA,W.F,OBRA GRIS,MADERA,NO LE INTERESA,11803000.0
2025-04-01,Lucia Perez,CONTADO,MENDIOLAZA,57.0,53.6,CABAÑA,S.F,OBRA GRIS,LADRILLO,NO LE INTERESA,19421000.0
2025-12-25,Luis Gonzalez,CONTADO,CARLOS PAZ,5.0,77.6,AMERICANA,E.E,LLAVE EN MANO,LADRILLO,POTABLE,31408000.0
2025-12-28,Jorge Rodriguez,CONTADO,BUENOS AIRES,132.0,22.8,CABAÑA,E.E,LLAVE EN MANO,LADRILLO,NO LE INTERESA,8950000.0
2024-08-13,Pedro Sanchez,PLAN 36-60,SANTIAGO DEL ESTERO,13.0,41.1,CABAÑA,E.E,OBRA GRIS,MADERA,POTABLE,11267000.0
2024-05-10,Jorge Lopez,CONTADO,BUENOS AIRES,401.0,20.0,MINIMALISTA,W.F,LLAVE EN MANO,LADRILLO,NO LE INTERESA,9788000.0
2025-08-10,Ana Rodriguez,CONTADO,ALTA GRACIA,9.0,65.7,AMERICANA,S.F,LLAVE EN MANO,LADRILLO,POTABLE,33586000.0
2025-04-20,Elena Lopez,PLAN 36-60,CARLOS PAZ,74.0,79.5,CABAÑA,E.E,OBRA GRIS,MADERA,POTABLE,21821000.0
2024-10-03,Juan Garcia,PLAN 36-60,BUENOS AIRES,13.0,51.3,CABAÑA,W.F,OBRA GRIS,LADRILLO,VENDIDO,17217000.0
2024-06-04,Juan Rodriguez,CONTADO,BUENOS AIRES,5.0,34.9,CABAÑA,W.F,LLAVE EN MANO,MADERA,NO LE INTERESA,15884000.0
2026-01-29,Jorge Gonzalez,CONTADO,ALTA GRACIA,104.0,35.5,CABAÑA,W.F,LLAVE EN MANO,LADRILLO,POTABLE,16544000.0
2024-08-05,Ana Garcia,PLAN 36-60,BUENOS AIRES,98.0,49.1,CABAÑA,S.F,OBRA GRIS,MADERA,NO LE INTERESA,17228000.0
2024-07-08,Jorge Rodriguez,NO SABE,BUENOS AIRES,26.0,49.0,AMERICANA,W.F,OBRA GRIS,PIEDRA NATURAL,NO LE INTERESA,16302000.0
2025-02-20,Pedro Martinez,PLAN 36-60,LA PLATA,61.0,,CABAÑA,W.F,OBRA GRIS,MADERA,POTABLE,24775000.0
2025-11-05,Pedro Romero,FINANCIACION PROPIA,CÓRDOBA CAPITAL,41.0,41.6,CABAÑA,S.F,LLAVE EN MANO,MADERA,NO LE INTERESA,19772000.0
2025-11-22,Luis Gonzalez,CONTADO,CARLOS PAZ,96.0,63.7,CABAÑA,S.F,OBRA GRIS,MADERA,NO LE INTERESA,22182000.0
2025-06-29,Pedro Rodriguez,CONTADO,BUENOS AIRES,19.0,48.9,AMERICANA,W.F,LLAVE EN MANO,,NO LE INTERESA,22873000.0
2024-02-10,Carla Romero,,ALTA GRACIA,37.0,40.1,CABAÑA,W.F,OBRA GRIS,MADERA,NO LE INTERESA,12548000.0
2024-11-02,Maria Perez,FINANCIACION PROPIA,CÓRDOBA CAPITAL,33.0,48.4,CABAÑA,E.E,OBRA GRIS,MADERA,NO LE INTERESA,13483000.0
2024-12-03,Carla Rodriguez,PLAN 36-60,BUENOS AIRES,22.0,61.7,MINIMALISTA,S.F,LLAVE EN MANO,LADRILLO,VENDIDO,29255000.0
2024-11-09,Carla Perez,FINANCIACION PROPIA,BUENOS AIRES,111.0,73.3,MINIMALISTA,S.F,OBRA GRIS,PIEDRA NATURAL,NO LE INTERESA,26205000.0
2024-03-15,Carla Martinez,NO SABE,SANTIAGO DEL ESTERO,9.0,50.0,CABAÑA,E.E,LLAVE EN MANO,MADERA,POTABLE,19100000.0
2024-10-05,Luis Sanchez,CONTADO,ALTA GRACIA,8.0,30.9,CABAÑA,W.F,LLAVE EN MANO,LADRILLO,VENDIDO,13776000.0
2024-06-24,Luis Lopez,CONTADO,CARLOS PAZ,43.0,75.0,MINIMALISTA,W.F,LLAVE EN MANO,PIEDRA NATURAL,POTABLE,33844000.0
2025-10-23,Juan Martinez,CONTADO,LA PLATA,54.0,37.0,AMERICANA,W.F,OBRA GRIS,MADERA,NO LE INTERESA,11752000.0
2024-09-29,Jorge Lopez,CONTADO,CÓRDOBA CAPITAL,11.0,60.2,AMERICANA,W.F,OBRA GRIS,PIEDRA NATURAL,NO LE INTERESA,19750000.0
2025-09-11,Maria Rodriguez,CONTADO,CÓRDOBA CAPITAL,25.0,54.5,MINIMALISTA,E.E,OBRA GRIS,MADERA,NO LE INTERESA,14703000.0
2025-10-12,Carla Romero,FINANCIACION PROPIA,LA PLATA,146.0,51.8,CABAÑA,S.F,LLAVE EN MANO,MADERA,POTABLE,26573000.0
2026-02-21,Maria Martinez,CONTADO,CARLOS PAZ,14.0,45.3,MINIMALISTA,S.F,OBRA GRIS,PIEDRA NATURAL,VENDIDO,15846000.0
2024-10-15,Maria Martinez,,MENDIOLAZA,55.0,67.4,AMERICANA,W.F,OBRA GRIS,PIEDRA NATURAL,POTABLE,21944000.0
2025-12-24,Jorge Rodriguez,CONTADO,SANTIAGO DEL ESTERO,67.0,20.0,MINIMALISTA,E.E,OBRA GRIS,PIEDRA NATURAL,POTABLE,5770000.0
2024-09-28,Maria Rodriguez,NO SABE,MENDIOLAZA,30.0,77.7,AMERICANA,W.F,OBRA GRIS,MADERA,NO LE INTERESA,23961000.0
2024-03-06,Maria Perez,PLAN 36-60,BUENOS AIRES,139.0,36.7,CABAÑA,W.F,OBRA GRIS,MADERA,POTABLE,12335000.0
2025-04-27,Luis Martinez,NO SABE,LA PLATA,67.0,63.2,CABAÑA,E.E,LLAVE EN MANO,LADRILLO,NO LE INTERESA,25984000.0
2024-09-04,Luis Martinez,NO SABE,SANTIAGO DEL ESTERO,31.0,62.1,CABAÑA,E.E,OBRA GRIS,LADRILLO,POTABLE,17469000.0
2024-06-04,Diego Garcia,,CARLOS PAZ,42.0,80.5,AMERICANA,S.F,OBRA GRIS,LADRILLO,VENDIDO,27930000.0
2024-02-16,Maria Lopez,CONTADO,ALTA GRACIA,59.0,59.0,MINIMALISTA,S.F,OBRA GRIS,MADERA,VENDIDO,21329000.0
2025-03-29,Carla Rodriguez,CONTADO,ALTA GRACIA,45.0,38.4,CABAÑA,W.F,LLAVE EN MANO,PIEDRA NATURAL,NO LE INTERESA,17761000.0
2024-07-19,Ana Rodriguez,CONTADO,MENDIOLAZA,105.0,22.9,AMERICANA,W.F,OBRA GRIS,LADRILLO,NO LE INTERESA,7645000.0
2025-10-21,Carla Gonzalez,FINANCIACION PROPIA,CARLOS PAZ,22.0,48.0,CABAÑA,S.F,LLAVE EN MANO,MADERA,NO LE INTERESA,24649000.0
2024-05-03,Diego Rodriguez,CONTADO,SANTIAGO DEL ESTERO,18.0,20.0,MINIMALISTA,E.E,LLAVE EN MANO,PIEDRA NATURAL,POTABLE,7931000.0
2024-01-01,Luis Romero,,MENDIOLAZA,12.0,42.4,CABAÑA,W.F,OBRA GRIS,,POTABLE,13327000.0
2026-01-28,Carla Gonzalez,PLAN 36-60,LA PLATA,5.0,49.1,AMERICANA,W.F,LLAVE EN MANO,PIEDRA NATURAL,NO LE INTERESA,21090000.0
2025-10-01,Ana Perez,PLAN 36-60,MENDIOLAZA,5.0,41.2,AMERICANA,E.E,LLAVE EN MANO,,NO LE INTERESA,16083000.0
2024-07-09,Carla Perez,PLAN 36-60,CARLOS PAZ,102.0,55.8,CABAÑA,W.F,LLAVE EN MANO,LADRILLO,NO LE INTERESA,25693000.0
2025-08-01,Juan Perez,CONTADO,BUENOS AIRES,57.0,50.3,CABAÑA,E.E,OBRA GRIS,LADRILLO,NO LE INTERESA,13705000.0
2025-05-30,Juan Gonzalez,FINANCIACION PROPIA,CARLOS PAZ,54.0,48.4,AMERICANA,S.F,LLAVE EN MANO,MADERA,POTABLE,22668000.0
2025-03-17,Diego Garcia,PLAN 36-60,ALTA GRACIA,48.0,20.0,CABAÑA,S.F,OBRA GRIS,PIEDRA NATURAL,POTABLE,7361000.0
2024-05-22,Juan Gonzalez,CONTADO,LA PLATA,95.0,29.1,CABAÑA,S.F,OBRA GRIS,LADRILLO,POTABLE,10123000.0
2024-07-09,Carla Sanchez,FINANCIACION PROPIA,ALTA GRACIA,33.0,67.9,CABAÑA,S.F,LLAVE EN MANO,LADRILLO,NO LE INTERESA,33207000.0
2025-06-16,Diego Perez,NO SABE,SANTIAGO DEL ESTERO,102.0,,MINIMALISTA,S.F,LLAVE EN MANO,PIEDRA NATURAL,NO LE INTERESA,33561000.0
2024-08-14,Luis Perez,CONTADO,SANTIAGO DEL ESTERO,22.0,20.0,MINIMALISTA,W.F,LLAVE EN MANO,PIEDRA NATURAL,NO LE INTERESA,8942000.0
2024-11-08,Pedro Garcia,CONTADO,CÓRDOBA CAPITAL,131.0,38.7,MINIMALISTA,S.F,OBRA GRIS,PIEDRA NATURAL,NO LE INTERESA,13637000.0
2025-09-20,Luis Rodriguez,PLAN 36-60,CARLOS PAZ,60.0,76.4,CABAÑA,W.F,OBRA GRIS,LADRILLO,POTABLE,25685000.0
2024-10-28,Elena Rodriguez,CONTADO,LA PLATA,15.0,40.6,AMERICANA,W.F,LLAVE EN MANO,LADRILLO,POTABLE,18995000.0
2025-10-15,Diego Lopez,FINANCIACION PROPIA,LA PLATA,42.0,52.8,CABAÑA,E.E,LLAVE EN MANO,MADERA,POTABLE,20115000.0
2025-04-04,Juan Lopez,CONTADO,ALTA GRACIA,38.0,83.8,CABAÑA,W.F,OBRA GRIS,PIEDRA NATURAL,POTABLE,27192000.0
2025-02-04,Jorge Gonzalez,FINANCIACION PROPIA,MENDIOLAZA,7.0,47.8,MINIMALISTA,W.F,OBRA GRIS,LADRILLO,POTABLE,15758000.0
2025-07-04,Diego Lopez,PLAN 36-60,MENDIOLAZA,45.0,44.9,AMERICANA,S.F,OBRA GRIS,LADRILLO,POTABLE,15454000.0
2025-01-27,Ana Garcia,PLAN 36-60,ALTA GRACIA,19.0,51.9,MINIMALISTA,S.F,LLAVE EN MANO,PIEDRA NATURAL,NO LE INTERESA,25191000.0
2026-02-02,Pedro Sanchez,CONTADO,BUENOS AIRES,5.0,92.1,AMERICANA,E.E,LLAVE EN MANO,LADRILLO,NO LE INTERESA,37862000.0
2024-07-25,Ana Sanchez,CONTADO,MENDIOLAZA,148.0,63.9,CABAÑA,E.E,OBRA GRIS,PIEDRA NATURAL,POTABLE,18584000.0
2024-07-28,Maria Perez,CONTADO,LA PLATA,51.0,55.4,CABAÑA,W.F,OBRA GRIS,LADRILLO,NO LE INTERESA,17803000.0
2024-04-24,Luis Romero,CONTADO,ALTA GRACIA,105.0,44.5,CABAÑA,E.E,LLAVE EN MANO,PIEDRA NATURAL,POTABLE,17661000.0
2026-01-06,Luis Sanchez,CONTADO,MENDIOLAZA,56.0,65.8,AMERICANA,S.F,OBRA GRIS,PIEDRA NATURAL,NO LE INTERESA,23405000.0
2025-10-07,Maria Sanchez,FINANCIACION PROPIA,CÓRDOBA CAPITAL,22.0,68.2,MINIMALISTA,S.F,LLAVE EN MANO,LADRILLO,POTABLE,33447000.0
2024-09-07,Carla Rodriguez,,CARLOS PAZ,36.0,33.5,MINIMALISTA,S.F,OBRA GRIS,PIEDRA NATURAL,VENDIDO,11675000.0
2024-08-06,Ana Perez,FINANCIACION PROPIA,CÓRDOBA CAPITAL,56.0,68.7,MINIMALISTA,W.F,OBRA GRIS,,POTABLE,21893000.0
2025-02-10,Juan Lopez,PLAN 36-60,MENDIOLAZA,161.0,52.0,AMERICANA,W.F,OBRA GRIS,MADERA,NO LE INTERESA,16423000.0
2025-03-18,Jorge Rodriguez,FINANCIACION PROPIA,SANTIAGO DEL ESTERO,15.0,,AMERICANA,E.E,OBRA GRIS,PIEDRA NATURAL,NO LE INTERESA,16300000.0
2025-08-25,Diego Gonzalez,NO SABE,LA PLATA,104.0,37.3,CABAÑA,S.F,LLAVE EN MANO,MADERA,NO LE INTERESA,17680000.0
2024-12-19,Carla Perez,CONTADO,CÓRDOBA CAPITAL,129.0,47.0,MINIMALISTA,W.F,OBRA GRIS,LADRILLO,VENDIDO,15482000.0
2025-07-11,Juan Romero,FINANCIACION PROPIA,CÓRDOBA CAPITAL,55.0,34.4,AMERICANA,W.F,OBRA GRIS,LADRILLO,POTABLE,11672000.0
2025-07-03,Jorge Gonzalez,PLAN 36-60,ALTA GRACIA,134.0,33.4,MINIMALISTA,E.E,LLAVE EN MANO,PIEDRA NATURAL,POTABLE,13128000.0
2024-05-21,Jorge Garcia,FINANCIACION PROPIA,ALTA GRACIA,25.0,62.5,MINIMALISTA,S.F,LLAVE EN MANO,LADRILLO,POTABLE,29903000.0
2025-09-03,Carla Sanchez,PLAN 36-60,ALTA GRACIA,153.0,47.9,AMERICANA,S.F,LLAVE EN MANO,LADRILLO,NO LE INTERESA,24780000.0
2025-05-15,Maria Romero,PLAN 36-60,MENDIOLAZA,61.0,29.0,AMERICANA,E.E,OBRA GRIS,MADERA,POTABLE,8459000.0
2025-12-02,Elena Romero,CONTADO,BUENOS AIRES,5.0,98.5,CABAÑA,E.E,LLAVE EN MANO,LADRILLO,POTABLE,39218000.0
2025-06-30,Lucia Perez,,BUENOS AIRES,119.0,32.5,CABAÑA,E.E,OBRA GRIS,LADRILLO,NO LE INTERESA,9382000.0
2025-10-20,Jorge Lopez,PLAN 36-60,SANTIAGO DEL ESTERO,33.0,76.8,CABAÑA,E.E,LLAVE EN MANO,MADERA,NO LE INTERESA,29733000.0
2025-06-25,Maria Rodriguez,NO SABE,CÓRDOBA CAPITAL,31.0,25.5,MINIMALISTA,S.F,OBRA GRIS,PIEDRA NATURAL,POTABLE,9098000.0
2025-05-21,Carla Sanchez,FINANCIACION PROPIA,CARLOS PAZ,42.0,64.1,MINIMALISTA,S.F,LLAVE EN MANO,PIEDRA NATURAL,NO LE INTERESA,32180000.0
2025-08-18,Carla Lopez,CONTADO,ALTA GRACIA,8.0,50.0,CABAÑA,E.E,LLAVE EN MANO,MADERA,POTABLE,18694000.0
2024-10-07,Pedro Romero,FINANCIACION PROPIA,SANTIAGO DEL ESTERO,32.0,42.4,MINIMALISTA,W.F,LLAVE EN MANO,MADERA,POTABLE,18429000.0
2025-02-27,Luis Romero,FINANCIACION PROPIA,MENDIOLAZA,89.0,58.9,MINIMALISTA,W.F,OBRA GRIS,LADRILLO,NO LE INTERESA,18746000.0
2024-09-26,Carla Rodriguez,CONTADO,SANTIAGO DEL ESTERO,5.0,56.2,MINIMALISTA,S.F,OBRA GRIS,LADRILLO,NO LE INTERESA,19329000.0
2024-06-02,Diego Romero,CONTADO,ALTA GRACIA,16.0,38.8,MINIMALISTA,S.F,LLAVE EN MANO,PIEDRA NATURAL,NO LE INTERESA,19798000.0
2025-09-05,Lucia Martinez,CONTADO,LA PLATA,5.0,37.8,AMERICANA,E.E,OBRA GRIS,PIEDRA NATURAL,NO LE INTERESA,10787000.0
2025-12-27,Juan Rodriguez,FINANCIACION PROPIA,CÓRDOBA CAPITAL,27.0,23.5,AMERICANA,W.F,OBRA GRIS,MADERA,POTABLE,7511000.0
2025-10-23,Ana Sanchez,FINANCIACION PROPIA,ALTA GRACIA,65.0,61.1,CABAÑA,S.F,OBRA GRIS,LADRILLO,NO LE INTERESA,22147000.0
2024-03-23,Maria Perez,CONTADO,CARLOS PAZ,80.0,29.9,CABAÑA,W.F,OBRA GRIS,MADERA,VENDIDO,9575000.0
2025-09-13,Maria Martinez,CONTADO,CÓRDOBA CAPITAL,145.0,55.1,MINIMALISTA,E.E,OBRA GRIS,PIEDRA NATURAL,POTABLE,16413000.0
2025-03-01,Diego Rodriguez,FINANCIACION PROPIA,SANTIAGO DEL ESTERO,47.0,66.8,MINIMALISTA,S.F,LLAVE EN MANO,PIEDRA NATURAL,NO LE INTERESA,33726000.0
2024-10-01,Pedro Garcia,NO SABE,BUENOS AIRES,15.0,59.2,AMERICANA,S.F,OBRA GRIS,MADERA,NO LE INTERESA,21382000.0
2025-12-13,Ana Perez,FINANCIACION PROPIA,CARLOS PAZ,129.0,40.5,MINIMALISTA,W.F,LLAVE EN MANO,LADRILLO,POTABLE,18010000.0
2024-10-10,Luis Garcia,PLAN 36-60,CÓRDOBA CAPITAL,75.0,73.2,MINIMALISTA,W.F,LLAVE EN MANO,LADRILLO,NO LE INTERESA,31936000.0
2024-06-21,Diego Romero,CONTADO,CARLOS PAZ,43.0,46.8,CABAÑA,S.F,LLAVE EN MANO,MADERA,NO LE INTERESA,22742000.0
2024-11-22,Pedro Lopez,PLAN 36-60,SANTIAGO DEL ESTERO,59.0,28.3,MINIMALISTA,W.F,OBRA GRIS,PIEDRA NATURAL,POTABLE,9049000.0
2025-12-18,Ana Sanchez,CONTADO,ALTA GRACIA,129.0,49.3,AMERICANA,W.F,OBRA GRIS,MADERA,POTABLE,16502000.0
2024-03-03,Ana Rodriguez,FINANCIACION PROPIA,BUENOS AIRES,62.0,66.7,MINIMALISTA,E.E,LLAVE EN MANO,MADERA,VENDIDO,25385000.0
2024-03-13,Elena Perez,CONTADO,CARLOS PAZ,23.0,41.5,MINIMALISTA,W.F,LLAVE EN MANO,LADRILLO,POTABLE,18794000.0
2026-02-01,Jorge Romero,FINANCIACION PROPIA,ALTA GRACIA,62.0,72.6,MINIMALISTA,S.F,LLAVE EN MANO,PIEDRA NATURAL,NO LE INTERESA,36124000.0
2025-09-27,Maria Garcia,CONTADO,BUENOS AIRES,5.0,39.6,MINIMALISTA,E.E,LLAVE EN MANO,PIEDRA NATURAL,NO LE INTERESA,15352000.0
2025-01-09,Lucia Garcia,FINANCIACION PROPIA,SANTIAGO DEL ESTERO,24.0,,MINIMALISTA,S.F,OBRA GRIS,LADRILLO,POTABLE,14397000.0
2025-09-24,Juan Lopez,CONTADO,BUENOS AIRES,26.0,34.1,AMERICANA,E.E,LLAVE EN MANO,PIEDRA NATURAL,VENDIDO,13937000.0
2025-05-22,Luis Gonzalez,PLAN 36-60,SANTIAGO DEL ESTERO,9.0,68.7,CABAÑA,E.E,LLAVE EN MANO,PIEDRA NATURAL,NO LE INTERESA,25971000.0
2026-02-25,Jorge Lopez,PLAN 36-60,CARLOS PAZ,5.0,53.9,MINIMALISTA,W.F,OBRA GRIS,,NO LE INTERESA,17023000.0
2025-02-01,Elena Rodriguez,CONTADO,CARLOS PAZ,7.0,35.4,CABAÑA,W.F,LLAVE EN MANO,PIEDRA NATURAL,NO LE INTERESA,16379000.0
2024-04-29,Juan Romero,NO SABE,SANTIAGO DEL ESTERO,53.0,47.1,CABAÑA,S.F,OBRA GRIS,PIEDRA NATURAL,NO LE INTERESA,16739000.0
2025-03-12,Juan Romero,PLAN 36-60,CARLOS PAZ,81.0,20.0,AMERICANA,W.F,LLAVE EN MANO,MADERA,VENDIDO,9348000.0
2025-11-06,Elena Rodriguez,PLAN 36-60,CARLOS PAZ,222.0,70.6,CABAÑA,E.E,OBRA GRIS,PIEDRA NATURAL,POTABLE,20722000.0
2025-04-09,Elena Rodriguez,FINANCIACION PROPIA,CARLOS PAZ,21.0,51.6,MINIMALISTA,W.F,OBRA GRIS,MADERA,NO LE INTERESA,17305000.0
2024-10-12,Jorge Garcia,FINANCIACION PROPIA,MENDIOLAZA,46.0,20.0,MINIMALISTA,S.F,OBRA GRIS,MADERA,POTABLE,6931000.0
2024-09-21,Maria Lopez,PLAN 36-60,CARLOS PAZ,138.0,25.9,MINIMALISTA,E.E,LLAVE EN MANO,MADERA,POTABLE,10333000.0
2024-11-15,Maria Perez,NO SABE,CÓRDOBA CAPITAL,9.0,46.6,MINIMALISTA,S.F,OBRA GRIS,LADRILLO,POTABLE,16631000.0
2025-11-03,Diego Martinez,CONTADO,SANTIAGO DEL ESTERO,63.0,28.7,AMERICANA,W.F,LLAVE EN MANO,LADRILLO,NO LE INTERESA,13417000.0
2025-01-10,Carla Lopez,CONTADO,SANTIAGO DEL ESTERO,70.0,70.9,CABAÑA,E.E,OBRA GRIS,PIEDRA NATURAL,VENDIDO,20112000.0
2024-03-29,Pedro Martinez,PLAN 36-60,LA PLATA,5.0,63.4,AMERICANA,S.F,OBRA GRIS,,NO LE INTERESA,22228000.0
2025-10-15,Maria Romero,CONTADO,ALTA GRACIA,99.0,62.2,CABAÑA,W.F,OBRA GRIS,PIEDRA NATURAL,NO LE INTERESA,20564000.0
2024-07-21,Maria Lopez,PLAN 36-60,LA PLATA,84.0,20.0,AMERICANA,W.F,LLAVE EN MANO,PIEDRA NATURAL,NO LE INTERESA,9034000.0
2026-01-08,Luis Lopez,CONTADO,CARLOS PAZ,5.0,44.5,AMERICANA,S.F,OBRA GRIS,PIEDRA NATURAL,NO LE INTERESA,16196000.0
2024-11-29,Lucia Perez,PLAN 36-60,CARLOS PAZ,5.0,41.0,AMERICANA,E.E,OBRA GRIS,PIEDRA NATURAL,NO LE INTERESA,11157000.0
2024-08-09,Jorge Lopez,FINANCIACION PROPIA,BUENOS AIRES,5.0,35.9,MINIMALISTA,S.F,OBRA GRIS,PIEDRA NATURAL,VENDIDO,13055000.0
2024-02-10,Luis Rodriguez,PLAN 36-60,CÓRDOBA CAPITAL,20.0,46.7,MINIMALISTA,W.F,OBRA GRIS,MADERA,POTABLE,15284000.0
2025-12-08,Ana Garcia,NO SABE,CÓRDOBA CAPITAL,36.0,32.5,AMERICANA,S.F,LLAVE EN MANO,MADERA,POTABLE,16140000.0
2024-03-08,Elena Lopez,FINANCIACION PROPIA,CÓRDOBA CAPITAL,38.0,59.3,CABAÑA,W.F,LLAVE EN MANO,MADERA,POTABLE,26709000.0
2026-02-14,Luis Garcia,CONTADO,CÓRDOBA CAPITAL,16.0,70.3,CABAÑA,E.E,OBRA GRIS,MADERA,POTABLE,19028000.0
2025-05-28,Luis Romero,,CÓRDOBA CAPITAL,121.0,68.6,MINIMALISTA,S.F,OBRA GRIS,LADRILLO,NO LE INTERESA,25074000.0
2025-09-28,Luis Gonzalez,CONTADO,CÓRDOBA CAPITAL,23.0,52.2,AMERICANA,E.E,OBRA GRIS,MADERA,VENDIDO,13995000.0
2025-09-13,Maria Gonzalez,FINANCIACION PROPIA,CÓRDOBA CAPITAL,5.0,95.0,MINIMALISTA,S.F,OBRA GRIS,MADERA,NO LE INTERESA,32492000.0
2025-08-20,Carla Gonzalez,CONTADO,CÓRDOBA CAPITAL,18.0,77.8,MINIMALISTA,W.F,LLAVE EN MANO,MADERA,NO LE INTERESA,33729000.0
2025-09-23,Maria Romero,CONTADO,BUENOS AIRES,38.0,,MINIMALISTA,E.E,OBRA GRIS,LADRILLO,POTABLE,14311000.0
2024-05-06,Elena Sanchez,NO SABE,MENDIOLAZA,26.0,45.4,AMERICANA,W.F,OBRA GRIS,PIEDRA NATURAL,NO LE INTERESA,14497000.0
2024-09-11,Lucia Perez,PLAN 36-60,CÓRDOBA CAPITAL,16.0,81.8,AMERICANA,S.F,LLAVE EN MANO,LADRILLO,POTABLE,38744000.0
2025-11-25,Elena Martinez,CONTADO,SANTIAGO DEL ESTERO,7.0,75.2,MINIMALISTA,W.F,OBRA GRIS,MADERA,NO LE INTERESA,24422000.0
2024-01-16,Pedro Garcia,CONTADO,CÓRDOBA CAPITAL,86.0,26.8,AMERICANA,S.F,OBRA GRIS,MADERA,NO LE INTERESA,9630000.0
2025-04-21,Ana Lopez,FINANCIACION PROPIA,ALTA GRACIA,278.0,,CABAÑA,E.E,LLAVE EN MANO,LADRILLO,NO LE INTERESA,31648000.0
2024-03-02,Diego Martinez,FINANCIACION PROPIA,CÓRDOBA CAPITAL,20.0,51.9,CABAÑA,W.F,OBRA GRIS,PIEDRA NATURAL,NO LE INTERESA,16406000.0
2025-03-07,Lucia Sanchez,CONTADO,MENDIOLAZA,24.0,37.8,MINIMALISTA,W.F,LLAVE EN MANO,LADRILLO,NO LE INTERESA,16750000.0
2025-10-31,Juan Garcia,PLAN 36-60,BUENOS AIRES,48.0,20.0,CABAÑA,S.F,OBRA GRIS,LADRILLO,POTABLE,6893000.0
2024-09-24,Luis Sanchez,FINANCIACION PROPIA,CARLOS PAZ,63.0,,MINIMALISTA,S.F,LLAVE EN MANO,MADERA,NO LE INTERESA,25086000.0
2024-02-04,Lucia Perez,FINANCIACION PROPIA,MENDIOLAZA,25.0,54.8,MINIMALISTA,S.F,LLAVE EN MANO,LADRILLO,VENDIDO,26696000.0
2026-02-17,Elena Lopez,FINANCIACION PROPIA,MENDIOLAZA,118.0,86.7,MINIMALISTA,E.E,OBRA GRIS,LADRILLO,VENDIDO,24581000.0
2025-07-29,Pedro Romero,PLAN 36-60,CARLOS PAZ,41.0,74.1,AMERICANA,W.F,OBRA GRIS,LADRILLO,POTABLE,23622000.0
2025-05-08,Pedro Martinez,NO SABE,CÓRDOBA CAPITAL,30.0,43.3,AMERICANA,S.F,OBRA GRIS,LADRILLO,NO LE INTERESA,14678000.0
2025-07-15,Elena Sanchez,CONTADO,BUENOS AIRES,52.0,62.8,AMERICANA,S.F,OBRA GRIS,LADRILLO,POTABLE,21181000.0
2025-04-13,Pedro Martinez,CONTADO,BUENOS AIRES,153.0,71.5,AMERICANA,W.F,LLAVE EN MANO,LADRILLO,POTABLE,33657000.0
2026-02-05,Lucia Martinez,FINANCIACION PROPIA,CÓRDOBA CAPITAL,79.0,56.7,MINIMALISTA,E.E,OBRA GRIS,MADERA,NO LE INTERESA,15619000.0
2025-10-22,Jorge Martinez,PLAN 36-60,CARLOS PAZ,5.0,43.3,AMERICANA,W.F,OBRA GRIS,MADERA,NO LE INTERESA,14566000.0
2024-11-20,Ana Gonzalez,FINANCIACION PROPIA,ALTA GRACIA,20.0,44.4,CABAÑA,S.F,OBRA GRIS,MADERA,NO LE INTERESA,16266000.0
2024-10-30,Luis Garcia,CONTADO,LA PLATA,32.0,62.7,CABAÑA,W.F,LLAVE EN MANO,MADERA,POTABLE,28253000.0
2024-10-02,Diego Garcia,FINANCIACION PROPIA,SANTIAGO DEL ESTERO,19.0,63.3,AMERICANA,S.F,LLAVE EN MANO,LADRILLO,VENDIDO,32469000.0
2025-11-14,Jorge Garcia,CONTADO,CARLOS PAZ,60.0,49.1,CABAÑA,S.F,LLAVE EN MANO,LADRILLO,NO LE INTERESA,23010000.0
2024-07-19,Carla Lopez,PLAN 36-60,CÓRDOBA CAPITAL,88.0,20.0,CABAÑA,W.F,LLAVE EN MANO,LADRILLO,NO LE INTERESA,8774000.0
2025-03-20,Ana Romero,CONTADO,SANTIAGO DEL ESTERO,66.0,29.2,AMERICANA,W.F,LLAVE EN MANO,LADRILLO,NO LE INTERESA,12922000.0
2024-11-19,Ana Romero,PLAN 36-60,CÓRDOBA CAPITAL,227.0,67.4,MINIMALISTA,E.E,OBRA GRIS,MADERA,VENDIDO,18654000.0
2024-02-04,Ana Garcia,FINANCIACION PROPIA,LA PLATA,16.0,20.0,MINIMALISTA,S.F,OBRA GRIS,MADERA,VENDIDO,6850000.0
2025-04-26,Carla Garcia,CONTADO,LA PLATA,104.0,78.7,MINIMALISTA,S.F,OBRA GRIS,LADRILLO,NO LE INTERESA,27569000.0
2025-12-28,Elena Rodriguez,CONTADO,CARLOS PAZ,73.0,75.7,AMERICANA,S.F,LLAVE EN MANO,LADRILLO,NO LE INTERESA,35576000.0
2025-04-24,Diego Rodriguez,PLAN 36-60,SANTIAGO DEL ESTERO,22.0,,MINIMALISTA,S.F,OBRA GRIS,LADRILLO,NO LE INTERESA,19671000.0
2024-03-05,Diego Lopez,FINANCIACION PROPIA,MENDIOLAZA,66.0,67.0,MINIMALISTA,S.F,LLAVE EN MANO,LADRILLO,POTABLE,32302000.0
2024-01-08,Juan Romero,CONTADO,BUENOS AIRES,5.0,65.6,CABAÑA,W.F,LLAVE EN MANO,PIEDRA NATURAL,POTABLE,28313000.0
2024-10-27,Elena Perez,CONTADO,BUENOS AIRES,78.0,52.7,MINIMALISTA,S.F,LLAVE EN MANO,PIEDRA NATURAL,NO LE INTERESA,26597000.0
2024-12-08,Elena Sanchez,CONTADO,SANTIAGO DEL ESTERO,38.0,27.5,AMERICANA,W.F,LLAVE EN MANO,PIEDRA NATURAL,NO LE INTERESA,12645000.0
2025-03-06,Diego Rodriguez,NO SABE,MENDIOLAZA,17.0,74.3,MINIMALISTA,E.E,LLAVE EN MANO,PIEDRA NATURAL,POTABLE,30006000.0
2025-02-27,Lucia Garcia,CONTADO,LA PLATA,53.0,83.1,CABAÑA,S.F,OBRA GRIS,LADRILLO,NO LE INTERESA,30446000.0
2024-11-27,Pedro Gonzalez,,CÓRDOBA CAPITAL,51.0,30.8,CABAÑA,E.E,OBRA GRIS,LADRILLO,NO LE INTERESA,8775000.0
2025-03-13,Maria Garcia,FINANCIACION PROPIA,BUENOS AIRES,12.0,26.8,CABAÑA,W.F,OBRA GRIS,LADRILLO,NO LE INTERESA,8896000.0
2025-08-10,Luis Romero,PLAN 36-60,MENDIOLAZA,5.0,52.3,CABAÑA,W.F,OBRA GRIS,PIEDRA NATURAL,NO LE INTERESA,16341000.0
2024-06-22,Pedro Rodriguez,CONTADO,MENDIOLAZA,28.0,42.5,MINIMALISTA,E.E,LLAVE EN MANO,PIEDRA NATURAL,POTABLE,16552000.0
2025-07-12,Lucia Romero,NO SABE,CARLOS PAZ,42.0,57.9,CABAÑA,S.F,OBRA GRIS,LADRILLO,NO LE INTERESA,20389000.0
2025-06-10,Carla Rodriguez,PLAN 36-60,ALTA GRACIA,105.0,79.2,CABAÑA,W.F,OBRA GRIS,PIEDRA NATURAL,NO LE INTERESA,25766000.0
2025-10-20,Jorge Garcia,PLAN 36-60,LA PLATA,132.0,20.0,CABAÑA,W.F,LLAVE EN MANO,MADERA,POTABLE,9415000.0
2024-01-26,Carla Rodriguez,CONTADO,MENDIOLAZA,38.0,86.6,MINIMALISTA,W.F,LLAVE EN MANO,PIEDRA NATURAL,NO LE INTERESA,40253000.0
2025-08-27,Jorge Rodriguez,FINANCIACION PROPIA,LA PLATA,70.0,46.9,AMERICANA,W.F,LLAVE EN MANO,PIEDRA NATURAL,NO LE INTERESA,21602000.0
2025-02-09,Pedro Perez,CONTADO,CARLOS PAZ,29.0,65.2,CABAÑA,W.F,OBRA GRIS,PIEDRA NATURAL,NO LE INTERESA,20085000.0
2024-08-19,Maria Gonzalez,CONTADO,CÓRDOBA CAPITAL,69.0,67.4,CABAÑA,W.F,OBRA GRIS,PIEDRA NATURAL,NO LE INTERESA,21482000.0
2025-06-16,Maria Martinez,CONTADO,SANTIAGO DEL ESTERO,11.0,69.7,CABAÑA,E.E,OBRA GRIS,,VENDIDO,19674000.0
2025-07-03,Ana Sanchez,FINANCIACION PROPIA,LA PLATA,23.0,56.2,MINIMALISTA,S.F,LLAVE EN MANO,MADERA,VENDIDO,27594000.0
2026-02-26,Pedro Gonzalez,PLAN 36-60,CARLOS PAZ,50.0,60.9,MINIMALISTA,S.F,LLAVE EN MANO,LADRILLO,VENDIDO,28554000.0
2025-05-19,Carla Gonzalez,PLAN 36-60,CARLOS PAZ,5.0,60.8,CABAÑA,S.F,LLAVE EN MANO,PIEDRA NATURAL,NO LE INTERESA,31232000.0
2025-10-30,Diego Rodriguez,CONTADO,CARLOS PAZ,64.0,42.4,AMERICANA,S.F,LLAVE EN MANO,,POTABLE,21824000.0
2024-06-27,Lucia Garcia,PLAN 36-60,BUENOS AIRES,90.0,20.0,CABAÑA,E.E,LLAVE EN MANO,PIEDRA NATURAL,NO LE INTERESA,8193000.0
2024-05-11,Ana Martinez,FINANCIACION PROPIA,BUENOS AIRES,25.0,30.6,AMERICANA,E.E,LLAVE EN MANO,PIEDRA NATURAL,NO LE INTERESA,11498000.0
2025-03-30,Diego Romero,CONTADO,BUENOS AIRES,30.0,52.9,AMERICANA,S.F,OBRA GRIS,PIEDRA NATURAL,NO LE INTERESA,18430000.0
2024-12-13,Elena Rodriguez,FINANCIACION PROPIA,SANTIAGO DEL ESTERO,95.0,39.3,MINIMALISTA,W.F,LLAVE EN MANO,MADERA,NO LE INTERESA,17698000.0
2025-06-23,Jorge Lopez,CONTADO,BUENOS AIRES,75.0,39.3,MINIMALISTA,S.F,LLAVE EN MANO,LADRILLO,NO LE INTERESA,19482000.0
2026-02-10,Maria Gonzalez,FINANCIACION PROPIA,LA PLATA,17.0,91.0,MINIMALISTA,W.F,LLAVE EN MANO,PIEDRA NATURAL,POTABLE,39225000.0
2025-02-09,Carla Rodriguez,,MENDIOLAZA,20.0,72.2,AMERICANA,W.F,LLAVE EN MANO,MADERA,NO LE INTERESA,32329000.0
2024-03-16,Elena Romero,PLAN 36-60,CARLOS PAZ,57.0,50.0,AMERICANA,E.E,LLAVE EN MANO,LADRILLO,NO LE INTERESA,20193000.0
2025-08-01,Luis Gonzalez,NO SABE,SANTIAGO DEL ESTERO,41.0,68.4,AMERICANA,W.F,LLAVE EN MANO,LADRILLO,NO LE INTERESA,32435000.0
2025-05-06,Lucia Garcia,NO SABE,BUENOS AIRES,9.0,46.6,MINIMALISTA,E.E,LLAVE EN MANO,LADRILLO,NO LE INTERESA,18455000.0
2024-07-12,Carla Rodriguez,CONTADO,CÓRDOBA CAPITAL,19.0,57.2,MINIMALISTA,S.F,LLAVE EN MANO,PIEDRA NATURAL,VENDIDO,29293000.0
2024-06-10,Jorge Martinez,PLAN 36-60,ALTA GRACIA,115.0,63.8,MINIMALISTA,E.E,LLAVE EN MANO,PIEDRA NATURAL,POTABLE,26438000.0
2024-12-12,Carla Sanchez,CONTADO,LA PLATA,58.0,46.6,CABAÑA,W.F,OBRA GRIS,MADERA,NO LE INTERESA,14994000.0
2024-12-26,Diego Romero,FINANCIACION PROPIA,SANTIAGO DEL ESTERO,213.0,41.3,AMERICANA,W.F,OBRA GRIS,MADERA,NO LE INTERESA,13848000.0
2026-02-07,Ana Martinez,PLAN 36-60,ALTA GRACIA,73.0,79.5,AMERICANA,W.F,OBRA GRIS,LADRILLO,NO LE INTERESA,24971000.0
2025-08-06,Elena Garcia,CONTADO,ALTA GRACIA,142.0,67.3,CABAÑA,S.F,OBRA GRIS,PIEDRA NATURAL,NO LE INTERESA,23710000.0
2024-03-27,Jorge Martinez,CONTADO,BUENOS AIRES,12.0,20.0,AMERICANA,E.E,LLAVE EN MANO,LADRILLO,VENDIDO,7527000.0
2024-09-18,Carla Lopez,NO SABE,SANTIAGO DEL ESTERO,74.0,41.6,AMERICANA,S.F,OBRA GRIS,LADRILLO,NO LE INTERESA,13980000.0
2024-08-01,Ana Rodriguez,PLAN 36-60,MENDIOLAZA,5.0,39.4,CABAÑA,E.E,OBRA GRIS,MADERA,POTABLE,11473000.0
2025-10-26,Carla Perez,CONTADO,MENDIOLAZA,56.0,42.6,AMERICANA,S.F,LLAVE EN MANO,,NO LE INTERESA,21709000.0
2025-12-22,Jorge Martinez,CONTADO,SANTIAGO DEL ESTERO,32.0,72.2,MINIMALISTA,S.F,LLAVE EN MANO,MADERA,POTABLE,34760000.0
2025-07-26,Luis Gonzalez,CONTADO,SANTIAGO DEL ESTERO,21.0,55.4,CABAÑA,W.F,LLAVE EN MANO,PIEDRA NATURAL,POTABLE,24898000.0
2026-02-18,Pedro Rodriguez,PLAN 36-60,CARLOS PAZ,99.0,27.2,AMERICANA,S.F,LLAVE EN MANO,LADRILLO,POTABLE,13468000.0
2024-09-18,Lucia Rodriguez,NO SABE,CÓRDOBA CAPITAL,96.0,47.3,MINIMALISTA,S.F,OBRA GRIS,LADRILLO,NO LE INTERESA,16734000.0
2025-12-30,Jorge Romero,FINANCIACION PROPIA,MENDIOLAZA,5.0,65.8,AMERICANA,E.E,LLAVE EN MANO,LADRILLO,POTABLE,24858000.0
2024-10-09,Elena Lopez,PLAN 36-60,CARLOS PAZ,47.0,,CABAÑA,S.F,LLAVE EN MANO,PIEDRA NATURAL,POTABLE,25548000.0
2025-10-09,Jorge Perez,FINANCIACION PROPIA,ALTA GRACIA,23.0,42.1,MINIMALISTA,W.F,LLAVE EN MANO,LADRILLO,NO LE INTERESA,18724000.0
2025-04-11,Luis Lopez,PLAN 36-60,ALTA GRACIA,27.0,61.6,AMERICANA,S.F,OBRA GRIS,PIEDRA NATURAL,NO LE INTERESA,20589000.0
2025-01-14,Jorge Romero,CONTADO,ALTA GRACIA,89.0,87.4,CABAÑA,E.E,OBRA GRIS,PIEDRA NATURAL,NO LE INTERESA,25040000.0
2024-12-27,Ana Rodriguez,NO SABE,SANTIAGO DEL ESTERO,19.0,64.2,AMERICANA,E.E,LLAVE EN MANO,MADERA,NO LE INTERESA,26026000.0
2025-03-24,Pedro Garcia,CONTADO,LA PLATA,143.0,81.0,AMERICANA,S.F,OBRA GRIS,LADRILLO,NO LE INTERESA,29759000.0
2025-03-16,Luis Garcia,CONTADO,CARLOS PAZ,10.0,43.4,MINIMALISTA,S.F,LLAVE EN MANO,MADERA,NO LE INTERESA,21652000.0
2024-04-02,Juan Perez,NO SABE,LA PLATA,54.0,54.8,AMERICANA,E.E,OBRA GRIS,PIEDRA NATURAL,POTABLE,14949000.0
2025-09-12,Diego Rodriguez,CONTADO,BUENOS AIRES,56.0,54.4,CABAÑA,W.F,LLAVE EN MANO,LADRILLO,NO LE INTERESA,24828000.0
2026-01-22,Lucia Perez,FINANCIACION PROPIA,CÓRDOBA CAPITAL,15.0,57.4,CABAÑA,S.F,OBRA GRIS,LADRILLO,NO LE INTERESA,20941000.0
2025-02-27,Ana Garcia,NO SABE,CÓRDOBA CAPITAL,20.0,63.8,MINIMALISTA,W.F,OBRA GRIS,PIEDRA NATURAL,POTABLE,20266000.0
2024-05-21,Elena Romero,PLAN 36-60,CARLOS PAZ,90.0,36.6,MINIMALISTA,W.F,OBRA GRIS,LADRILLO,NO LE INTERESA,12461000.0
2024-10-17,Elena Lopez,CONTADO,ALTA GRACIA,72.0,67.9,AMERICANA,S.F,LLAVE EN MANO,PIEDRA NATURAL,NO LE INTERESA,32036000.0
2025-03-07,Pedro Martinez,CONTADO,BUENOS AIRES,20.0,22.4,CABAÑA,W.F,OBRA GRIS,LADRILLO,NO LE INTERESA,7408000.0
2026-01-18,Jorge Garcia,CONTADO,MENDIOLAZA,38.0,28.3,MINIMALISTA,E.E,OBRA GRIS,LADRILLO,NO LE INTERESA,7678000.0
2025-11-19,Luis Martinez,PLAN 36-60,CÓRDOBA CAPITAL,5.0,97.7,AMERICANA,W.F,OBRA GRIS,PIEDRA NATURAL,POTABLE,32407000.0
2025-10-14,Jorge Perez,FINANCIACION PROPIA,LA PLATA,12.0,44.8,AMERICANA,E.E,LLAVE EN MANO,MADERA,NO LE INTERESA,16872000.0
2025-12-01,Lucia Lopez,PLAN 36-60,LA PLATA,33.0,69.6,CABAÑA,S.F,OBRA GRIS,,NO LE INTERESA,23984000.0
2024-02-18,Lucia Martinez,PLAN 36-60,MENDIOLAZA,5.0,89.0,CABAÑA,W.F,LLAVE EN MANO,LADRILLO,POTABLE,41240000.0
2024-10-28,Elena Sanchez,PLAN 36-60,SANTIAGO DEL ESTERO,93.0,20.0,AMERICANA,E.E,LLAVE EN MANO,PIEDRA NATURAL,NO LE INTERESA,7948000.0
2024-07-08,Diego Martinez,PLAN 36-60,ALTA GRACIA,63.0,77.5,CABAÑA,E.E,LLAVE EN MANO,PIEDRA NATURAL,NO LE INTERESA,31641000.0
2024-05-15,Ana Perez,FINANCIACION PROPIA,SANTIAGO DEL ESTERO,144.0,68.0,AMERICANA,S.F,LLAVE EN MANO,PIEDRA NATURAL,POTABLE,33206000.0
2025-07-08,Jorge Sanchez,CONTADO,CARLOS PAZ,59.0,87.8,AMERICANA,W.F,LLAVE EN MANO,LADRILLO,NO LE INTERESA,41632000.0
2025-02-07,Luis Gonzalez,FINANCIACION PROPIA,CÓRDOBA CAPITAL,141.0,31.4,CABAÑA,E.E,OBRA GRIS,MADERA,POTABLE,8570000.0
2025-08-24,Lucia Perez,PLAN 36-60,MENDIOLAZA,40.0,84.0,MINIMALISTA,E.E,LLAVE EN MANO,MADERA,NO LE INTERESA,33635000.0
2024-12-06,Juan Garcia,CONTADO,MENDIOLAZA,46.0,40.2,AMERICANA,S.F,OBRA GRIS,LADRILLO,POTABLE,14727000.0
2026-01-26,Jorge Romero,CONTADO,MENDIOLAZA,189.0,76.1,CABAÑA,W.F,OBRA GRIS,MADERA,POTABLE,24877000.0
2025-12-04,Lucia Perez,CONTADO,SANTIAGO DEL ESTERO,51.0,54.3,AMERICANA,W.F,LLAVE EN MANO,PIEDRA NATURAL,POTABLE,25754000.0
2024-11-13,Juan Perez,PLAN 36-60,SANTIAGO DEL ESTERO,5.0,70.4,AMERICANA,E.E,LLAVE EN MANO,PIEDRA NATURAL,NO LE INTERESA,28179000.0
2025-09-09,Maria Rodriguez,CONTADO,CARLOS PAZ,64.0,56.0,AMERICANA,W.F,LLAVE EN MANO,MADERA,NO LE INTERESA,25162000.0
2024-12-28,Pedro Rodriguez,NO SABE,LA PLATA,118.0,20.0,CABAÑA,W.F,OBRA GRIS,MADERA,NO LE INTERESA,6627000.0
2025-01-16,Pedro Rodriguez,PLAN 36-60,LA PLATA,79.0,20.0,CABAÑA,W.F,OBRA GRIS,MADERA,NO LE INTERESA,6806000.0
2024-08-20,Maria Perez,NO SABE,BUENOS AIRES,44.0,59.2,CABAÑA,W.F,OBRA GRIS,PIEDRA NATURAL,POTABLE,20004000.0
2026-02-15,Diego Martinez,CONTADO,CARLOS PAZ,56.0,49.7,MINIMALISTA,W.F,OBRA GRIS,PIEDRA NATURAL,POTABLE,16177000.0
2024-12-09,Juan Perez,CONTADO,MENDIOLAZA,231.0,63.0,AMERICANA,W.F,OBRA GRIS,LADRILLO,NO LE INTERESA,20235000.0
2025-07-02,Diego Martinez,CONTADO,LA PLATA,5.0,50.0,MINIMALISTA,W.F,OBRA GRIS,LADRILLO,NO LE INTERESA,15688000.0
2025-07-06,Carla Garcia,CONTADO,CARLOS PAZ,55.0,95.4,AMERICANA,E.E,OBRA GRIS,,POTABLE,26733000.0
2025-06-12,Ana Martinez,FINANCIACION PROPIA,LA PLATA,17.0,59.6,CABAÑA,E.E,OBRA GRIS,PIEDRA NATURAL,NO LE INTERESA,16373000.0
2026-02-27,Elena Martinez,CONTADO,BUENOS AIRES,51.0,46.1,AMERICANA,W.F,OBRA GRIS,LADRILLO,POTABLE,14803000.0
2025-07-24,Elena Martinez,PLAN 36-60,CARLOS PAZ,47.0,61.7,AMERICANA,W.F,LLAVE EN MANO,LADRILLO,POTABLE,28818000.0
2024-07-01,Luis Lopez,CONTADO,LA PLATA,8.0,46.4,AMERICANA,S.F,OBRA GRIS,PIEDRA NATURAL,POTABLE,16206000.0
2024-02-10,Elena Rodriguez,PLAN 36-60,MENDIOLAZA,12.0,56.9,MINIMALISTA,E.E,LLAVE EN MANO,MADERA,POTABLE,22637000.0
2025-07-04,Jorge Gonzalez,FINANCIACION PROPIA,SANTIAGO DEL ESTERO,49.0,30.7,CABAÑA,S.F,LLAVE EN MANO,PIEDRA NATURAL,NO LE INTERESA,14497000.0
2025-01-31,Juan Gonzalez,PLAN 36-60,SANTIAGO DEL ESTERO,7.0,54.8,CABAÑA,E.E,OBRA GRIS,MADERA,POTABLE,15757000.0
2025-12-04,Luis Romero,FINANCIACION PROPIA,BUENOS AIRES,15.0,,AMERICANA,S.F,OBRA GRIS,PIEDRA NATURAL,POTABLE,15885000.0
2026-02-17,Carla Perez,CONTADO,MENDIOLAZA,90.0,32.5,CABAÑA,S.F,OBRA GRIS,LADRILLO,NO LE INTERESA,11350000.0
2025-05-08,Carla Martinez,NO SABE,LA PLATA,20.0,94.5,MINIMALISTA,S.F,OBRA GRIS,LADRILLO,NO LE INTERESA,33472000.0
2025-10-20,Juan Lopez,FINANCIACION PROPIA,MENDIOLAZA,33.0,33.3,MINIMALISTA,E.E,OBRA GRIS,LADRILLO,NO LE INTERESA,9000000.0
2024-11-28,Elena Martinez,PLAN 36-60,CARLOS PAZ,142.0,55.1,CABAÑA,E.E,OBRA GRIS,PIEDRA NATURAL,NO LE INTERESA,15506000.0
2024-05-06,Carla Gonzalez,PLAN 36-60,SANTIAGO DEL ESTERO,13.0,38.9,MINIMALISTA,W.F,LLAVE EN MANO,PIEDRA NATURAL,NO LE INTERESA,18102000.0
2025-07-11,Elena Garcia,NO SABE,CÓRDOBA CAPITAL,25.0,60.9,MINIMALISTA,E.E,LLAVE EN MANO,PIEDRA NATURAL,NO LE INTERESA,23341000.0
2025-07-10,Luis Rodriguez,PLAN 36-60,BUENOS AIRES,47.0,29.5,CABAÑA,E.E,OBRA GRIS,MADERA,VENDIDO,8675000.0
2024-01-01,Juan Martinez,FINANCIACION PROPIA,LA PLATA,70.0,71.8,CABAÑA,E.E,LLAVE EN MANO,PIEDRA NATURAL,NO LE INTERESA,28543000.0
2024-06-16,Carla Sanchez,PLAN 36-60,CÓRDOBA CAPITAL,116.0,95.7,AMERICANA,E.E,LLAVE EN MANO,MADERA,NO LE INTERESA,37842000.0
2025-09-11,Jorge Gonzalez,CONTADO,CÓRDOBA CAPITAL,124.0,38.2,AMERICANA,W.F,LLAVE EN MANO,MADERA,NO LE INTERESA,17232000.0
2024-01-19,Lucia Romero,FINANCIACION PROPIA,BUENOS AIRES,75.0,79.3,MINIMALISTA,W.F,LLAVE EN MANO,MADERA,NO LE INTERESA,36729000.0
2024-11-27,Jorge Lopez,PLAN 36-60,ALTA GRACIA,13.0,47.4,CABAÑA,E.E,LLAVE EN MANO,LADRILLO,POTABLE,18720000.0
2025-08-06,Pedro Garcia,PLAN 36-60,CÓRDOBA CAPITAL,5.0,85.1,MINIMALISTA,S.F,LLAVE EN MANO,MADERA,VENDIDO,42943000.0
2025-03-31,Diego Sanchez,PLAN 36-60,CÓRDOBA CAPITAL,24.0,98.8,CABAÑA,S.F,OBRA GRIS,MADERA,NO LE INTERESA,34033000.0
2024-04-18,Ana Sanchez,CONTADO,MENDIOLAZA,8.0,50.3,MINIMALISTA,E.E,LLAVE EN MANO,LADRILLO,NO LE INTERESA,20128000.0
2024-09-24,Juan Romero,FINANCIACION PROPIA,ALTA GRACIA,62.0,24.6,MINIMALISTA,W.F,LLAVE EN MANO,MADERA,POTABLE,11679000.0
2025-03-20,Diego Rodriguez,,ALTA GRACIA,54.0,74.0,MINIMALISTA,S.F,LLAVE EN MANO,PIEDRA NATURAL,POTABLE,35541000.0
2024-08-27,Carla Lopez,FINANCIACION PROPIA,ALTA GRACIA,5.0,59.5,AMERICANA,W.F,LLAVE EN MANO,PIEDRA NATURAL,POTABLE,28121000.0
2024-10-27,Luis Lopez,CONTADO,BUENOS AIRES,91.0,65.0,CABAÑA,W.F,OBRA GRIS,,POTABLE,20878000.0
2025-08-24,Lucia Gonzalez,PLAN 36-60,CARLOS PAZ,14.0,48.2,MINIMALISTA,S.F,LLAVE EN MANO,LADRILLO,NO LE INTERESA,22548000.0
2024-04-12,Elena Rodriguez,FINANCIACION PROPIA,ALTA GRACIA,28.0,37.3,AMERICANA,E.E,OBRA GRIS,MADERA,POTABLE,10337000.0
2024-09-06,Carla Rodriguez,PLAN 36-60,MENDIOLAZA,55.0,78.2,MINIMALISTA,W.F,LLAVE EN MANO,MADERA,VENDIDO,34097000.0
2025-03-28,Lucia Romero,PLAN 36-60,CARLOS PAZ,28.0,61.4,MINIMALISTA,S.F,OBRA GRIS,MADERA,NO LE INTERESA,21111000.0
2025-06-03,Jorge Lopez,NO SABE,LA PLATA,29.0,26.1,CABAÑA,W.F,LLAVE EN MANO,LADRILLO,POTABLE,11332000.0
2024-06-01,Carla Perez,PLAN 36-60,CARLOS PAZ,5.0,68.7,MINIMALISTA,S.F,LLAVE EN MANO,MADERA,NO LE INTERESA,32587000.0
2024-06-22,Maria Rodriguez,PLAN 36-60,LA PLATA,26.0,64.7,CABAÑA,E.E,LLAVE EN MANO,PIEDRA NATURAL,POTABLE,24453000.0
2024-12-08,Lucia Gonzalez,CONTADO,ALTA GRACIA,72.0,48.5,AMERICANA,E.E,OBRA GRIS,PIEDRA NATURAL,NO LE INTERESA,13063000.0
2025-10-31,Lucia Perez,CONTADO,ALTA GRACIA,123.0,87.4,AMERICANA,E.E,OBRA GRIS,MADERA,NO LE INTERESA,24154000.0
2025-03-06,Lucia Sanchez,,LA PLATA,27.0,42.6,MINIMALISTA,W.F,OBRA GRIS,LADRILLO,POTABLE,14364000.0
2025-12-27,Pedro Gonzalez,NO SABE,SANTIAGO DEL ESTERO,28.0,51.6,AMERICANA,E.E,OBRA GRIS,PIEDRA NATURAL,POTABLE,15141000.0
2025-11-19,Diego Gonzalez,PLAN 36-60,MENDIOLAZA,61.0,70.4,CABAÑA,E.E,LLAVE EN MANO,LADRILLO,POTABLE,28648000.0
2025-11-17,Carla Rodriguez,PLAN 36-60,CARLOS PAZ,143.0,56.5,CABAÑA,E.E,LLAVE EN MANO,PIEDRA NATURAL,NO LE INTERESA,21272000.0
2025-10-19,Lucia Gonzalez,FINANCIACION PROPIA,MENDIOLAZA,16.0,27.3,AMERICANA,E.E,OBRA GRIS,MADERA,NO LE INTERESA,7306000.0
2024-11-19,Carla Garcia,PLAN 36-60,MENDIOLAZA,29.0,58.7,CABAÑA,S.F,LLAVE EN MANO,MADERA,NO LE INTERESA,27396000.0
2025-11-03,Elena Rodriguez,PLAN 36-60,CÓRDOBA CAPITAL,79.0,46.7,CABAÑA,S.F,LLAVE EN MANO,,NO LE INTERESA,22695000.0
2025-09-30,Ana Lopez,CONTADO,ALTA GRACIA,47.0,72.1,MINIMALISTA,W.F,LLAVE EN MANO,MADERA,NO LE INTERESA,34138000.0
2025-02-23,Jorge Perez,FINANCIACION PROPIA,CARLOS PAZ,6.0,58.0,MINIMALISTA,S.F,OBRA GRIS,LADRILLO,NO LE INTERESA,21115000.0
2025-08-16,Lucia Rodriguez,CONTADO,MENDIOLAZA,49.0,56.9,CABAÑA,S.F,OBRA GRIS,LADRILLO,NO LE INTERESA,19490000.0
2025-04-29,Elena Sanchez,CONTADO,CARLOS PAZ,10.0,,AMERICANA,S.F,LLAVE EN MANO,PIEDRA NATURAL,POTABLE,16525000.0
2025-10-20,Luis Romero,CONTADO,MENDIOLAZA,36.0,50.4,CABAÑA,S.F,OBRA GRIS,PIEDRA NATURAL,NO LE INTERESA,18268000.0
2026-01-20,Juan Martinez,CONTADO,ALTA GRACIA,38.0,74.4,MINIMALISTA,S.F,OBRA GRIS,MADERA,POTABLE,26772000.0
2025-02-15,Elena Garcia,CONTADO,MENDIOLAZA,104.0,39.5,AMERICANA,E.E,OBRA GRIS,LADRILLO,POTABLE,10804000.0
2024-03-24,Jorge Rodriguez,PLAN 36-60,LA PLATA,31.0,54.3,CABAÑA,W.F,OBRA GRIS,PIEDRA NATURAL,NO LE INTERESA,16843000.0
2024-04-22,Diego Lopez,,ALTA GRACIA,16.0,36.3,AMERICANA,S.F,LLAVE EN MANO,MADERA,NO LE INTERESA,17889000.0
2026-01-06,Maria Gonzalez,PLAN 36-60,CARLOS PAZ,13.0,31.3,AMERICANA,S.F,OBRA GRIS,MADERA,POTABLE,10538000.0
2024-11-27,Ana Sanchez,CONTADO,BUENOS AIRES,104.0,53.3,AMERICANA,W.F,OBRA GRIS,PIEDRA NATURAL,POTABLE,17881000.0
2025-01-12,Diego Garcia,CONTADO,SANTIAGO DEL ESTERO,9.0,58.5,CABAÑA,S.F,LLAVE EN MANO,MADERA,VENDIDO,27971000.0
2026-01-24,Pedro Sanchez,PLAN 36-60,MENDIOLAZA,28.0,94.9,MINIMALISTA,S.F,OBRA GRIS,PIEDRA NATURAL,POTABLE,32220000.0
2025-10-16,Carla Rodriguez,NO SABE,LA PLATA,10.0,45.9,AMERICANA,W.F,LLAVE EN MANO,LADRILLO,POTABLE,20056000.0
2024-02-10,Diego Sanchez,FINANCIACION PROPIA,ALTA GRACIA,74.0,54.0,AMERICANA,E.E,LLAVE EN MANO,MADERA,POTABLE,20311000.0
2026-02-08,Elena Gonzalez,NO SABE,CÓRDOBA CAPITAL,32.0,30.0,CABAÑA,E.E,OBRA GRIS,LADRILLO,NO LE INTERESA,8568000.0
2024-04-14,Jorge Sanchez,PLAN 36-60,BUENOS AIRES,22.0,67.2,MINIMALISTA,W.F,LLAVE EN MANO,PIEDRA NATURAL,NO LE INTERESA,29309000.0
2024-07-20,Diego Martinez,PLAN 36-60,BUENOS AIRES,22.0,63.0,MINIMALISTA,E.E,LLAVE EN MANO,LADRILLO,POTABLE,24070000.0
2025-03-25,Pedro Garcia,PLAN 36-60,ALTA GRACIA,96.0,84.8,CABAÑA,E.E,OBRA GRIS,PIEDRA NATURAL,NO LE INTERESA,24488000.0
2024-09-22,Luis Romero,PLAN 36-60,BUENOS AIRES,40.0,77.2,AMERICANA,E.E,OBRA GRIS,MADERA,NO LE INTERESA,20717000.0
2024-07-28,Luis Rodriguez,CONTADO,CARLOS PAZ,63.0,62.0,CABAÑA,E.E,OBRA GRIS,MADERA,NO LE INTERESA,16936000.0
2025-07-16,Pedro Garcia,PLAN 36-60,CARLOS PAZ,114.0,45.6,MINIMALISTA,S.F,LLAVE EN MANO,MADERA,VENDIDO,21726000.0
2024-04-27,Maria Sanchez,CONTADO,CÓRDOBA CAPITAL,116.0,59.1,AMERICANA,W.F,LLAVE EN MANO,LADRILLO,POTABLE,25488000.0
2025-12-13,Pedro Martinez,PLAN 36-60,LA PLATA,20.0,52.8,AMERICANA,E.E,LLAVE EN MANO,,VENDIDO,20809000.0
2025-01-11,Ana Rodriguez,,CARLOS PAZ,152.0,74.1,MINIMALISTA,E.E,LLAVE EN MANO,LADRILLO,NO LE INTERESA,28368000.0
2025-07-04,Juan Lopez,CONTADO,LA PLATA,5.0,,AMERICANA,W.F,LLAVE EN MANO,,NO LE INTERESA,32668000.0
2025-06-23,Ana Martinez,CONTADO,LA PLATA,24.0,49.1,CABAÑA,S.F,LLAVE EN MANO,MADERA,NO LE INTERESA,24099000.0
2026-02-09,Jorge Romero,CONTADO,ALTA GRACIA,113.0,25.8,MINIMALISTA,E.E,OBRA GRIS,LADRILLO,NO LE INTERESA,7518000.0
2024-03-24,Maria Gonzalez,NO SABE,LA PLATA,16.0,81.7,MINIMALISTA,E.E,LLAVE EN MANO,PIEDRA NATURAL,NO LE INTERESA,33594000.0
2025-03-29,Diego Perez,CONTADO,MENDIOLAZA,16.0,66.6,AMERICANA,S.F,LLAVE EN MANO,LADRILLO,NO LE INTERESA,31743000.0
2025-10-28,Diego Lopez,CONTADO,CARLOS PAZ,18.0,48.6,MINIMALISTA,W.F,OBRA GRIS,PIEDRA NATURAL,POTABLE,15936000.0
2025-09-20,Ana Perez,FINANCIACION PROPIA,CARLOS PAZ,47.0,65.9,CABAÑA,E.E,LLAVE EN MANO,MADERA,NO LE INTERESA,26767000.0
2025-05-28,Luis Perez,PLAN 36-60,SANTIAGO DEL ESTERO,29.0,56.5,MINIMALISTA,E.E,LLAVE EN MANO,LADRILLO,POTABLE,23207000.0
2025-08-27,Jorge Rodriguez,CONTADO,BUENOS AIRES,65.0,81.4,AMERICANA,W.F,LLAVE EN MANO,MADERA,POTABLE,37243000.0
2025-11-08,Jorge Rodriguez,CONTADO,LA PLATA,113.0,20.0,MINIMALISTA,S.F,OBRA GRIS,LADRILLO,NO LE INTERESA,6905000.0
2025-01-21,Juan Martinez,CONTADO,SANTIAGO DEL ESTERO,56.0,47.1,AMERICANA,W.F,OBRA GRIS,PIEDRA NATURAL,VENDIDO,14570000.0
2024-12-15,Luis Garcia,CONTADO,ALTA GRACIA,11.0,87.0,AMERICANA,E.E,OBRA GRIS,MADERA,NO LE INTERESA,23837000.0
2024-10-22,Carla Martinez,CONTADO,SANTIAGO DEL ESTERO,135.0,66.3,CABAÑA,S.F,OBRA GRIS,LADRILLO,NO LE INTERESA,24410000.0
2024-09-14,Maria Romero,PLAN 36-60,BUENOS AIRES,15.0,90.5,MINIMALISTA,S.F,LLAVE EN MANO,LADRILLO,POTABLE,44531000.0
2024-03-21,Luis Romero,FINANCIACION PROPIA,LA PLATA,8.0,,CABAÑA,S.F,LLAVE EN MANO,,NO LE INTERESA,15125000.0
2024-09-24,Lucia Romero,PLAN 36-60,BUENOS AIRES,5.0,76.4,CABAÑA,W.F,OBRA GRIS,PIEDRA NATURAL,NO LE INTERESA,24880000.0
2025-02-22,Carla Lopez,PLAN 36-60,CARLOS PAZ,41.0,75.2,MINIMALISTA,W.F,LLAVE EN MANO,MADERA,POTABLE,33392000.0
2024-08-22,Juan Sanchez,CONTADO,ALTA GRACIA,6.0,21.4,CABAÑA,W.F,LLAVE EN MANO,LADRILLO,POTABLE,9349000.0
2024-11-06,Lucia Martinez,CONTADO,LA PLATA,7.0,49.1,CABAÑA,E.E,LLAVE EN MANO,MADERA,NO LE INTERESA,20132000.0
2024-12-22,Maria Garcia,FINANCIACION PROPIA,ALTA GRACIA,18.0,52.9,AMERICANA,W.F,OBRA GRIS,MADERA,NO LE INTERESA,17497000.0
2024-07-31,Diego Rodriguez,CONTADO,CÓRDOBA CAPITAL,17.0,22.6,CABAÑA,S.F,LLAVE EN MANO,PIEDRA NATURAL,NO LE INTERESA,11112000.0
2025-07-27,Ana Martinez,FINANCIACION PROPIA,LA PLATA,46.0,49.5,MINIMALISTA,E.E,OBRA GRIS,PIEDRA NATURAL,VENDIDO,13757000.0
2024-02-18,Elena Sanchez,PLAN 36-60,CÓRDOBA CAPITAL,85.0,72.5,AMERICANA,E.E,LLAVE EN MANO,MADERA,VENDIDO,28498000.0
2024-05-06,Juan Rodriguez,FINANCIACION PROPIA,SANTIAGO DEL ESTERO,72.0,47.2,CABAÑA,E.E,LLAVE EN MANO,PIEDRA NATURAL,NO LE INTERESA,17743000.0
2024-08-10,Juan Perez,CONTADO,LA PLATA,15.0,59.8,CABAÑA,S.F,OBRA GRIS,PIEDRA NATURAL,NO LE INTERESA,20423000.0
2024-10-05,Pedro Garcia,CONTADO,CÓRDOBA CAPITAL,14.0,60.0,MINIMALISTA,W.F,OBRA GRIS,LADRILLO,POTABLE,18859000.0
2025-02-11,Lucia Perez,FINANCIACION PROPIA,MENDIOLAZA,169.0,54.8,CABAÑA,S.F,LLAVE EN MANO,PIEDRA NATURAL,POTABLE,26957000.0
2025-05-19,Ana Rodriguez,FINANCIACION PROPIA,CARLOS PAZ,5.0,40.9,MINIMALISTA,W.F,OBRA GRIS,MADERA,VENDIDO,12830000.0
2024-10-20,Diego Rodriguez,CONTADO,SANTIAGO DEL ESTERO,106.0,68.2,CABAÑA,E.E,OBRA GRIS,MADERA,NO LE INTERESA,18649000.0
2024-10-03,Maria Sanchez,NO SABE,LA PLATA,11.0,23.3,CABAÑA,E.E,LLAVE EN MANO,LADRILLO,NO LE INTERESA,9393000.0
2025-03-13,Carla Perez,CONTADO,LA PLATA,147.0,55.2,MINIMALISTA,S.F,OBRA GRIS,LADRILLO,POTABLE,20309000.0
2024-04-16,Diego Martinez,CONTADO,CARLOS PAZ,21.0,82.7,AMERICANA,W.F,OBRA GRIS,LADRILLO,NO LE INTERESA,25507000.0
2025-10-19,Juan Perez,PLAN 36-60,CARLOS PAZ,29.0,46.1,MINIMALISTA,E.E,OBRA GRIS,MADERA,POTABLE,12575000.0
2025-02-23,Juan Sanchez,FINANCIACION PROPIA,BUENOS AIRES,61.0,40.5,AMERICANA,S.F,OBRA GRIS,MADERA,POTABLE,14657000.0
2025-09-02,Maria Perez,NO SABE,CÓRDOBA CAPITAL,44.0,69.5,AMERICANA,S.F,OBRA GRIS,PIEDRA NATURAL,POTABLE,25161000.0
2025-03-04,Maria Gonzalez,PLAN 36-60,CÓRDOBA CAPITAL,19.0,58.3,MINIMALISTA,W.F,OBRA GRIS,LADRILLO,NO LE INTERESA,18801000.0
2025-01-09,Juan Lopez,CONTADO,CÓRDOBA CAPITAL,40.0,69.9,MINIMALISTA,W.F,LLAVE EN MANO,PIEDRA NATURAL,NO LE INTERESA,32186000.0
2024-03-13,Maria Romero,PLAN 36-60,BUENOS AIRES,66.0,55.8,CABAÑA,W.F,OBRA GRIS,PIEDRA NATURAL,NO LE INTERESA,17303000.0
2025-09-25,Carla Lopez,CONTADO,ALTA GRACIA,5.0,,CABAÑA,E.E,OBRA GRIS,MADERA,POTABLE,5803000.0
2024-01-30,Ana Garcia,PLAN 36-60,SANTIAGO DEL ESTERO,5.0,78.6,AMERICANA,S.F,LLAVE EN MANO,PIEDRA NATURAL,NO LE INTERESA,39803000.0
2024-07-06,Luis Martinez,,LA PLATA,31.0,96.4,CABAÑA,W.F,OBRA GRIS,LADRILLO,VENDIDO,31689000.0
2024-12-29,Lucia Lopez,CONTADO,SANTIAGO DEL ESTERO,7.0,80.7,MINIMALISTA,S.F,OBRA GRIS,LADRILLO,POTABLE,29432000.0
2025-03-26,Elena Garcia,PLAN 36-60,CARLOS PAZ,55.0,20.0,AMERICANA,E.E,LLAVE EN MANO,MADERA,NO LE INTERESA,7564000.0
2024-07-13,Elena Gonzalez,PLAN 36-60,MENDIOLAZA,12.0,64.0,CABAÑA,E.E,LLAVE EN MANO,MADERA,VENDIDO,24431000.0
2024-06-04,Juan Lopez,FINANCIACION PROPIA,SANTIAGO DEL ESTERO,28.0,45.7,CABAÑA,W.F,OBRA GRIS,,POTABLE,14555000.0
2024-06-20,Luis Garcia,PLAN 36-60,SANTIAGO DEL ESTERO,11.0,33.3,MINIMALISTA,E.E,OBRA GRIS,LADRILLO,POTABLE,9022000.0
2024-02-10,Luis Rodriguez,CONTADO,CÓRDOBA CAPITAL,40.0,57.5,MINIMALISTA,S.F,LLAVE EN MANO,MADERA,VENDIDO,29124000.0
2024-03-03,Maria Rodriguez,CONTADO,CARLOS PAZ,6.0,52.0,CABAÑA,S.F,OBRA GRIS,LADRILLO,POTABLE,18677000.0
2024-01-23,Jorge Martinez,CONTADO,SANTIAGO DEL ESTERO,5.0,65.2,AMERICANA,E.E,OBRA GRIS,PIEDRA NATURAL,POTABLE,18763000.0
2024-12-25,Luis Lopez,CONTADO,LA PLATA,5.0,56.1,AMERICANA,E.E,LLAVE EN MANO,MADERA,NO LE INTERESA,21540000.0
2024-03-15,Lucia Rodriguez,PLAN 36-60,CÓRDOBA CAPITAL,154.0,32.6,MINIMALISTA,E.E,LLAVE EN MANO,MADERA,NO LE INTERESA,13352000.0
2025-07-13,Ana Rodriguez,NO SABE,BUENOS AIRES,8.0,43.5,MINIMALISTA,S.F,LLAVE EN MANO,,NO LE INTERESA,20523000.0
2025-11-02,Ana Martinez,PLAN 36-60,SANTIAGO DEL ESTERO,62.0,40.2,MINIMALISTA,E.E,OBRA GRIS,LADRILLO,NO LE INTERESA,10903000.0
2024-04-27,Ana Lopez,PLAN 36-60,CARLOS PAZ,5.0,20.7,CABAÑA,W.F,LLAVE EN MANO,PIEDRA NATURAL,NO LE INTERESA,9418000.0
2025-09-03,Jorge Rodriguez,PLAN 36-60,MENDIOLAZA,6.0,27.6,CABAÑA,W.F,OBRA GRIS,MADERA,POTABLE,8495000.0
2025-01-14,Carla Sanchez,CONTADO,LA PLATA,36.0,50.8,MINIMALISTA,S.F,LLAVE EN MANO,PIEDRA NATURAL,POTABLE,26040000.0
2025-11-09,Elena Sanchez,NO SABE,MENDIOLAZA,31.0,83.5,AMERICANA,E.E,LLAVE EN MANO,MADERA,NO LE INTERESA,32217000.0
2024-10-16,Carla Gonzalez,NO SABE,CARLOS PAZ,151.0,44.3,MINIMALISTA,E.E,OBRA GRIS,LADRILLO,NO LE INTERESA,12601000.0
2025-03-15,Carla Garcia,,CARLOS PAZ,145.0,39.9,MINIMALISTA,E.E,LLAVE EN MANO,PIEDRA NATURAL,VENDIDO,16355000.0
2025-10-29,Luis Martinez,CONTADO,CARLOS PAZ,76.0,31.4,AMERICANA,W.F,OBRA GRIS,PIEDRA NATURAL,NO LE INTERESA,10123000.0
2024-01-07,Carla Romero,FINANCIACION PROPIA,MENDIOLAZA,46.0,55.6,AMERICANA,W.F,OBRA GRIS,MADERA,POTABLE,17848000.0
2024-07-14,Ana Perez,CONTADO,ALTA GRACIA,30.0,78.6,AMERICANA,W.F,OBRA GRIS,PIEDRA NATURAL,VENDIDO,24969000.0
2025-02-24,Luis Romero,FINANCIACION PROPIA,LA PLATA,22.0,95.1,AMERICANA,W.F,OBRA GRIS,LADRILLO,POTABLE,30201000.0
2025-07-21,Ana Sanchez,FINANCIACION PROPIA,CARLOS PAZ,147.0,60.7,CABAÑA,W.F,OBRA GRIS,PIEDRA NATURAL,POTABLE,19703000.0
2024-07-11,Elena Romero,CONTADO,ALTA GRACIA,46.0,57.8,CABAÑA,S.F,LLAVE EN MANO,,NO LE INTERESA,29657000.0
2025-07-12,Carla Perez,NO SABE,CÓRDOBA CAPITAL,43.0,44.1,MINIMALISTA,S.F,LLAVE EN MANO,PIEDRA NATURAL,NO LE INTERESA,22619000.0
2024-05-27,Ana Perez,NO SABE,ALTA GRACIA,13.0,47.5,CABAÑA,E.E,OBRA GRIS,PIEDRA NATURAL,POTABLE,13380000.0
2026-02-25,Ana Martinez,NO SABE,CÓRDOBA CAPITAL,5.0,67.6,MINIMALISTA,E.E,OBRA GRIS,MADERA,VENDIDO,18852000.0
2025-10-30,Lucia Lopez,PLAN 36-60,MENDIOLAZA,145.0,48.7,MINIMALISTA,W.F,OBRA GRIS,MADERA,VENDIDO,16389000.0
2024-07-20,Pedro Romero,,BUENOS AIRES,19.0,51.8,AMERICANA,E.E,OBRA GRIS,PIEDRA NATURAL,POTABLE,14795000.0
2025-03-19,Maria Perez,PLAN 36-60,BUENOS AIRES,29.0,54.5,AMERICANA,S.F,LLAVE EN MANO,PIEDRA NATURAL,NO LE INTERESA,27769000.0
2025-02-22,Lucia Garcia,PLAN 36-60,ALTA GRACIA,6.0,43.2,CABAÑA,S.F,LLAVE EN MANO,LADRILLO,NO LE INTERESA,21665000.0
2025-03-02,Carla Garcia,CONTADO,MENDIOLAZA,91.0,53.5,CABAÑA,E.E,LLAVE EN MANO,MADERA,POTABLE,22063000.0
2025-04-23,Elena Rodriguez,PLAN 36-60,CARLOS PAZ,5.0,20.0,CABAÑA,W.F,LLAVE EN MANO,MADERA,VENDIDO,9372000.0
2025-04-19,Maria Lopez,PLAN 36-60,ALTA GRACIA,90.0,66.0,CABAÑA,S.F,LLAVE EN MANO,MADERA,POTABLE,33629000.0
2024-05-05,Juan Rodriguez,CONTADO,ALTA GRACIA,8.0,102.0,AMERICANA,E.E,LLAVE EN MANO,PIEDRA NATURAL,POTABLE,39562000.0
2025-01-29,Luis Perez,CONTADO,CARLOS PAZ,109.0,44.0,AMERICANA,W.F,OBRA GRIS,MADERA,POTABLE,14168000.0
2025-07-29,Juan Sanchez,CONTADO,CÓRDOBA CAPITAL,65.0,62.5,CABAÑA,E.E,LLAVE EN MANO,LADRILLO,NO LE INTERESA,25191000.0
2024-11-20,Ana Romero,FINANCIACION PROPIA,CARLOS PAZ,9.0,72.0,MINIMALISTA,W.F,LLAVE EN MANO,LADRILLO,POTABLE,31119000.0
2025-01-26,Jorge Sanchez,PLAN 36-60,LA PLATA,42.0,80.6,AMERICANA,W.F,OBRA GRIS,LADRILLO,NO LE INTERESA,25554000.0
2025-11-18,Carla Garcia,CONTADO,BUENOS AIRES,19.0,49.7,AMERICANA,S.F,OBRA GRIS,LADRILLO,NO LE INTERESA,18177000.0
2025-09-19,Juan Martinez,NO SABE,BUENOS AIRES,10.0,,AMERICANA,S.F,OBRA GRIS,LADRILLO,POTABLE,6980000.0
2025-03-15,Maria Perez,CONTADO,ALTA GRACIA,98.0,60.3,AMERICANA,E.E,OBRA GRIS,MADERA,NO LE INTERESA,16639000.0
2024-07-22,Ana Garcia,PLAN 36-60,LA PLATA,26.0,57.6,CABAÑA,E.E,OBRA GRIS,PIEDRA NATURAL,NO LE INTERESA,16129000.0
2025-04-30,Pedro Garcia,FINANCIACION PROPIA,CARLOS PAZ,25.0,48.1,CABAÑA,W.F,LLAVE EN MANO,PIEDRA NATURAL,POTABLE,21262000.0
2024-01-31,Juan Martinez,FINANCIACION PROPIA,BUENOS AIRES,9.0,52.3,MINIMALISTA,S.F,OBRA GRIS,PIEDRA NATURAL,POTABLE,18810000.0
2025-01-22,Jorge Garcia,CONTADO,MENDIOLAZA,24.0,57.9,AMERICANA,W.F,OBRA GRIS,PIEDRA NATURAL,NO LE INTERESA,19335000.0
2025-09-16,Luis Sanchez,NO SABE,CARLOS PAZ,103.0,62.2,CABAÑA,W.F,OBRA GRIS,MADERA,POTABLE,20753000.0
2025-03-09,Maria Garcia,NO SABE,SANTIAGO DEL ESTERO,23.0,61.4,CABAÑA,W.F,LLAVE EN MANO,MADERA,NO LE INTERESA,26741000.0
2025-01-10,Lucia Gonzalez,PLAN 36-60,LA PLATA,151.0,50.6,AMERICANA,W.F,OBRA GRIS,MADERA,POTABLE,16249000.0
2024-12-09,Elena Rodriguez,PLAN 36-60,BUENOS AIRES,146.0,62.7,CABAÑA,W.F,OBRA GRIS,LADRILLO,NO LE INTERESA,19825000.0
2025-03-18,Carla Sanchez,CONTADO,SANTIAGO DEL ESTERO,8.0,49.3,CABAÑA,W.F,LLAVE EN MANO,PIEDRA NATURAL,NO LE INTERESA,21220000.0
2025-08-01,Carla Sanchez,PLAN 36-60,LA PLATA,10.0,67.8,CABAÑA,E.E,OBRA GRIS,MADERA,NO LE INTERESA,19453000.0
2024-03-15,Luis Martinez,PLAN 36-60,MENDIOLAZA,99.0,,MINIMALISTA,S.F,LLAVE EN MANO,,POTABLE,20823000.0
2025-07-10,Diego Martinez,FINANCIACION PROPIA,SANTIAGO DEL ESTERO,25.0,56.5,CABAÑA,S.F,LLAVE EN MANO,MADERA,POTABLE,27103000.0
2026-02-10,Elena Rodriguez,PLAN 36-60,SANTIAGO DEL ESTERO,5.0,22.5,AMERICANA,W.F,OBRA GRIS,PIEDRA NATURAL,POTABLE,7113000.0
2025-10-27,Elena Garcia,PLAN 36-60,LA PLATA,16.0,47.6,AMERICANA,W.F,LLAVE EN MANO,PIEDRA NATURAL,NO LE INTERESA,20698000.0
2024-06-03,Luis Romero,CONTADO,CARLOS PAZ,46.0,66.3,AMERICANA,W.F,OBRA GRIS,LADRILLO,POTABLE,22117000.0
2025-03-05,Carla Martinez,CONTADO,CÓRDOBA CAPITAL,80.0,34.3,CABAÑA,S.F,OBRA GRIS,LADRILLO,POTABLE,11693000.0
2024-12-28,Pedro Romero,CONTADO,CARLOS PAZ,7.0,48.6,MINIMALISTA,S.F,OBRA GRIS,LADRILLO,POTABLE,16745000.0
2025-03-23,Carla Garcia,CONTADO,CÓRDOBA CAPITAL,6.0,20.0,CABAÑA,W.F,LLAVE EN MANO,PIEDRA NATURAL,NO LE INTERESA,8580000.0
2024-08-21,Maria Sanchez,PLAN 36-60,LA PLATA,128.0,27.6,AMERICANA,S.F,LLAVE EN MANO,LADRILLO,VENDIDO,13629000.0
2025-07-16,Ana Gonzalez,FINANCIACION PROPIA,ALTA GRACIA,70.0,32.9,MINIMALISTA,W.F,LLAVE EN MANO,LADRILLO,NO LE INTERESA,14719000.0
2024-09-18,Elena Garcia,PLAN 36-60,CARLOS PAZ,45.0,57.0,MINIMALISTA,W.F,LLAVE EN MANO,MADERA,NO LE INTERESA,26328000.0
2024-05-04,Maria Martinez,PLAN 36-60,SANTIAGO DEL ESTERO,73.0,61.7,CABAÑA,W.F,LLAVE EN MANO,PIEDRA NATURAL,POTABLE,28525000.0
2024-09-01,Lucia Rodriguez,PLAN 36-60,CARLOS PAZ,28.0,53.9,AMERICANA,E.E,OBRA GRIS,LADRILLO,NO LE INTERESA,14436000.0
2025-06-25,Ana Perez,CONTADO,LA PLATA,71.0,47.3,CABAÑA,S.F,OBRA GRIS,LADRILLO,NO LE INTERESA,16021000.0
2025-04-29,Pedro Lopez,CONTADO,ALTA GRACIA,23.0,47.4,AMERICANA,S.F,OBRA GRIS,PIEDRA NATURAL,NO LE INTERESA,17297000.0
2024-05-01,Luis Lopez,CONTADO,ALTA GRACIA,14.0,69.3,MINIMALISTA,S.F,LLAVE EN MANO,LADRILLO,POTABLE,34969000.0
2024-05-04,Lucia Gonzalez,FINANCIACION PROPIA,CARLOS PAZ,65.0,59.3,CABAÑA,W.F,LLAVE EN MANO,PIEDRA NATURAL,NO LE INTERESA,26533000.0
2025-07-02,Diego Lopez,CONTADO,CARLOS PAZ,27.0,48.3,MINIMALISTA,E.E,LLAVE EN MANO,PIEDRA NATURAL,POTABLE,18341000.0
2024-06-18,Lucia Gonzalez,,MENDIOLAZA,199.0,80.9,AMERICANA,W.F,OBRA GRIS,PIEDRA NATURAL,POTABLE,25718000.0
2024-05-03,Lucia Martinez,PLAN 36-60,CARLOS PAZ,21.0,94.0,MINIMALISTA,W.F,OBRA GRIS,,POTABLE,30778000.0
2024-02-04,Pedro Romero,NO SABE,LA PLATA,127.0,30.1,MINIMALISTA,W.F,LLAVE EN MANO,,POTABLE,14373000.0
2024-03-27,Diego Romero,PLAN 36-60,CÓRDOBA CAPITAL,135.0,65.5,MINIMALISTA,E.E,OBRA GRIS,LADRILLO,POTABLE,18757000.0
2025-10-07,Diego Perez,FINANCIACION PROPIA,MENDIOLAZA,14.0,116.8,CABAÑA,W.F,LLAVE EN MANO,PIEDRA NATURAL,POTABLE,50180000.0
2025-12-08,Maria Romero,,CÓRDOBA CAPITAL,80.0,60.6,AMERICANA,W.F,OBRA GRIS,LADRILLO,POTABLE,19929000.0
2026-02-24,Carla Rodriguez,PLAN 36-60,SANTIAGO DEL ESTERO,28.0,57.3,MINIMALISTA,E.E,LLAVE EN MANO,,POTABLE,23504000.0
2024-07-19,Pedro Martinez,FINANCIACION PROPIA,BUENOS AIRES,125.0,53.9,MINIMALISTA,W.F,LLAVE EN MANO,PIEDRA NATURAL,POTABLE,24139000.0
2025-01-03,Diego Lopez,FINANCIACION PROPIA,LA PLATA,30.0,64.8,MINIMALISTA,W.F,OBRA GRIS,LADRILLO,POTABLE,21817000.0
2024-03-17,Juan Perez,CONTADO,MENDIOLAZA,68.0,70.1,MINIMALISTA,S.F,OBRA GRIS,PIEDRA NATURAL,POTABLE,25057000.0
2024-02-28,Pedro Lopez,CONTADO,ALTA GRACIA,31.0,30.1,AMERICANA,E.E,LLAVE EN MANO,LADRILLO,NO LE INTERESA,11478000.0
2025-03-06,Elena Perez,CONTADO,MENDIOLAZA,13.0,,AMERICANA,S.F,OBRA GRIS,PIEDRA NATURAL,VENDIDO,18417000.0
2025-09-29,Elena Martinez,PLAN 36-60,SANTIAGO DEL ESTERO,11.0,20.0,CABAÑA,W.F,OBRA GRIS,,VENDIDO,6248000.0
2025-05-14,Pedro Perez,FINANCIACION PROPIA,ALTA GRACIA,28.0,,AMERICANA,E.E,OBRA GRIS,PIEDRA NATURAL,NO LE INTERESA,14550000.0
2024-04-18,Ana Gonzalez,CONTADO,MENDIOLAZA,70.0,36.9,AMERICANA,E.E,LLAVE EN MANO,PIEDRA NATURAL,NO LE INTERESA,14700000.0
2026-01-05,Ana Rodriguez,CONTADO,ALTA GRACIA,46.0,61.8,MINIMALISTA,W.F,OBRA GRIS,PIEDRA NATURAL,POTABLE,19880000.0
2024-10-04,Elena Romero,FINANCIACION PROPIA,CARLOS PAZ,58.0,21.9,CABAÑA,S.F,OBRA GRIS,LADRILLO,VENDIDO,7569000.0
2024-03-08,Maria Perez,PLAN 36-60,ALTA GRACIA,17.0,44.8,CABAÑA,W.F,OBRA GRIS,PIEDRA NATURAL,NO LE INTERESA,15040000.0
2024-03-09,Ana Lopez,PLAN 36-60,MENDIOLAZA,33.0,74.3,MINIMALISTA,E.E,OBRA GRIS,LADRILLO,NO LE INTERESA,20257000.0
2024-06-13,Ana Lopez,FINANCIACION PROPIA,ALTA GRACIA,5.0,41.5,CABAÑA,E.E,LLAVE EN MANO,PIEDRA NATURAL,POTABLE,15923000.0
2025-05-03,Diego Gonzalez,PLAN 36-60,LA PLATA,85.0,20.0,AMERICANA,W.F,LLAVE EN MANO,LADRILLO,NO LE INTERESA,8737000.0
2024-10-31,Lucia Sanchez,PLAN 36-60,CARLOS PAZ,230.0,60.2,CABAÑA,W.F,LLAVE EN MANO,LADRILLO,POTABLE,26866000.0
2025-11-04,Elena Garcia,CONTADO,CARLOS PAZ,26.0,43.3,MINIMALISTA,W.F,OBRA GRIS,LADRILLO,VENDIDO,14573000.0
2024-12-30,Lucia Sanchez,CONTADO,SANTIAGO DEL ESTERO,5.0,51.3,CABAÑA,W.F,LLAVE EN MANO,LADRILLO,POTABLE,22411000.0
2025-01-13,Jorge Garcia,PLAN 36-60,CARLOS PAZ,9.0,40.4,CABAÑA,S.F,OBRA GRIS,PIEDRA NATURAL,NO LE INTERESA,13735000.0
2024-12-08,Elena Gonzalez,PLAN 36-60,CÓRDOBA CAPITAL,53.0,94.5,CABAÑA,S.F,LLAVE EN MANO,PIEDRA NATURAL,POTABLE,46848000.0
2025-07-07,Pedro Gonzalez,NO SABE,LA PLATA,47.0,,MINIMALISTA,S.F,LLAVE EN MANO,,NO LE INTERESA,11811000.0
2024-12-19,Jorge Romero,NO SABE,SANTIAGO DEL ESTERO,78.0,111.7,AMERICANA,S.F,OBRA GRIS,LADRILLO,POTABLE,37941000.0
2025-02-19,Elena Sanchez,FINANCIACION PROPIA,CÓRDOBA CAPITAL,15.0,47.2,CABAÑA,E.E,OBRA GRIS,LADRILLO,NO LE INTERESA,12781000.0
2024-04-18,Maria Sanchez,CONTADO,ALTA GRACIA,72.0,58.7,AMERICANA,E.E,OBRA GRIS,MADERA,NO LE INTERESA,15910000.0
2025-07-16,Carla Martinez,NO SABE,BUENOS AIRES,58.0,43.5,AMERICANA,S.F,LLAVE EN MANO,MADERA,NO LE INTERESA,22175000.0
2026-01-31,Luis Perez,PLAN 36-60,CÓRDOBA CAPITAL,19.0,42.7,AMERICANA,W.F,OBRA GRIS,PIEDRA NATURAL,POTABLE,13991000.0
2025-05-11,Luis Gonzalez,CONTADO,SANTIAGO DEL ESTERO,39.0,39.3,CABAÑA,E.E,OBRA GRIS,MADERA,NO LE INTERESA,11564000.0
2024-12-06,Ana Martinez,FINANCIACION PROPIA,CARLOS PAZ,8.0,67.0,AMERICANA,W.F,OBRA GRIS,MADERA,NO LE INTERESA,20865000.0
2025-01-17,Ana Lopez,CONTADO,LA PLATA,30.0,26.8,CABAÑA,S.F,LLAVE EN MANO,LADRILLO,POTABLE,13125000.0
2025-06-16,Maria Garcia,CONTADO,BUENOS AIRES,107.0,62.3,CABAÑA,E.E,OBRA GRIS,LADRILLO,NO LE INTERESA,18032000.0
2024-10-26,Maria Sanchez,FINANCIACION PROPIA,SANTIAGO DEL ESTERO,27.0,20.0,CABAÑA,E.E,LLAVE EN MANO,MADERA,POTABLE,7655000.0
2024-05-18,Juan Perez,PLAN 36-60,CÓRDOBA CAPITAL,91.0,60.5,AMERICANA,E.E,LLAVE EN MANO,MADERA,POTABLE,24293000.0
2024-12-24,Ana Rodriguez,CONTADO,BUENOS AIRES,45.0,72.0,CABAÑA,E.E,OBRA GRIS,MADERA,NO LE INTERESA,20175000.0
2025-05-13,Pedro Sanchez,PLAN 36-60,CÓRDOBA CAPITAL,11.0,29.5,MINIMALISTA,S.F,OBRA GRIS,LADRILLO,NO LE INTERESA,10270000.0
2025-01-19,Carla Sanchez,NO SABE,SANTIAGO DEL ESTERO,44.0,68.6,MINIMALISTA,E.E,OBRA GRIS,PIEDRA NATURAL,NO LE INTERESA,19553000.0
2025-08-26,Carla Romero,PLAN 36-60,BUENOS AIRES,35.0,56.0,MINIMALISTA,S.F,OBRA GRIS,MADERA,NO LE INTERESA,19589000.0
2024-10-06,Lucia Perez,CONTADO,MENDIOLAZA,25.0,87.0,CABAÑA,E.E,LLAVE EN MANO,PIEDRA NATURAL,NO LE INTERESA,35234000.0
2025-09-28,Juan Rodriguez,CONTADO,MENDIOLAZA,6.0,37.9,MINIMALISTA,S.F,OBRA GRIS,PIEDRA NATURAL,VENDIDO,13845000.0
2025-04-27,Diego Romero,CONTADO,SANTIAGO DEL ESTERO,27.0,111.3,CABAÑA,S.F,OBRA GRIS,MADERA,POTABLE,39342000.0
2024-04-20,Luis Gonzalez,NO SABE,MENDIOLAZA,5.0,,CABAÑA,W.F,LLAVE EN MANO,PIEDRA NATURAL,NO LE INTERESA,8844000.0
2024-05-18,Ana Sanchez,PLAN 36-60,SANTIAGO DEL ESTERO,5.0,48.4,CABAÑA,S.F,LLAVE EN MANO,LADRILLO,NO LE INTERESA,24381000.0
2025-03-10,Carla Martinez,PLAN 36-60,CARLOS PAZ,27.0,21.0,AMERICANA,W.F,OBRA GRIS,MADERA,NO LE INTERESA,6578000.0
2025-05-23,Carla Perez,PLAN 36-60,BUENOS AIRES,18.0,92.0,MINIMALISTA,E.E,OBRA GRIS,MADERA,NO LE INTERESA,24743000.0
2024-09-29,Pedro Romero,FINANCIACION PROPIA,SANTIAGO DEL ESTERO,130.0,49.8,CABAÑA,W.F,OBRA GRIS,MADERA,NO LE INTERESA,16261000.0
2024-04-08,Elena Sanchez,PLAN 36-60,ALTA GRACIA,24.0,51.6,MINIMALISTA,S.F,OBRA GRIS,MADERA,NO LE INTERESA,18362000.0
2026-02-02,Ana Gonzalez,PLAN 36-60,LA PLATA,71.0,63.9,MINIMALISTA,W.F,OBRA GRIS,LADRILLO,NO LE INTERESA,21375000.0
2024-04-13,Jorge Romero,CONTADO,LA PLATA,38.0,54.9,AMERICANA,E.E,LLAVE EN MANO,LADRILLO,POTABLE,22560000.0
2024-08-01,Pedro Perez,CONTADO,ALTA GRACIA,61.0,43.1,MINIMALISTA,W.F,LLAVE EN MANO,PIEDRA NATURAL,NO LE INTERESA,20250000.0
2026-01-30,Elena Garcia,NO SABE,CÓRDOBA CAPITAL,15.0,29.9,CABAÑA,S.F,LLAVE EN MANO,MADERA,POTABLE,15391000.0
2025-10-25,Pedro Rodriguez,NO SABE,CÓRDOBA CAPITAL,142.0,58.4,CABAÑA,S.F,OBRA GRIS,MADERA,POTABLE,20603000.0
2026-01-31,Diego Sanchez,NO SABE,CÓRDOBA CAPITAL,38.0,62.6,MINIMALISTA,E.E,OBRA GRIS,PIEDRA NATURAL,NO LE INTERESA,17262000.0
2026-02-25,Maria Lopez,NO SABE,BUENOS AIRES,89.0,68.9,MINIMALISTA,E.E,OBRA GRIS,LADRILLO,POTABLE,19347000.0
2024-06-13,Diego Martinez,FINANCIACION PROPIA,CÓRDOBA CAPITAL,23.0,93.3,AMERICANA,W.F,OBRA GRIS,MADERA,NO LE INTERESA,30511000.0
2025-06-03,Carla Gonzalez,PLAN 36-60,CARLOS PAZ,5.0,20.0,CABAÑA,E.E,LLAVE EN MANO,PIEDRA NATURAL,NO LE INTERESA,7853000.0
2024-10-10,Diego Rodriguez,FINANCIACION PROPIA,ALTA GRACIA,56.0,53.6,MINIMALISTA,S.F,LLAVE EN MANO,LADRILLO,NO LE INTERESA,26701000.0
2025-05-31,Jorge Romero,PLAN 36-60,LA PLATA,5.0,78.8,MINIMALISTA,W.F,OBRA GRIS,PIEDRA NATURAL,POTABLE,26363000.0
2025-10-18,Carla Martinez,CONTADO,ALTA GRACIA,32.0,52.5,CABAÑA,W.F,OBRA GRIS,PIEDRA NATURAL,POTABLE,16386000.0
2025-09-04,Ana Perez,CONTADO,LA PLATA,11.0,20.0,MINIMALISTA,W.F,OBRA GRIS,LADRILLO,NO LE INTERESA,6211000.0
2024-06-12,Elena Garcia,NO SABE,CÓRDOBA CAPITAL,49.0,29.2,AMERICANA,W.F,LLAVE EN MANO,MADERA,POTABLE,13235000.0
2025-10-20,Diego Gonzalez,CONTADO,CARLOS PAZ,194.0,61.6,MINIMALISTA,E.E,LLAVE EN MANO,LADRILLO,POTABLE,25616000.0
2024-03-04,Maria Garcia,FINANCIACION PROPIA,SANTIAGO DEL ESTERO,31.0,60.8,MINIMALISTA,W.F,OBRA GRIS,MADERA,NO LE INTERESA,18759000.0
2024-03-31,Diego Garcia,CONTADO,SANTIAGO DEL ESTERO,85.0,68.5,AMERICANA,W.F,OBRA GRIS,LADRILLO,POTABLE,23264000.0
2024-04-26,Jorge Rodriguez,CONTADO,MENDIOLAZA,35.0,39.4,AMERICANA,W.F,LLAVE EN MANO,MADERA,NO LE INTERESA,18647000.0
2024-09-23,Luis Sanchez,CONTADO,CÓRDOBA CAPITAL,34.0,60.2,AMERICANA,S.F,OBRA GRIS,MADERA,POTABLE,20683000.0
2025-11-15,Luis Sanchez,CONTADO,CÓRDOBA CAPITAL,133.0,36.1,CABAÑA,S.F,LLAVE EN MANO,PIEDRA NATURAL,POTABLE,18588000.0
2025-07-12,Pedro Rodriguez,CONTADO,ALTA GRACIA,110.0,60.2,MINIMALISTA,E.E,OBRA GRIS,PIEDRA NATURAL,POTABLE,16183000.0
2024-05-19,Lucia Romero,CONTADO,CARLOS PAZ,77.0,56.1,MINIMALISTA,S.F,LLAVE EN MANO,MADERA,NO LE INTERESA,27478000.0
2024-09-02,Jorge Lopez,FINANCIACION PROPIA,CARLOS PAZ,18.0,38.6,AMERICANA,S.F,OBRA GRIS,LADRILLO,NO LE INTERESA,13405000.0
2025-10-22,Carla Rodriguez,CONTADO,ALTA GRACIA,39.0,86.2,CABAÑA,E.E,LLAVE EN MANO,MADERA,NO LE INTERESA,35212000.0
2026-01-27,Pedro Gonzalez,CONTADO,CARLOS PAZ,13.0,20.9,AMERICANA,E.E,LLAVE EN MANO,LADRILLO,NO LE INTERESA,8190000.0
2025-01-29,Elena Lopez,CONTADO,BUENOS AIRES,29.0,52.2,MINIMALISTA,W.F,OBRA GRIS,MADERA,NO LE INTERESA,16714000.0
2025-05-01,Carla Garcia,PLAN 36-60,BUENOS AIRES,33.0,38.1,CABAÑA,W.F,LLAVE EN MANO,LADRILLO,POTABLE,17465000.0
2025-04-20,Maria Romero,PLAN 36-60,CARLOS PAZ,89.0,91.7,CABAÑA,E.E,OBRA GRIS,,NO LE INTERESA,25489000.0
2025-05-31,Lucia Perez,PLAN 36-60,BUENOS AIRES,113.0,67.0,MINIMALISTA,W.F,LLAVE EN MANO,LADRILLO,NO LE INTERESA,30484000.0
2024-07-02,Pedro Perez,CONTADO,SANTIAGO DEL ESTERO,27.0,42.0,CABAÑA,W.F,OBRA GRIS,PIEDRA NATURAL,NO LE INTERESA,14182000.0
2024-01-20,Maria Gonzalez,CONTADO,CARLOS PAZ,5.0,49.4,CABAÑA,W.F,OBRA GRIS,LADRILLO,POTABLE,15441000.0
2025-07-11,Carla Garcia,FINANCIACION PROPIA,BUENOS AIRES,99.0,92.2,AMERICANA,E.E,LLAVE EN MANO,PIEDRA NATURAL,NO LE INTERESA,36142000.0
2025-06-07,Elena Perez,FINANCIACION PROPIA,CÓRDOBA CAPITAL,10.0,36.1,CABAÑA,S.F,OBRA GRIS,LADRILLO,NO LE INTERESA,12037000.0
2025-08-04,Jorge Sanchez,CONTADO,SANTIAGO DEL ESTERO,49.0,20.0,AMERICANA,S.F,OBRA GRIS,,POTABLE,7316000.0
2025-06-12,Jorge Rodriguez,PLAN 36-60,CÓRDOBA CAPITAL,5.0,60.8,CABAÑA,E.E,OBRA GRIS,LADRILLO,NO LE INTERESA,16337000.0
2024-05-26,Luis Garcia,CONTADO,CÓRDOBA CAPITAL,26.0,61.3,AMERICANA,E.E,OBRA GRIS,PIEDRA NATURAL,POTABLE,16506000.0
2025-10-27,Diego Garcia,CONTADO,BUENOS AIRES,213.0,68.3,AMERICANA,W.F,LLAVE EN MANO,PIEDRA NATURAL,POTABLE,32300000.0
2024-10-30,Carla Romero,FINANCIACION PROPIA,BUENOS AIRES,5.0,68.5,CABAÑA,E.E,LLAVE EN MANO,LADRILLO,NO LE INTERESA,26616000.0
2025-09-11,Diego Rodriguez,PLAN 36-60,ALTA GRACIA,28.0,90.4,AMERICANA,E.E,OBRA GRIS,MADERA,POTABLE,25829000.0
2026-01-17,Luis Perez,CONTADO,MENDIOLAZA,18.0,20.6,MINIMALISTA,E.E,LLAVE EN MANO,LADRILLO,POTABLE,8392000.0
2025-08-04,Juan Garcia,CONTADO,CARLOS PAZ,118.0,,MINIMALISTA,E.E,OBRA GRIS,LADRILLO,POTABLE,8718000.0
2025-11-25,Maria Lopez,NO SABE,CARLOS PAZ,102.0,68.2,CABAÑA,W.F,OBRA GRIS,,POTABLE,21586000.0
2026-01-31,Ana Lopez,FINANCIACION PROPIA,CARLOS PAZ,14.0,,CABAÑA,W.F,OBRA GRIS,MADERA,POTABLE,10264000.0
2024-08-15,Jorge Sanchez,FINANCIACION PROPIA,CARLOS PAZ,5.0,25.9,CABAÑA,E.E,LLAVE EN MANO,MADERA,POTABLE,10269000.0
2024-04-11,Carla Sanchez,PLAN 36-60,BUENOS AIRES,49.0,92.3,MINIMALISTA,E.E,OBRA GRIS,MADERA,POTABLE,25275000.0
2025-08-09,Juan Gonzalez,PLAN 36-60,SANTIAGO DEL ESTERO,21.0,22.6,CABAÑA,S.F,OBRA GRIS,MADERA,VENDIDO,8048000.0
2025-02-20,Ana Gonzalez,CONTADO,LA PLATA,56.0,48.0,CABAÑA,S.F,LLAVE EN MANO,LADRILLO,VENDIDO,23172000.0
2024-08-03,Jorge Martinez,CONTADO,CÓRDOBA CAPITAL,5.0,53.8,AMERICANA,E.E,OBRA GRIS,MADERA,NO LE INTERESA,14842000.0
2025-02-10,Pedro Martinez,PLAN 36-60,MENDIOLAZA,7.0,81.2,CABAÑA,S.F,LLAVE EN MANO,MADERA,POTABLE,38800000.0
2025-02-02,Lucia Lopez,PLAN 36-60,MENDIOLAZA,58.0,20.0,MINIMALISTA,S.F,LLAVE EN MANO,MADERA,NO LE INTERESA,9806000.0
2025-12-15,Pedro Gonzalez,,LA PLATA,12.0,63.3,MINIMALISTA,W.F,LLAVE EN MANO,PIEDRA NATURAL,NO LE INTERESA,27589000.0
2025-12-04,Jorge Gonzalez,,LA PLATA,97.0,37.2,CABAÑA,W.F,OBRA GRIS,PIEDRA NATURAL,POTABLE,11905000.0
2026-01-30,Elena Garcia,CONTADO,LA PLATA,5.0,67.6,MINIMALISTA,W.F,OBRA GRIS,PIEDRA NATURAL,NO LE INTERESA,22380000.0
2025-05-13,Diego Sanchez,CONTADO,BUENOS AIRES,12.0,36.9,AMERICANA,S.F,OBRA GRIS,MADERA,VENDIDO,12565000.0
2026-01-23,Carla Romero,CONTADO,SANTIAGO DEL ESTERO,327.0,86.4,AMERICANA,E.E,OBRA GRIS,LADRILLO,NO LE INTERESA,25786000.0
2025-04-09,Carla Lopez,PLAN 36-60,LA PLATA,28.0,37.0,CABAÑA,W.F,OBRA GRIS,LADRILLO,POTABLE,11948000.0
2025-11-21,Pedro Romero,CONTADO,SANTIAGO DEL ESTERO,61.0,20.0,CABAÑA,S.F,OBRA GRIS,PIEDRA NATURAL,NO LE INTERESA,6813000.0
2025-12-31,Elena Lopez,CONTADO,BUENOS AIRES,10.0,39.2,AMERICANA,E.E,OBRA GRIS,PIEDRA NATURAL,POTABLE,11478000.0
2024-03-22,Jorge Garcia,PLAN 36-60,ALTA GRACIA,47.0,49.8,AMERICANA,W.F,OBRA GRIS,MADERA,POTABLE,16036000.0
2025-08-26,Diego Gonzalez,PLAN 36-60,ALTA GRACIA,65.0,76.6,CABAÑA,S.F,OBRA GRIS,,NO LE INTERESA,27061000.0
2025-11-17,Elena Sanchez,PLAN 36-60,MENDIOLAZA,19.0,29.8,MINIMALISTA,W.F,OBRA GRIS,PIEDRA NATURAL,POTABLE,9321000.0
2026-01-20,Lucia Perez,CONTADO,ALTA GRACIA,88.0,30.2,CABAÑA,S.F,OBRA GRIS,PIEDRA NATURAL,POTABLE,10524000.0
2026-02-10,Lucia Garcia,PLAN 36-60,SANTIAGO DEL ESTERO,46.0,74.2,CABAÑA,W.F,OBRA GRIS,PIEDRA NATURAL,POTABLE,24449000.0
2024-12-30,Juan Garcia,PLAN 36-60,SANTIAGO DEL ESTERO,25.0,27.5,CABAÑA,S.F,LLAVE EN MANO,LADRILLO,NO LE INTERESA,13004000.0
2024-06-11,Ana Lopez,CONTADO,CÓRDOBA CAPITAL,41.0,51.4,CABAÑA,E.E,LLAVE EN MANO,MADERA,VENDIDO,20353000.0
2024-02-17,Carla Rodriguez,FINANCIACION PROPIA,LA PLATA,43.0,51.8,CABAÑA,W.F,OBRA GRIS,LADRILLO,NO LE INTERESA,17068000.0
2025-05-25,Jorge Romero,PLAN 36-60,CARLOS PAZ,9.0,59.4,CABAÑA,W.F,OBRA GRIS,PIEDRA NATURAL,POTABLE,18187000.0
2024-11-24,Elena Lopez,CONTADO,CARLOS PAZ,26.0,40.0,CABAÑA,S.F,LLAVE EN MANO,MADERA,NO LE INTERESA,20302000.0
2024-04-25,Ana Garcia,,LA PLATA,21.0,36.5,MINIMALISTA,E.E,LLAVE EN MANO,MADERA,NO LE INTERESA,13703000.0
2024-12-02,Luis Gonzalez,FINANCIACION PROPIA,CARLOS PAZ,26.0,61.7,CABAÑA,E.E,OBRA GRIS,LADRILLO,NO LE INTERESA,16877000.0
2026-01-06,Diego Lopez,NO SABE,CARLOS PAZ,72.0,37.1,AMERICANA,W.F,OBRA GRIS,LADRILLO,NO LE INTERESA,12613000.0
2024-05-26,Pedro Martinez,PLAN 36-60,BUENOS AIRES,33.0,27.8,CABAÑA,S.F,OBRA GRIS,,POTABLE,9370000.0
2025-07-28,Pedro Romero,,CARLOS PAZ,141.0,79.6,MINIMALISTA,W.F,OBRA GRIS,LADRILLO,POTABLE,26685000.0
2024-11-18,Carla Garcia,CONTADO,MENDIOLAZA,17.0,64.8,AMERICANA,S.F,OBRA GRIS,PIEDRA NATURAL,NO LE INTERESA,23051000.0
2025-03-18,Jorge Romero,PLAN 36-60,SANTIAGO DEL ESTERO,27.0,90.4,CABAÑA,E.E,LLAVE EN MANO,PIEDRA NATURAL,POTABLE,35826000.0
2024-01-13,Juan Perez,NO SABE,SANTIAGO DEL ESTERO,77.0,70.7,CABAÑA,W.F,OBRA GRIS,PIEDRA NATURAL,NO LE INTERESA,23068000.0
2025-05-08,Ana Martinez,PLAN 36-60,SANTIAGO DEL ESTERO,39.0,,AMERICANA,S.F,LLAVE EN MANO,MADERA,POTABLE,14077000.0
2025-12-01,Pedro Martinez,FINANCIACION PROPIA,LA PLATA,40.0,,CABAÑA,E.E,LLAVE EN MANO,MADERA,NO LE INTERESA,22742000.0
2024-10-13,Jorge Rodriguez,CONTADO,ALTA GRACIA,5.0,34.7,MINIMALISTA,S.F,OBRA GRIS,LADRILLO,POTABLE,12701000.0
2025-12-20,Juan Perez,PLAN 36-60,MENDIOLAZA,25.0,22.0,CABAÑA,W.F,OBRA GRIS,LADRILLO,POTABLE,6820000.0
2024-04-23,Elena Lopez,NO SABE,MENDIOLAZA,16.0,46.1,MINIMALISTA,S.F,LLAVE EN MANO,MADERA,NO LE INTERESA,22234000.0
2025-04-24,Ana Martinez,FINANCIACION PROPIA,CARLOS PAZ,366.0,,CABAÑA,W.F,OBRA GRIS,LADRILLO,NO LE INTERESA,24502000.0
2024-01-22,Carla Garcia,NO SABE,CÓRDOBA CAPITAL,18.0,60.5,AMERICANA,E.E,LLAVE EN MANO,PIEDRA NATURAL,POTABLE,23107000.0
2024-12-14,Juan Rodriguez,FINANCIACION PROPIA,SANTIAGO DEL ESTERO,108.0,27.2,MINIMALISTA,S.F,LLAVE EN MANO,PIEDRA NATURAL,NO LE INTERESA,13815000.0
2025-12-26,Ana Sanchez,PLAN 36-60,BUENOS AIRES,56.0,45.4,CABAÑA,E.E,OBRA GRIS,,POTABLE,13037000.0
2025-11-13,Carla Sanchez,PLAN 36-60,MENDIOLAZA,21.0,52.1,CABAÑA,E.E,OBRA GRIS,LADRILLO,NO LE INTERESA,14061000.0
2025-07-19,Jorge Romero,NO SABE,MENDIOLAZA,39.0,21.2,AMERICANA,W.F,OBRA GRIS,LADRILLO,NO LE INTERESA,6933000.0
2024-11-15,Diego Martinez,PLAN 36-60,CÓRDOBA CAPITAL,92.0,69.3,AMERICANA,W.F,LLAVE EN MANO,MADERA,NO LE INTERESA,30967000.0
2024-05-05,Luis Perez,CONTADO,CARLOS PAZ,107.0,50.4,MINIMALISTA,E.E,LLAVE EN MANO,PIEDRA NATURAL,NO LE INTERESA,19376000.0
2024-10-03,Elena Garcia,PLAN 36-60,MENDIOLAZA,9.0,27.2,MINIMALISTA,W.F,LLAVE EN MANO,PIEDRA NATURAL,NO LE INTERESA,12703000.0
2024-07-22,Juan Lopez,PLAN 36-60,MENDIOLAZA,21.0,26.1,MINIMALISTA,E.E,OBRA GRIS,LADRILLO,POTABLE,7013000.0
2024-07-12,Jorge Perez,CONTADO,ALTA GRACIA,20.0,77.0,CABAÑA,W.F,LLAVE EN MANO,MADERA,POTABLE,34628000.0
2025-11-11,Ana Martinez,FINANCIACION PROPIA,CÓRDOBA CAPITAL,5.0,47.4,CABAÑA,W.F,OBRA GRIS,,NO LE INTERESA,15233000.0
2025-10-25,Luis Gonzalez,CONTADO,BUENOS AIRES,46.0,78.8,MINIMALISTA,S.F,OBRA GRIS,PIEDRA NATURAL,NO LE INTERESA,27843000.0
2025-06-30,Juan Sanchez,PLAN 36-60,BUENOS AIRES,96.0,86.4,CABAÑA,S.F,LLAVE EN MANO,PIEDRA NATURAL,NO LE INTERESA,41195000.0
2025-11-26,Lucia Lopez,FINANCIACION PROPIA,CARLOS PAZ,24.0,75.4,AMERICANA,W.F,OBRA GRIS,LADRILLO,NO LE INTERESA,25217000.0
2024-10-12,Luis Rodriguez,PLAN 36-60,CARLOS PAZ,67.0,44.3,CABAÑA,E.E,LLAVE EN MANO,MADERA,NO LE INTERESA,18279000.0
2024-02-26,Lucia Rodriguez,FINANCIACION PROPIA,SANTIAGO DEL ESTERO,49.0,20.0,MINIMALISTA,E.E,OBRA GRIS,LADRILLO,NO LE INTERESA,5701000.0
2026-01-03,Diego Rodriguez,CONTADO,ALTA GRACIA,24.0,61.3,CABAÑA,E.E,OBRA GRIS,LADRILLO,NO LE INTERESA,16781000.0
2024-10-29,Jorge Martinez,NO SABE,CARLOS PAZ,8.0,,AMERICANA,W.F,LLAVE EN MANO,MADERA,POTABLE,45294000.0
2024-06-11,Jorge Martinez,CONTADO,ALTA GRACIA,62.0,54.3,MINIMALISTA,W.F,OBRA GRIS,MADERA,NO LE INTERESA,18436000.0
2024-01-19,Pedro Sanchez,CONTADO,SANTIAGO DEL ESTERO,96.0,20.0,MINIMALISTA,E.E,LLAVE EN MANO,PIEDRA NATURAL,NO LE INTERESA,8177000.0
2025-01-04,Pedro Rodriguez,FINANCIACION PROPIA,BUENOS AIRES,58.0,41.5,MINIMALISTA,S.F,OBRA GRIS,MADERA,POTABLE,14369000.0
2024-09-20,Maria Rodriguez,FINANCIACION PROPIA,CÓRDOBA CAPITAL,5.0,51.3,MINIMALISTA,S.F,LLAVE EN MANO,LADRILLO,POTABLE,24481000.0
2024-04-22,Pedro Perez,CONTADO,MENDIOLAZA,12.0,33.0,CABAÑA,E.E,LLAVE EN MANO,LADRILLO,NO LE INTERESA,12509000.0
2025-05-02,Lucia Lopez,NO SABE,MENDIOLAZA,5.0,20.0,AMERICANA,W.F,OBRA GRIS,MADERA,POTABLE,6277000.0
2024-11-22,Lucia Romero,PLAN 36-60,LA PLATA,42.0,,CABAÑA,W.F,OBRA GRIS,LADRILLO,NO LE INTERESA,16662000.0
2025-06-25,Maria Lopez,NO SABE,LA PLATA,71.0,39.3,CABAÑA,E.E,LLAVE EN MANO,MADERA,VENDIDO,16237000.0
2025-10-08,Maria Rodriguez,PLAN 36-60,LA PLATA,6.0,90.5,MINIMALISTA,S.F,LLAVE EN MANO,PIEDRA NATURAL,POTABLE,44989000.0
2025-08-01,Elena Sanchez,PLAN 36-60,MENDIOLAZA,91.0,57.0,AMERICANA,E.E,LLAVE EN MANO,PIEDRA NATURAL,POTABLE,21732000.0
2024-03-05,Carla Martinez,PLAN 36-60,ALTA GRACIA,41.0,64.4,CABAÑA,E.E,LLAVE EN MANO,MADERA,NO LE INTERESA,25276000.0
2024-10-18,Juan Rodriguez,CONTADO,LA PLATA,59.0,52.6,AMERICANA,E.E,OBRA GRIS,LADRILLO,POTABLE,14349000.0
2024-01-25,Juan Sanchez,PLAN 36-60,CÓRDOBA CAPITAL,178.0,56.9,AMERICANA,S.F,OBRA GRIS,MADERA,NO LE INTERESA,20396000.0
2025-07-02,Diego Perez,PLAN 36-60,CARLOS PAZ,5.0,22.0,AMERICANA,E.E,OBRA GRIS,MADERA,POTABLE,6070000.0
2024-01-01,Maria Rodriguez,CONTADO,ALTA GRACIA,116.0,34.2,AMERICANA,S.F,OBRA GRIS,PIEDRA NATURAL,NO LE INTERESA,11774000.0
2025-07-02,Maria Romero,CONTADO,MENDIOLAZA,7.0,76.8,CABAÑA,W.F,OBRA GRIS,MADERA,POTABLE,24104000.0
2024-05-20,Diego Garcia,CONTADO,CÓRDOBA CAPITAL,25.0,59.2,AMERICANA,S.F,LLAVE EN MANO,PIEDRA NATURAL,NO LE INTERESA,29554000.0
2026-01-13,Ana Lopez,FINANCIACION PROPIA,BUENOS AIRES,95.0,47.0,CABAÑA,S.F,LLAVE EN MANO,PIEDRA NATURAL,NO LE INTERESA,22959000.0
2025-10-09,Ana Sanchez,PLAN 36-60,MENDIOLAZA,118.0,64.7,AMERICANA,E.E,OBRA GRIS,MADERA,VENDIDO,18317000.0
2024-07-06,Maria Martinez,FINANCIACION PROPIA,ALTA GRACIA,35.0,65.1,AMERICANA,W.F,OBRA GRIS,MADERA,NO LE INTERESA,21690000.0
2024-05-07,Juan Gonzalez,,ALTA GRACIA,45.0,94.8,CABAÑA,E.E,LLAVE EN MANO,MADERA,NO LE INTERESA,37808000.0
2024-07-19,Ana Lopez,PLAN 36-60,ALTA GRACIA,62.0,58.3,MINIMALISTA,S.F,OBRA GRIS,MADERA,NO LE INTERESA,20421000.0
2024-05-06,Juan Rodriguez,NO SABE,SANTIAGO DEL ESTERO,89.0,33.7,CABAÑA,S.F,OBRA GRIS,PIEDRA NATURAL,VENDIDO,12470000.0
2024-09-13,Maria Romero,CONTADO,CARLOS PAZ,6.0,52.7,AMERICANA,E.E,LLAVE EN MANO,MADERA,POTABLE,20077000.0
2025-11-06,Elena Martinez,CONTADO,LA PLATA,83.0,67.2,CABAÑA,W.F,OBRA GRIS,PIEDRA NATURAL,NO LE INTERESA,21304000.0
2025-06-30,Pedro Romero,PLAN 36-60,SANTIAGO DEL ESTERO,33.0,74.9,AMERICANA,S.F,OBRA GRIS,PIEDRA NATURAL,POTABLE,27345000.0
2024-07-12,Carla Perez,PLAN 36-60,CARLOS PAZ,30.0,22.7,CABAÑA,S.F,OBRA GRIS,LADRILLO,POTABLE,8272000.0
2025-12-03,Jorge Romero,FINANCIACION PROPIA,MENDIOLAZA,28.0,,CABAÑA,S.F,OBRA GRIS,PIEDRA NATURAL,NO LE INTERESA,20297000.0
2024-04-13,Maria Sanchez,PLAN 36-60,LA PLATA,36.0,37.1,CABAÑA,W.F,LLAVE EN MANO,LADRILLO,NO LE INTERESA,17500000.0
2025-06-18,Carla Romero,CONTADO,BUENOS AIRES,145.0,43.7,MINIMALISTA,E.E,OBRA GRIS,MADERA,NO LE INTERESA,11843000.0
2024-09-21,Juan Gonzalez,FINANCIACION PROPIA,SANTIAGO DEL ESTERO,40.0,71.9,CABAÑA,W.F,OBRA GRIS,LADRILLO,POTABLE,23960000.0
2025-01-18,Jorge Martinez,PLAN 36-60,SANTIAGO DEL ESTERO,153.0,69.9,CABAÑA,W.F,LLAVE EN MANO,MADERA,POTABLE,31038000.0
2024-09-16,Ana Garcia,,CÓRDOBA CAPITAL,10.0,41.4,MINIMALISTA,S.F,LLAVE EN MANO,PIEDRA NATURAL,POTABLE,19669000.0
2025-02-17,Pedro Gonzalez,PLAN 36-60,BUENOS AIRES,64.0,51.8,MINIMALISTA,W.F,LLAVE EN MANO,LADRILLO,VENDIDO,23327000.0
2024-12-23,Juan Perez,NO SABE,BUENOS AIRES,84.0,44.3,AMERICANA,S.F,OBRA GRIS,MADERA,POTABLE,16252000.0
2024-03-15,Pedro Garcia,FINANCIACION PROPIA,SANTIAGO DEL ESTERO,57.0,112.8,AMERICANA,W.F,LLAVE EN MANO,MADERA,POTABLE,52392000.0
2024-12-20,Elena Perez,PLAN 36-60,ALTA GRACIA,47.0,60.6,CABAÑA,W.F,LLAVE EN MANO,LADRILLO,NO LE INTERESA,28668000.0
2025-08-06,Elena Rodriguez,CONTADO,MENDIOLAZA,42.0,38.2,AMERICANA,E.E,OBRA GRIS,LADRILLO,POTABLE,10803000.0
2026-02-09,Lucia Perez,CONTADO,BUENOS AIRES,99.0,81.4,CABAÑA,W.F,LLAVE EN MANO,MADERA,POTABLE,36883000.0
2024-07-06,Maria Martinez,PLAN 36-60,SANTIAGO DEL ESTERO,86.0,82.1,MINIMALISTA,E.E,OBRA GRIS,MADERA,NO LE INTERESA,21991000.0
2025-11-15,Pedro Garcia,FINANCIACION PROPIA,ALTA GRACIA,7.0,90.8,MINIMALISTA,S.F,OBRA GRIS,PIEDRA NATURAL,NO LE INTERESA,30775000.0
2024-10-16,Maria Lopez,CONTADO,CARLOS PAZ,94.0,96.8,CABAÑA,S.F,OBRA GRIS,MADERA,NO LE INTERESA,34013000.0
2024-02-14,Diego Martinez,CONTADO,CARLOS PAZ,27.0,69.2,AMERICANA,E.E,LLAVE EN MANO,LADRILLO,NO LE INTERESA,27853000.0
2025-07-26,Carla Lopez,NO SABE,BUENOS AIRES,15.0,48.0,AMERICANA,S.F,OBRA GRIS,MADERA,VENDIDO,17365000.0
2024-03-23,Juan Romero,,ALTA GRACIA,102.0,50.9,AMERICANA,S.F,LLAVE EN MANO,MADERA,POTABLE,24550000.0
2024-05-02,Carla Martinez,PLAN 36-60,CÓRDOBA CAPITAL,28.0,49.2,CABAÑA,W.F,LLAVE EN MANO,LADRILLO,POTABLE,22693000.0
2024-12-23,Maria Sanchez,CONTADO,CÓRDOBA CAPITAL,83.0,46.9,AMERICANA,E.E,OBRA GRIS,,POTABLE,13692000.0
2025-06-11,Elena Gonzalez,CONTADO,CARLOS PAZ,15.0,79.8,MINIMALISTA,S.F,OBRA GRIS,MADERA,NO LE INTERESA,27603000.0
2024-03-06,Luis Perez,CONTADO,MENDIOLAZA,5.0,55.0,MINIMALISTA,E.E,LLAVE EN MANO,LADRILLO,NO LE INTERESA,21989000.0
2025-10-18,Carla Perez,PLAN 36-60,SANTIAGO DEL ESTERO,34.0,74.4,MINIMALISTA,W.F,OBRA GRIS,LADRILLO,NO LE INTERESA,23857000.0
2025-01-09,Jorge Martinez,CONTADO,BUENOS AIRES,5.0,68.5,MINIMALISTA,S.F,LLAVE EN MANO,LADRILLO,POTABLE,35203000.0
2024-06-10,Maria Martinez,FINANCIACION PROPIA,BUENOS AIRES,70.0,33.0,MINIMALISTA,S.F,LLAVE EN MANO,LADRILLO,POTABLE,15472000.0
2026-01-15,Carla Garcia,NO SABE,CARLOS PAZ,16.0,20.7,MINIMALISTA,E.E,LLAVE EN MANO,PIEDRA NATURAL,NO LE INTERESA,8069000.0
2025-01-14,Ana Gonzalez,CONTADO,CARLOS PAZ,29.0,30.3,MINIMALISTA,S.F,LLAVE EN MANO,LADRILLO,POTABLE,14539000.0
2025-10-17,Carla Sanchez,PLAN 36-60,ALTA GRACIA,5.0,46.5,MINIMALISTA,E.E,LLAVE EN MANO,MADERA,NO LE INTERESA,18873000.0
2024-12-23,Juan Gonzalez,FINANCIACION PROPIA,CÓRDOBA CAPITAL,17.0,57.7,MINIMALISTA,S.F,LLAVE EN MANO,PIEDRA NATURAL,VENDIDO,27696000.0
2024-07-06,Ana Gonzalez,NO SABE,MENDIOLAZA,76.0,42.0,CABAÑA,W.F,OBRA GRIS,LADRILLO,POTABLE,13698000.0
2024-11-17,Elena Sanchez,FINANCIACION PROPIA,ALTA GRACIA,8.0,69.1,CABAÑA,W.F,LLAVE EN MANO,MADERA,NO LE INTERESA,31911000.0
2025-03-25,Maria Rodriguez,CONTADO,CARLOS PAZ,52.0,44.4,MINIMALISTA,E.E,LLAVE EN MANO,PIEDRA NATURAL,NO LE INTERESA,17478000.0
2025-04-18,Maria Sanchez,CONTADO,LA PLATA,125.0,60.1,MINIMALISTA,S.F,OBRA GRIS,MADERA,POTABLE,21032000.0
2024-01-13,Ana Sanchez,FINANCIACION PROPIA,SANTIAGO DEL ESTERO,57.0,57.4,MINIMALISTA,S.F,OBRA GRIS,PIEDRA NATURAL,POTABLE,19253000.0
2024-07-02,Carla Sanchez,PLAN 36-60,CARLOS PAZ,83.0,89.7,AMERICANA,E.E,LLAVE EN MANO,,POTABLE,33603000.0
2024-04-20,Jorge Lopez,CONTADO,ALTA GRACIA,6.0,35.5,CABAÑA,W.F,LLAVE EN MANO,MADERA,NO LE INTERESA,16745000.0
2025-05-22,Maria Romero,PLAN 36-60,LA PLATA,14.0,99.2,MINIMALISTA,W.F,LLAVE EN MANO,LADRILLO,POTABLE,45381000.0
2024-10-16,Elena Martinez,FINANCIACION PROPIA,LA PLATA,112.0,43.1,CABAÑA,W.F,OBRA GRIS,PIEDRA NATURAL,NO LE INTERESA,14503000.0
2024-10-21,Jorge Lopez,CONTADO,CARLOS PAZ,63.0,28.2,MINIMALISTA,E.E,LLAVE EN MANO,LADRILLO,VENDIDO,11127000.0
2025-03-26,Luis Gonzalez,FINANCIACION PROPIA,MENDIOLAZA,51.0,,AMERICANA,W.F,LLAVE EN MANO,LADRILLO,POTABLE,22385000.0
2024-08-02,Carla Perez,CONTADO,CÓRDOBA CAPITAL,54.0,119.8,MINIMALISTA,E.E,OBRA GRIS,MADERA,POTABLE,32934000.0
2025-09-23,Pedro Lopez,FINANCIACION PROPIA,LA PLATA,27.0,72.9,CABAÑA,W.F,OBRA GRIS,LADRILLO,NO LE INTERESA,22441000.0
2025-07-20,Elena Sanchez,PLAN 36-60,BUENOS AIRES,5.0,67.1,CABAÑA,W.F,OBRA GRIS,LADRILLO,NO LE INTERESA,22242000.0
2024-01-27,Diego Romero,CONTADO,SANTIAGO DEL ESTERO,77.0,70.9,CABAÑA,E.E,LLAVE EN MANO,LADRILLO,POTABLE,28136000.0
2025-09-21,Luis Rodriguez,FINANCIACION PROPIA,ALTA GRACIA,57.0,39.6,CABAÑA,S.F,OBRA GRIS,PIEDRA NATURAL,NO LE INTERESA,13919000.0
2026-01-02,Pedro Garcia,FINANCIACION PROPIA,ALTA GRACIA,32.0,61.5,MINIMALISTA,S.F,LLAVE EN MANO,MADERA,NO LE INTERESA,31246000.0
2024-08-18,Carla Romero,NO SABE,ALTA GRACIA,115.0,55.1,AMERICANA,S.F,OBRA GRIS,MADERA,POTABLE,19350000.0
2025-07-18,Lucia Perez,CONTADO,BUENOS AIRES,20.0,91.2,AMERICANA,W.F,OBRA GRIS,LADRILLO,POTABLE,30713000.0
2024-11-16,Luis Garcia,,CARLOS PAZ,17.0,52.8,MINIMALISTA,W.F,LLAVE EN MANO,MADERA,VENDIDO,22668000.0
2024-08-20,Carla Sanchez,PLAN 36-60,ALTA GRACIA,103.0,47.4,MINIMALISTA,S.F,LLAVE EN MANO,PIEDRA NATURAL,POTABLE,24514000.0
2025-10-31,Jorge Romero,PLAN 36-60,BUENOS AIRES,80.0,31.7,CABAÑA,W.F,OBRA GRIS,PIEDRA NATURAL,POTABLE,10654000.0
2025-03-12,Maria Martinez,FINANCIACION PROPIA,ALTA GRACIA,36.0,57.8,MINIMALISTA,W.F,LLAVE EN MANO,LADRILLO,NO LE INTERESA,25731000.0
2026-02-19,Maria Rodriguez,CONTADO,SANTIAGO DEL ESTERO,7.0,60.9,AMERICANA,S.F,LLAVE EN MANO,LADRILLO,POTABLE,30136000.0
2025-06-16,Juan Gonzalez,CONTADO,BUENOS AIRES,12.0,31.0,MINIMALISTA,E.E,OBRA GRIS,PIEDRA NATURAL,VENDIDO,9015000.0
2025-02-06,Maria Lopez,PLAN 36-60,CÓRDOBA CAPITAL,53.0,64.1,MINIMALISTA,S.F,LLAVE EN MANO,PIEDRA NATURAL,POTABLE,31431000.0
2024-02-22,Maria Lopez,CONTADO,MENDIOLAZA,24.0,59.7,AMERICANA,S.F,LLAVE EN MANO,PIEDRA NATURAL,NO LE INTERESA,27974000.0
2026-02-25,Ana Lopez,NO SABE,CARLOS PAZ,91.0,75.3,AMERICANA,E.E,OBRA GRIS,LADRILLO,POTABLE,22077000.0
2024-11-08,Pedro Garcia,PLAN 36-60,CARLOS PAZ,150.0,79.2,MINIMALISTA,W.F,LLAVE EN MANO,PIEDRA NATURAL,POTABLE,35989000.0
2024-10-07,Elena Martinez,PLAN 36-60,ALTA GRACIA,82.0,56.9,CABAÑA,S.F,LLAVE EN MANO,LADRILLO,NO LE INTERESA,28130000.0
2025-12-26,Maria Sanchez,FINANCIACION PROPIA,SANTIAGO DEL ESTERO,24.0,34.3,CABAÑA,S.F,LLAVE EN MANO,PIEDRA NATURAL,VENDIDO,16024000.0
2024-01-31,Pedro Rodriguez,PLAN 36-60,LA PLATA,78.0,38.4,CABAÑA,W.F,OBRA GRIS,PIEDRA NATURAL,POTABLE,11983000.0
2024-12-02,Lucia Martinez,PLAN 36-60,BUENOS AIRES,22.0,90.2,AMERICANA,W.F,LLAVE EN MANO,MADERA,NO LE INTERESA,41824000.0
2024-07-01,Ana Garcia,CONTADO,ALTA GRACIA,9.0,58.3,AMERICANA,E.E,LLAVE EN MANO,PIEDRA NATURAL,POTABLE,22718000.0
2024-01-23,Pedro Sanchez,CONTADO,BUENOS AIRES,5.0,89.9,CABAÑA,W.F,LLAVE EN MANO,LADRILLO,NO LE INTERESA,42553000.0
2025-06-27,Juan Sanchez,CONTADO,ALTA GRACIA,24.0,65.0,MINIMALISTA,S.F,LLAVE EN MANO,PIEDRA NATURAL,VENDIDO,32510000.0
2025-03-21,Elena Lopez,PLAN 36-60,CARLOS PAZ,117.0,70.1,MINIMALISTA,W.F,LLAVE EN MANO,,NO LE INTERESA,33205000.0
2024-03-14,Maria Martinez,PLAN 36-60,CARLOS PAZ,14.0,73.8,MINIMALISTA,W.F,OBRA GRIS,PIEDRA NATURAL,NO LE INTERESA,23260000.0
2024-01-10,Carla Sanchez,CONTADO,ALTA GRACIA,12.0,30.5,AMERICANA,E.E,LLAVE EN MANO,PIEDRA NATURAL,POTABLE,11586000.0
2025-04-28,Jorge Perez,PLAN 36-60,CARLOS PAZ,175.0,61.1,AMERICANA,E.E,OBRA GRIS,PIEDRA NATURAL,POTABLE,17156000.0
2025-03-31,Pedro Garcia,CONTADO,SANTIAGO DEL ESTERO,5.0,30.3,CABAÑA,S.F,LLAVE EN MANO,LADRILLO,POTABLE,14505000.0
2025-07-19,Ana Martinez,NO SABE,LA PLATA,77.0,49.3,MINIMALISTA,S.F,OBRA GRIS,PIEDRA NATURAL,POTABLE,17567000.0
2025-07-17,Lucia Rodriguez,CONTADO,LA PLATA,19.0,67.8,AMERICANA,W.F,LLAVE EN MANO,PIEDRA NATURAL,NO LE INTERESA,31341000.0
2025-10-21,Elena Romero,FINANCIACION PROPIA,BUENOS AIRES,5.0,34.5,AMERICANA,S.F,OBRA GRIS,PIEDRA NATURAL,NO LE INTERESA,11964000.0
2024-06-08,Diego Rodriguez,PLAN 36-60,LA PLATA,125.0,66.2,CABAÑA,S.F,LLAVE EN MANO,MADERA,POTABLE,31287000.0
2024-01-14,Diego Sanchez,PLAN 36-60,BUENOS AIRES,8.0,25.0,MINIMALISTA,W.F,LLAVE EN MANO,LADRILLO,NO LE INTERESA,10748000.0
2024-06-26,Maria Garcia,CONTADO,ALTA GRACIA,40.0,,AMERICANA,W.F,LLAVE EN MANO,LADRILLO,VENDIDO,34185000.0
2025-02-15,Carla Rodriguez,NO SABE,MENDIOLAZA,16.0,41.7,AMERICANA,W.F,LLAVE EN MANO,MADERA,NO LE INTERESA,19260000.0
2024-02-22,Juan Lopez,CONTADO,ALTA GRACIA,5.0,34.5,AMERICANA,E.E,OBRA GRIS,,NO LE INTERESA,9398000.0
2025-02-11,Juan Garcia,PLAN 36-60,ALTA GRACIA,5.0,26.3,AMERICANA,E.E,LLAVE EN MANO,MADERA,POTABLE,10741000.0
2024-01-22,Ana Martinez,NO SABE,SANTIAGO DEL ESTERO,6.0,43.4,MINIMALISTA,W.F,LLAVE EN MANO,PIEDRA NATURAL,POTABLE,19871000.0
2024-01-30,Jorge Gonzalez,FINANCIACION PROPIA,LA PLATA,5.0,20.0,CABAÑA,E.E,LLAVE EN MANO,LADRILLO,POTABLE,8132000.0
2025-12-03,Juan Lopez,PLAN 36-60,CARLOS PAZ,71.0,44.0,MINIMALISTA,E.E,LLAVE EN MANO,PIEDRA NATURAL,VENDIDO,17156000.0
2024-09-16,Pedro Romero,NO SABE,CARLOS PAZ,33.0,77.0,CABAÑA,E.E,OBRA GRIS,PIEDRA NATURAL,NO LE INTERESA,22654000.0
2024-07-23,Maria Perez,FINANCIACION PROPIA,CÓRDOBA CAPITAL,21.0,51.2,AMERICANA,S.F,LLAVE EN MANO,LADRILLO,NO LE INTERESA,25570000.0
2024-02-28,Ana Gonzalez,CONTADO,CÓRDOBA CAPITAL,27.0,31.4,MINIMALISTA,W.F,LLAVE EN MANO,PIEDRA NATURAL,POTABLE,13993000.0
2025-04-15,Elena Perez,PLAN 36-60,BUENOS AIRES,132.0,59.5,CABAÑA,W.F,LLAVE EN MANO,PIEDRA NATURAL,NO LE INTERESA,26244000.0
2026-02-14,Luis Martinez,CONTADO,MENDIOLAZA,121.0,57.8,CABAÑA,S.F,LLAVE EN MANO,MADERA,POTABLE,29548000.0
2025-04-10,Jorge Garcia,CONTADO,BUENOS AIRES,63.0,,AMERICANA,E.E,OBRA GRIS,LADRILLO,NO LE INTERESA,25962000.0
2024-01-12,Juan Lopez,FINANCIACION PROPIA,CARLOS PAZ,108.0,70.8,CABAÑA,W.F,LLAVE EN MANO,PIEDRA NATURAL,POTABLE,30617000.0
2025-09-22,Juan Perez,PLAN 36-60,LA PLATA,19.0,61.1,CABAÑA,E.E,OBRA GRIS,MADERA,NO LE INTERESA,16757000.0
2024-10-16,Pedro Perez,CONTADO,BUENOS AIRES,24.0,73.1,CABAÑA,S.F,LLAVE EN MANO,LADRILLO,POTABLE,34706000.0
2026-01-29,Juan Perez,FINANCIACION PROPIA,ALTA GRACIA,48.0,52.3,AMERICANA,E.E,OBRA GRIS,PIEDRA NATURAL,NO LE INTERESA,14451000.0
2024-12-19,Luis Martinez,CONTADO,CARLOS PAZ,49.0,53.5,MINIMALISTA,S.F,OBRA GRIS,PIEDRA NATURAL,NO LE INTERESA,19011000.0
2025-09-30,Lucia Perez,NO SABE,MENDIOLAZA,33.0,,AMERICANA,S.F,LLAVE EN MANO,PIEDRA NATURAL,NO LE INTERESA,43269000.0
2024-03-15,Maria Romero,NO SABE,MENDIOLAZA,26.0,22.3,CABAÑA,E.E,LLAVE EN MANO,PIEDRA NATURAL,POTABLE,8966000.0
2025-12-16,Luis Romero,NO SABE,CARLOS PAZ,214.0,74.4,CABAÑA,E.E,LLAVE EN MANO,PIEDRA NATURAL,NO LE INTERESA,28996000.0
2025-07-14,Lucia Martinez,,CÓRDOBA CAPITAL,86.0,52.8,MINIMALISTA,W.F,LLAVE EN MANO,LADRILLO,NO LE INTERESA,23021000.0
2025-08-13,Elena Martinez,CONTADO,LA PLATA,29.0,49.2,CABAÑA,S.F,OBRA GRIS,LADRILLO,VENDIDO,16677000.0
2025-03-16,Ana Rodriguez,PLAN 36-60,CARLOS PAZ,65.0,43.9,MINIMALISTA,E.E,OBRA GRIS,MADERA,POTABLE,12758000.0
2024-08-28,Ana Romero,CONTADO,ALTA GRACIA,16.0,58.1,CABAÑA,E.E,OBRA GRIS,MADERA,VENDIDO,15637000.0
2024-06-02,Carla Martinez,CONTADO,ALTA GRACIA,5.0,54.1,CABAÑA,W.F,OBRA GRIS,MADERA,NO LE INTERESA,17947000.0
2026-02-24,Jorge Garcia,PLAN 36-60,SANTIAGO DEL ESTERO,22.0,46.7,AMERICANA,W.F,LLAVE EN MANO,LADRILLO,POTABLE,20479000.0
2024-04-05,Pedro Sanchez,CONTADO,ALTA GRACIA,26.0,40.9,AMERICANA,W.F,LLAVE EN MANO,LADRILLO,NO LE INTERESA,18806000.0
2025-12-26,Luis Sanchez,NO SABE,CARLOS PAZ,5.0,20.0,MINIMALISTA,S.F,OBRA GRIS,LADRILLO,NO LE INTERESA,7094000.0
2024-10-20,Jorge Rodriguez,NO SABE,CARLOS PAZ,84.0,40.5,AMERICANA,W.F,LLAVE EN MANO,PIEDRA NATURAL,POTABLE,17645000.0
2024-07-27,Pedro Rodriguez,CONTADO,ALTA GRACIA,22.0,44.8,MINIMALISTA,S.F,OBRA GRIS,LADRILLO,NO LE INTERESA,15974000.0
2024-12-08,Luis Martinez,PLAN 36-60,CÓRDOBA CAPITAL,43.0,58.0,AMERICANA,W.F,OBRA GRIS,LADRILLO,NO LE INTERESA,18642000.0
2024-03-28,Luis Rodriguez,PLAN 36-60,LA PLATA,5.0,94.3,MINIMALISTA,S.F,OBRA GRIS,PIEDRA NATURAL,NO LE INTERESA,33696000.0
2026-02-14,Diego Gonzalez,FINANCIACION PROPIA,MENDIOLAZA,10.0,42.7,CABAÑA,W.F,LLAVE EN MANO,MADERA,NO LE INTERESA,19910000.0
2025-01-24,Lucia Romero,PLAN 36-60,CARLOS PAZ,110.0,34.5,MINIMALISTA,S.F,OBRA GRIS,MADERA,NO LE INTERESA,11676000.0
2024-11-20,Juan Perez,CONTADO,ALTA GRACIA,47.0,40.7,AMERICANA,W.F,OBRA GRIS,MADERA,POTABLE,13371000.0
2024-06-05,Juan Lopez,PLAN 36-60,MENDIOLAZA,150.0,58.1,MINIMALISTA,W.F,OBRA GRIS,PIEDRA NATURAL,POTABLE,18185000.0
2025-10-29,Juan Garcia,PLAN 36-60,ALTA GRACIA,334.0,66.8,AMERICANA,E.E,LLAVE EN MANO,PIEDRA NATURAL,NO LE INTERESA,26363000.0
2025-10-12,Elena Romero,NO SABE,CARLOS PAZ,23.0,69.6,CABAÑA,S.F,LLAVE EN MANO,PIEDRA NATURAL,POTABLE,32475000.0
2025-09-24,Juan Garcia,CONTADO,SANTIAGO DEL ESTERO,18.0,71.6,AMERICANA,E.E,OBRA GRIS,LADRILLO,POTABLE,19731000.0
2025-07-30,Maria Garcia,CONTADO,LA PLATA,98.0,74.4,CABAÑA,S.F,LLAVE EN MANO,MADERA,POTABLE,35393000.0
2025-09-10,Diego Garcia,FINANCIACION PROPIA,CARLOS PAZ,329.0,49.4,CABAÑA,E.E,LLAVE EN MANO,PIEDRA NATURAL,POTABLE,19970000.0
2025-10-20,Pedro Garcia,FINANCIACION PROPIA,MENDIOLAZA,50.0,96.1,AMERICANA,W.F,LLAVE EN MANO,PIEDRA NATURAL,NO LE INTERESA,43450000.0
2024-05-16,Juan Lopez,FINANCIACION PROPIA,ALTA GRACIA,79.0,47.9,CABAÑA,E.E,LLAVE EN MANO,MADERA,NO LE INTERESA,19449000.0
2025-11-04,Elena Perez,PLAN 36-60,SANTIAGO DEL ESTERO,76.0,57.2,AMERICANA,W.F,OBRA GRIS,MADERA,NO LE INTERESA,18792000.0
2025-03-03,Diego Garcia,PLAN 36-60,BUENOS AIRES,22.0,80.9,MINIMALISTA,S.F,OBRA GRIS,LADRILLO,POTABLE,28956000.0
2025-03-27,Carla Gonzalez,PLAN 36-60,CARLOS PAZ,43.0,66.3,CABAÑA,W.F,OBRA GRIS,MADERA,POTABLE,20540000.0
2025-09-03,Maria Rodriguez,CONTADO,LA PLATA,90.0,20.0,MINIMALISTA,E.E,OBRA GRIS,PIEDRA NATURAL,NO LE INTERESA,5464000.0
2024-05-20,Lucia Sanchez,PLAN 36-60,SANTIAGO DEL ESTERO,58.0,,MINIMALISTA,S.F,LLAVE EN MANO,LADRILLO,VENDIDO,28358000.0
2024-03-23,Juan Romero,CONTADO,MENDIOLAZA,5.0,72.2,AMERICANA,E.E,OBRA GRIS,MADERA,VENDIDO,20076000.0
2024-06-25,Elena Lopez,CONTADO,ALTA GRACIA,21.0,28.1,AMERICANA,W.F,LLAVE EN MANO,LADRILLO,NO LE INTERESA,12566000.0
2024-07-16,Diego Sanchez,NO SABE,CÓRDOBA CAPITAL,8.0,70.0,CABAÑA,W.F,OBRA GRIS,PIEDRA NATURAL,NO LE INTERESA,21503000.0
2025-09-15,Luis Lopez,CONTADO,BUENOS AIRES,13.0,62.8,AMERICANA,E.E,OBRA GRIS,PIEDRA NATURAL,NO LE INTERESA,16933000.0
2025-07-21,Diego Sanchez,NO SABE,BUENOS AIRES,118.0,78.7,MINIMALISTA,S.F,LLAVE EN MANO,PIEDRA NATURAL,NO LE INTERESA,40446000.0
2025-11-21,Diego Romero,CONTADO,LA PLATA,5.0,41.2,MINIMALISTA,E.E,OBRA GRIS,PIEDRA NATURAL,NO LE INTERESA,11768000.0
2025-02-24,Maria Lopez,CONTADO,SANTIAGO DEL ESTERO,12.0,74.9,MINIMALISTA,W.F,LLAVE EN MANO,LADRILLO,POTABLE,33476000.0
2025-02-04,Pedro Martinez,PLAN 36-60,CARLOS PAZ,19.0,58.2,CABAÑA,S.F,OBRA GRIS,LADRILLO,POTABLE,21224000.0
2025-11-28,Jorge Rodriguez,FINANCIACION PROPIA,CARLOS PAZ,48.0,90.3,AMERICANA,E.E,OBRA GRIS,PIEDRA NATURAL,NO LE INTERESA,25584000.0
2025-04-15,Juan Sanchez,PLAN 36-60,SANTIAGO DEL ESTERO,38.0,110.7,MINIMALISTA,W.F,LLAVE EN MANO,LADRILLO,NO LE INTERESA,51192000.0
2024-08-05,Diego Sanchez,FINANCIACION PROPIA,CARLOS PAZ,12.0,85.8,CABAÑA,S.F,OBRA GRIS,PIEDRA NATURAL,POTABLE,29842000.0
2025-12-29,Ana Gonzalez,CONTADO,BUENOS AIRES,9.0,64.6,AMERICANA,E.E,LLAVE EN MANO,PIEDRA NATURAL,NO LE INTERESA,25163000.0
2025-09-23,Juan Lopez,NO SABE,BUENOS AIRES,14.0,101.4,AMERICANA,S.F,LLAVE EN MANO,MADERA,NO LE INTERESA,47561000.0
2024-06-23,Luis Martinez,CONTADO,BUENOS AIRES,35.0,67.1,MINIMALISTA,W.F,OBRA GRIS,LADRILLO,POTABLE,22165000.0
2024-01-23,Maria Sanchez,FINANCIACION PROPIA,SANTIAGO DEL ESTERO,16.0,36.8,CABAÑA,E.E,OBRA GRIS,MADERA,NO LE INTERESA,9914000.0
2025-12-25,Elena Rodriguez,PLAN 36-60,LA PLATA,147.0,,MINIMALISTA,E.E,LLAVE EN MANO,PIEDRA NATURAL,VENDIDO,22034000.0
2024-08-22,Diego Martinez,FINANCIACION PROPIA,BUENOS AIRES,31.0,70.2,MINIMALISTA,W.F,OBRA GRIS,MADERA,POTABLE,21951000.0
2024-01-13,Elena Gonzalez,PLAN 36-60,CARLOS PAZ,5.0,71.5,CABAÑA,W.F,OBRA GRIS,PIEDRA NATURAL,NO LE INTERESA,22449000.0
2024-04-10,Elena Sanchez,CONTADO,LA PLATA,65.0,32.5,MINIMALISTA,W.F,LLAVE EN MANO,PIEDRA NATURAL,POTABLE,15365000.0
2025-06-19,Carla Garcia,NO SABE,ALTA GRACIA,20.0,33.1,CABAÑA,E.E,LLAVE EN MANO,PIEDRA NATURAL,NO LE INTERESA,12968000.0
